source,target,type
./AGENTS.md,./BACKLOG.md,references
./AGENTS.md,./README.md,references
./AGENTS.md,./cli/main.py,references
./AGENTS.md,./generated_tests/conftest.py,references
./AGENTS.md,./src/code_validator.py,references
./AGENTS.md,./src/file_utils.py,references
./AGENTS.md,./src/gantt_utils.py,references
./AGENTS.md,./src/heatmap_utils.py,references
./AGENTS.md,./src/llm_client.py,references
./AGENTS.md,./src/orchestrator.py,references
./AGENTS.md,./src/page_object_builder.py,references
./AGENTS.md,./src/pipeline_models.py,references
./AGENTS.md,./src/pipeline_report_service.py,references
./AGENTS.md,./src/pipeline_run_service.py,references
./AGENTS.md,./src/pipeline_writer.py,references
./AGENTS.md,./src/placeholder_resolver.py,references
./AGENTS.md,./src/prompt_utils.py,references
./AGENTS.md,./src/run_utils.py,references
./AGENTS.md,./src/scraper.py,references
./AGENTS.md,./src/semantic_candidate_ranker.py,references
./AGENTS.md,./src/skeleton_parser.py,references
./AGENTS.md,./src/spec_analyzer.py,references
./AGENTS.md,./src/stateful_scraper.py,references
./AGENTS.md,./src/test_generator.py,references
./AGENTS.md,./streamlit_app.py,references
./AGENTS.md,./tests/test_evidence_tracker.py,references
./AGENTS.md,./tests/test_gantt_utils.py,references
./AGENTS.md,./tests/test_heatmap_utils.py,references
./AGENTS.md,./tests/test_spec_analyzer.py,references
./AGENTS.md,./tests/test_test_plan.py,references
./BACKLOG.md,./src/evidence_tracker.py,references
./BACKLOG.md,./src/orchestrator.py,references
./BACKLOG.md,./src/prompt_utils.py,references
./BACKLOG.md,./tests/conftest.py,references
./CHANGELOG.md,./src/orchestrator.py,references
./CHANGELOG.md,./src/page_object_builder.py,references
./CHANGELOG.md,./src/pipeline_writer.py,references
./CHANGELOG.md,./src/placeholder_resolver.py,references
./CHANGELOG.md,./src/scraper.py,references
./CHANGELOG.md,./src/skeleton_parser.py,references
./CHANGELOG.md,./src/test_generator.py,references
./CHANGELOG.md,./streamlit_app.py,references
./CONTRIBUTING.md,./cli/main.py,references
./CONTRIBUTING.md,./pyproject.toml,references
./CONTRIBUTING.md,./pytest.ini,references
./CONTRIBUTING.md,./src/llm_client.py,references
./CONTRIBUTING.md,./src/orchestrator.py,references
./CONTRIBUTING.md,./src/test_generator.py,references
./CONTRIBUTING.md,./streamlit_app.py,references
./SECURITY.md,./CONTRIBUTING.md,references
./SECURITY.md,./README.md,references
./action/adapt.py,./action/report.py,import
./action/adapt.py,./src/placeholder_resolver.py,import
./action/adapt.py,./src/scraper.py,import
./action/export_evidence_junit.py,./src/evidence_export.py,import
./action/export_evidence_junit.py,./src/evidence_index.py,import
./action/export_evidence_junit.py,./src/sqlite_persistence.py,import
./action/flow_memory_stats.py,./src/flow_memory.py,import
./cli/evidence_cli.py,./src/evidence_export.py,import
./cli/evidence_cli.py,./src/evidence_index.py,import
./cli/evidence_cli.py,./src/storage.py,import
./cli/main.py,./src/cli/main.py,import
./docs/ARCHITECTURE.md,./cli/main.py,references
./docs/ARCHITECTURE.md,./src/llm_client.py,proximity
./docs/ARCHITECTURE.md,./src/llm_client.py,references
./docs/ARCHITECTURE.md,./src/orchestrator.py,proximity
./docs/ARCHITECTURE.md,./src/orchestrator.py,references
./docs/ARCHITECTURE.md,./src/page_object_builder.py,references
./docs/ARCHITECTURE.md,./src/pipeline_report_service.py,references
./docs/ARCHITECTURE.md,./src/pipeline_writer.py,references
./docs/ARCHITECTURE.md,./src/placeholder_resolver.py,references
./docs/ARCHITECTURE.md,./src/prompt_utils.py,references
./docs/ARCHITECTURE.md,./src/scraper.py,proximity
./docs/ARCHITECTURE.md,./src/scraper.py,references
./docs/ARCHITECTURE.md,./src/skeleton_parser.py,references
./docs/ARCHITECTURE.md,./src/test_generator.py,proximity
./docs/ARCHITECTURE.md,./src/test_generator.py,references
./docs/ARCHITECTURE.md,./streamlit_app.py,references
./docs/DEMO_GUIDE.md,./launch_dev.sh,references
./docs/DEMO_GUIDE.md,./launch_ui.sh,references
./docs/DEMO_GUIDE.md,./src/llm_client.py,proximity
./docs/DEMO_GUIDE.md,./src/orchestrator.py,proximity
./docs/DEMO_GUIDE.md,./src/scraper.py,proximity
./docs/DEMO_GUIDE.md,./src/scraper.py,references
./docs/DEMO_GUIDE.md,./src/test_generator.py,proximity
./docs/DEMO_GUIDE.md,./src/test_generator.py,references
./docs/DEMO_GUIDE.md,./streamlit_app.py,references
./docs/DEMO_GUIDE_PHONE.md,./src/llm_client.py,proximity
./docs/DEMO_GUIDE_PHONE.md,./src/orchestrator.py,proximity
./docs/DEMO_GUIDE_PHONE.md,./src/scraper.py,proximity
./docs/DEMO_GUIDE_PHONE.md,./src/test_generator.py,proximity
./docs/PROJECT_KNOWLEDGE.md,./src/llm_client.py,proximity
./docs/PROJECT_KNOWLEDGE.md,./src/orchestrator.py,proximity
./docs/PROJECT_KNOWLEDGE.md,./src/scraper.py,proximity
./docs/PROJECT_KNOWLEDGE.md,./src/test_generator.py,proximity
./docs/PROMPT_EXAMPLES.md,./src/llm_client.py,proximity
./docs/PROMPT_EXAMPLES.md,./src/orchestrator.py,proximity
./docs/PROMPT_EXAMPLES.md,./src/scraper.py,proximity
./docs/PROMPT_EXAMPLES.md,./src/test_generator.py,proximity
./docs/agents/domain.md,./src/llm_client.py,proximity
./docs/agents/domain.md,./src/orchestrator.py,proximity
./docs/agents/domain.md,./src/scraper.py,proximity
./docs/agents/domain.md,./src/test_generator.py,proximity
./docs/agents/issue-tracker.md,./src/llm_client.py,proximity
./docs/agents/issue-tracker.md,./src/orchestrator.py,proximity
./docs/agents/issue-tracker.md,./src/scraper.py,proximity
./docs/agents/issue-tracker.md,./src/test_generator.py,proximity
./docs/agents/triage-labels.md,./src/llm_client.py,proximity
./docs/agents/triage-labels.md,./src/orchestrator.py,proximity
./docs/agents/triage-labels.md,./src/scraper.py,proximity
./docs/agents/triage-labels.md,./src/test_generator.py,proximity
./docs/analysis/ai042_flow_memory_customer_value.md,./src/llm_client.py,proximity
./docs/analysis/ai042_flow_memory_customer_value.md,./src/orchestrator.py,proximity
./docs/analysis/ai042_flow_memory_customer_value.md,./src/scraper.py,proximity
./docs/analysis/ai042_flow_memory_customer_value.md,./src/test_generator.py,proximity
./docs/analysis/reliability_diagnostic.md,./src/llm_client.py,proximity
./docs/analysis/reliability_diagnostic.md,./src/orchestrator.py,proximity
./docs/analysis/reliability_diagnostic.md,./src/scraper.py,proximity
./docs/analysis/reliability_diagnostic.md,./src/test_generator.py,proximity
./docs/analysis/reliability_fixes.md,./src/llm_client.py,proximity
./docs/analysis/reliability_fixes.md,./src/orchestrator.py,proximity
./docs/analysis/reliability_fixes.md,./src/scraper.py,proximity
./docs/analysis/reliability_fixes.md,./src/test_generator.py,proximity
./docs/archived/FEATURE_SPEC_multi_page_scraping.md,./src/llm_client.py,proximity
./docs/archived/FEATURE_SPEC_multi_page_scraping.md,./src/orchestrator.py,proximity
./docs/archived/FEATURE_SPEC_multi_page_scraping.md,./src/scraper.py,proximity
./docs/archived/FEATURE_SPEC_multi_page_scraping.md,./src/test_generator.py,proximity
./docs/archived/session_02_placeholder_resolver.md,./src/llm_client.py,proximity
./docs/archived/session_02_placeholder_resolver.md,./src/orchestrator.py,proximity
./docs/archived/session_02_placeholder_resolver.md,./src/scraper.py,proximity
./docs/archived/session_02_placeholder_resolver.md,./src/test_generator.py,proximity
./docs/archived/session_03_orchestrator.md,./src/llm_client.py,proximity
./docs/archived/session_03_orchestrator.md,./src/orchestrator.py,proximity
./docs/archived/session_03_orchestrator.md,./src/scraper.py,proximity
./docs/archived/session_03_orchestrator.md,./src/test_generator.py,proximity
./docs/archived/session_04_final_polish.md,./src/llm_client.py,proximity
./docs/archived/session_04_final_polish.md,./src/orchestrator.py,proximity
./docs/archived/session_04_final_polish.md,./src/scraper.py,proximity
./docs/archived/session_04_final_polish.md,./src/test_generator.py,proximity
./docs/archived/session_05_pipeline_rebuild_plan.md,./src/llm_client.py,proximity
./docs/archived/session_05_pipeline_rebuild_plan.md,./src/orchestrator.py,proximity
./docs/archived/session_05_pipeline_rebuild_plan.md,./src/scraper.py,proximity
./docs/archived/session_05_pipeline_rebuild_plan.md,./src/test_generator.py,proximity
./docs/benchmarks/README.md,./src/llm_client.py,proximity
./docs/benchmarks/README.md,./src/orchestrator.py,proximity
./docs/benchmarks/README.md,./src/scraper.py,proximity
./docs/benchmarks/README.md,./src/test_generator.py,proximity
./docs/ci.md,./src/llm_client.py,proximity
./docs/ci.md,./src/orchestrator.py,proximity
./docs/ci.md,./src/scraper.py,proximity
./docs/ci.md,./src/test_generator.py,proximity
./docs/implementation/refactor_audit_2026-05-20.md,./src/llm_client.py,proximity
./docs/implementation/refactor_audit_2026-05-20.md,./src/orchestrator.py,proximity
./docs/implementation/refactor_audit_2026-05-20.md,./src/scraper.py,proximity
./docs/implementation/refactor_audit_2026-05-20.md,./src/test_generator.py,proximity
./docs/plans/AI-035_B036_P3_plan.md,./src/llm_client.py,proximity
./docs/plans/AI-035_B036_P3_plan.md,./src/orchestrator.py,proximity
./docs/plans/AI-035_B036_P3_plan.md,./src/pipeline_models.py,proximity
./docs/plans/AI-035_B036_P3_plan.md,./src/pipeline_report_service.py,proximity
./docs/plans/AI-035_B036_P3_plan.md,./src/pipeline_run_service.py,proximity
./docs/plans/AI-035_B036_P3_plan.md,./src/pipeline_writer.py,proximity
./docs/plans/AI-035_B036_P3_plan.md,./src/scraper.py,proximity
./docs/plans/AI-035_B036_P3_plan.md,./src/test_generator.py,proximity
./docs/plans/RESEARCH_COMPETITIVE_LANDSCAPE.md,./src/llm_client.py,proximity
./docs/plans/RESEARCH_COMPETITIVE_LANDSCAPE.md,./src/orchestrator.py,proximity
./docs/plans/RESEARCH_COMPETITIVE_LANDSCAPE.md,./src/pipeline_models.py,proximity
./docs/plans/RESEARCH_COMPETITIVE_LANDSCAPE.md,./src/pipeline_report_service.py,proximity
./docs/plans/RESEARCH_COMPETITIVE_LANDSCAPE.md,./src/pipeline_run_service.py,proximity
./docs/plans/RESEARCH_COMPETITIVE_LANDSCAPE.md,./src/pipeline_writer.py,proximity
./docs/plans/RESEARCH_COMPETITIVE_LANDSCAPE.md,./src/scraper.py,proximity
./docs/plans/RESEARCH_COMPETITIVE_LANDSCAPE.md,./src/test_generator.py,proximity
./docs/plans/RESEARCH_SAAS_AND_LAUNCH.md,./src/llm_client.py,proximity
./docs/plans/RESEARCH_SAAS_AND_LAUNCH.md,./src/orchestrator.py,proximity
./docs/plans/RESEARCH_SAAS_AND_LAUNCH.md,./src/pipeline_models.py,proximity
./docs/plans/RESEARCH_SAAS_AND_LAUNCH.md,./src/pipeline_report_service.py,proximity
./docs/plans/RESEARCH_SAAS_AND_LAUNCH.md,./src/pipeline_run_service.py,proximity
./docs/plans/RESEARCH_SAAS_AND_LAUNCH.md,./src/pipeline_writer.py,proximity
./docs/plans/RESEARCH_SAAS_AND_LAUNCH.md,./src/scraper.py,proximity
./docs/plans/RESEARCH_SAAS_AND_LAUNCH.md,./src/test_generator.py,proximity
./docs/plans/ROADMAP_ROADTO_PRODUCTION.md,./src/llm_client.py,proximity
./docs/plans/ROADMAP_ROADTO_PRODUCTION.md,./src/orchestrator.py,proximity
./docs/plans/ROADMAP_ROADTO_PRODUCTION.md,./src/pipeline_models.py,proximity
./docs/plans/ROADMAP_ROADTO_PRODUCTION.md,./src/pipeline_report_service.py,proximity
./docs/plans/ROADMAP_ROADTO_PRODUCTION.md,./src/pipeline_run_service.py,proximity
./docs/plans/ROADMAP_ROADTO_PRODUCTION.md,./src/pipeline_writer.py,proximity
./docs/plans/ROADMAP_ROADTO_PRODUCTION.md,./src/scraper.py,proximity
./docs/plans/ROADMAP_ROADTO_PRODUCTION.md,./src/test_generator.py,proximity
./docs/plans/completed/AI-016_plan.md,./src/llm_client.py,proximity
./docs/plans/completed/AI-016_plan.md,./src/orchestrator.py,proximity
./docs/plans/completed/AI-016_plan.md,./src/pipeline_models.py,proximity
./docs/plans/completed/AI-016_plan.md,./src/pipeline_report_service.py,proximity
./docs/plans/completed/AI-016_plan.md,./src/pipeline_run_service.py,proximity
./docs/plans/completed/AI-016_plan.md,./src/pipeline_writer.py,proximity
./docs/plans/completed/AI-016_plan.md,./src/scraper.py,proximity
./docs/plans/completed/AI-016_plan.md,./src/test_generator.py,proximity
./docs/plans/completed/AI-017_plan.md,./src/llm_client.py,proximity
./docs/plans/completed/AI-017_plan.md,./src/orchestrator.py,proximity
./docs/plans/completed/AI-017_plan.md,./src/pipeline_models.py,proximity
./docs/plans/completed/AI-017_plan.md,./src/pipeline_report_service.py,proximity
./docs/plans/completed/AI-017_plan.md,./src/pipeline_run_service.py,proximity
./docs/plans/completed/AI-017_plan.md,./src/pipeline_writer.py,proximity
./docs/plans/completed/AI-017_plan.md,./src/scraper.py,proximity
./docs/plans/completed/AI-017_plan.md,./src/test_generator.py,proximity
./docs/plans/completed/AI-018_plan.md,./src/llm_client.py,proximity
./docs/plans/completed/AI-018_plan.md,./src/orchestrator.py,proximity
./docs/plans/completed/AI-018_plan.md,./src/pipeline_models.py,proximity
./docs/plans/completed/AI-018_plan.md,./src/pipeline_report_service.py,proximity
./docs/plans/completed/AI-018_plan.md,./src/pipeline_run_service.py,proximity
./docs/plans/completed/AI-018_plan.md,./src/pipeline_writer.py,proximity
./docs/plans/completed/AI-018_plan.md,./src/scraper.py,proximity
./docs/plans/completed/AI-018_plan.md,./src/test_generator.py,proximity
./docs/plans/completed/AI-019_plan.md,./src/llm_client.py,proximity
./docs/plans/completed/AI-019_plan.md,./src/orchestrator.py,proximity
./docs/plans/completed/AI-019_plan.md,./src/pipeline_models.py,proximity
./docs/plans/completed/AI-019_plan.md,./src/pipeline_report_service.py,proximity
./docs/plans/completed/AI-019_plan.md,./src/pipeline_run_service.py,proximity
./docs/plans/completed/AI-019_plan.md,./src/pipeline_writer.py,proximity
./docs/plans/completed/AI-019_plan.md,./src/scraper.py,proximity
./docs/plans/completed/AI-019_plan.md,./src/test_generator.py,proximity
./docs/plans/completed/AI-020_plan.md,./src/llm_client.py,proximity
./docs/plans/completed/AI-020_plan.md,./src/orchestrator.py,proximity
./docs/plans/completed/AI-020_plan.md,./src/pipeline_models.py,proximity
./docs/plans/completed/AI-020_plan.md,./src/pipeline_report_service.py,proximity
./docs/plans/completed/AI-020_plan.md,./src/pipeline_run_service.py,proximity
./docs/plans/completed/AI-020_plan.md,./src/pipeline_writer.py,proximity
./docs/plans/completed/AI-020_plan.md,./src/scraper.py,proximity
./docs/plans/completed/AI-020_plan.md,./src/test_generator.py,proximity
./docs/plans/completed/AI-021_plan.md,./src/llm_client.py,proximity
./docs/plans/completed/AI-021_plan.md,./src/orchestrator.py,proximity
./docs/plans/completed/AI-021_plan.md,./src/pipeline_models.py,proximity
./docs/plans/completed/AI-021_plan.md,./src/pipeline_report_service.py,proximity
./docs/plans/completed/AI-021_plan.md,./src/pipeline_run_service.py,proximity
./docs/plans/completed/AI-021_plan.md,./src/pipeline_writer.py,proximity
./docs/plans/completed/AI-021_plan.md,./src/scraper.py,proximity
./docs/plans/completed/AI-021_plan.md,./src/test_generator.py,proximity
./docs/plans/completed/AI-022_plan.md,./src/llm_client.py,proximity
./docs/plans/completed/AI-022_plan.md,./src/orchestrator.py,proximity
./docs/plans/completed/AI-022_plan.md,./src/pipeline_models.py,proximity
./docs/plans/completed/AI-022_plan.md,./src/pipeline_report_service.py,proximity
./docs/plans/completed/AI-022_plan.md,./src/pipeline_run_service.py,proximity
./docs/plans/completed/AI-022_plan.md,./src/pipeline_writer.py,proximity
./docs/plans/completed/AI-022_plan.md,./src/scraper.py,proximity
./docs/plans/completed/AI-022_plan.md,./src/test_generator.py,proximity
./docs/plans/completed/AI009_PHASEB_SESSION1.md,./src/llm_client.py,proximity
./docs/plans/completed/AI009_PHASEB_SESSION1.md,./src/orchestrator.py,proximity
./docs/plans/completed/AI009_PHASEB_SESSION1.md,./src/pipeline_models.py,proximity
./docs/plans/completed/AI009_PHASEB_SESSION1.md,./src/pipeline_report_service.py,proximity
./docs/plans/completed/AI009_PHASEB_SESSION1.md,./src/pipeline_run_service.py,proximity
./docs/plans/completed/AI009_PHASEB_SESSION1.md,./src/pipeline_writer.py,proximity
./docs/plans/completed/AI009_PHASEB_SESSION1.md,./src/scraper.py,proximity
./docs/plans/completed/AI009_PHASEB_SESSION1.md,./src/test_generator.py,proximity
./docs/plans/completed/AI009_PHASEB_SESSION2.md,./src/llm_client.py,proximity
./docs/plans/completed/AI009_PHASEB_SESSION2.md,./src/orchestrator.py,proximity
./docs/plans/completed/AI009_PHASEB_SESSION2.md,./src/pipeline_models.py,proximity
./docs/plans/completed/AI009_PHASEB_SESSION2.md,./src/pipeline_report_service.py,proximity
./docs/plans/completed/AI009_PHASEB_SESSION2.md,./src/pipeline_run_service.py,proximity
./docs/plans/completed/AI009_PHASEB_SESSION2.md,./src/pipeline_writer.py,proximity
./docs/plans/completed/AI009_PHASEB_SESSION2.md,./src/scraper.py,proximity
./docs/plans/completed/AI009_PHASEB_SESSION2.md,./src/test_generator.py,proximity
./docs/plans/completed/AI009_PHASEB_SESSION3.md,./src/llm_client.py,proximity
./docs/plans/completed/AI009_PHASEB_SESSION3.md,./src/orchestrator.py,proximity
./docs/plans/completed/AI009_PHASEB_SESSION3.md,./src/pipeline_models.py,proximity
./docs/plans/completed/AI009_PHASEB_SESSION3.md,./src/pipeline_report_service.py,proximity
./docs/plans/completed/AI009_PHASEB_SESSION3.md,./src/pipeline_run_service.py,proximity
./docs/plans/completed/AI009_PHASEB_SESSION3.md,./src/pipeline_writer.py,proximity
./docs/plans/completed/AI009_PHASEB_SESSION3.md,./src/scraper.py,proximity
./docs/plans/completed/AI009_PHASEB_SESSION3.md,./src/test_generator.py,proximity
./docs/plans/completed/AI009_PHASEB_SESSION4.md,./src/llm_client.py,proximity
./docs/plans/completed/AI009_PHASEB_SESSION4.md,./src/orchestrator.py,proximity
./docs/plans/completed/AI009_PHASEB_SESSION4.md,./src/pipeline_models.py,proximity
./docs/plans/completed/AI009_PHASEB_SESSION4.md,./src/pipeline_report_service.py,proximity
./docs/plans/completed/AI009_PHASEB_SESSION4.md,./src/pipeline_run_service.py,proximity
./docs/plans/completed/AI009_PHASEB_SESSION4.md,./src/pipeline_writer.py,proximity
./docs/plans/completed/AI009_PHASEB_SESSION4.md,./src/scraper.py,proximity
./docs/plans/completed/AI009_PHASEB_SESSION4.md,./src/test_generator.py,proximity
./docs/plans/completed/AI019_section1_audit.md,./src/llm_client.py,proximity
./docs/plans/completed/AI019_section1_audit.md,./src/orchestrator.py,proximity
./docs/plans/completed/AI019_section1_audit.md,./src/pipeline_models.py,proximity
./docs/plans/completed/AI019_section1_audit.md,./src/pipeline_report_service.py,proximity
./docs/plans/completed/AI019_section1_audit.md,./src/pipeline_run_service.py,proximity
./docs/plans/completed/AI019_section1_audit.md,./src/pipeline_writer.py,proximity
./docs/plans/completed/AI019_section1_audit.md,./src/scraper.py,proximity
./docs/plans/completed/AI019_section1_audit.md,./src/test_generator.py,proximity
./docs/plans/completed/AI019_section2_prompts.md,./src/llm_client.py,proximity
./docs/plans/completed/AI019_section2_prompts.md,./src/orchestrator.py,proximity
./docs/plans/completed/AI019_section2_prompts.md,./src/pipeline_models.py,proximity
./docs/plans/completed/AI019_section2_prompts.md,./src/pipeline_report_service.py,proximity
./docs/plans/completed/AI019_section2_prompts.md,./src/pipeline_run_service.py,proximity
./docs/plans/completed/AI019_section2_prompts.md,./src/pipeline_writer.py,proximity
./docs/plans/completed/AI019_section2_prompts.md,./src/scraper.py,proximity
./docs/plans/completed/AI019_section2_prompts.md,./src/test_generator.py,proximity
./docs/plans/completed/AI019_section3_validation.md,./src/llm_client.py,proximity
./docs/plans/completed/AI019_section3_validation.md,./src/orchestrator.py,proximity
./docs/plans/completed/AI019_section3_validation.md,./src/pipeline_models.py,proximity
./docs/plans/completed/AI019_section3_validation.md,./src/pipeline_report_service.py,proximity
./docs/plans/completed/AI019_section3_validation.md,./src/pipeline_run_service.py,proximity
./docs/plans/completed/AI019_section3_validation.md,./src/pipeline_writer.py,proximity
./docs/plans/completed/AI019_section3_validation.md,./src/scraper.py,proximity
./docs/plans/completed/AI019_section3_validation.md,./src/test_generator.py,proximity
./docs/plans/completed/AI027_SESSION1.md,./src/llm_client.py,proximity
./docs/plans/completed/AI027_SESSION1.md,./src/orchestrator.py,proximity
./docs/plans/completed/AI027_SESSION1.md,./src/pipeline_models.py,proximity
./docs/plans/completed/AI027_SESSION1.md,./src/pipeline_report_service.py,proximity
./docs/plans/completed/AI027_SESSION1.md,./src/pipeline_run_service.py,proximity
./docs/plans/completed/AI027_SESSION1.md,./src/pipeline_writer.py,proximity
./docs/plans/completed/AI027_SESSION1.md,./src/scraper.py,proximity
./docs/plans/completed/AI027_SESSION1.md,./src/test_generator.py,proximity
./docs/plans/completed/AI027_SESSION2.md,./src/llm_client.py,proximity
./docs/plans/completed/AI027_SESSION2.md,./src/orchestrator.py,proximity
./docs/plans/completed/AI027_SESSION2.md,./src/pipeline_models.py,proximity
./docs/plans/completed/AI027_SESSION2.md,./src/pipeline_report_service.py,proximity
./docs/plans/completed/AI027_SESSION2.md,./src/pipeline_run_service.py,proximity
./docs/plans/completed/AI027_SESSION2.md,./src/pipeline_writer.py,proximity
./docs/plans/completed/AI027_SESSION2.md,./src/scraper.py,proximity
./docs/plans/completed/AI027_SESSION2.md,./src/test_generator.py,proximity
./docs/plans/completed/AI027_SESSION3.md,./src/llm_client.py,proximity
./docs/plans/completed/AI027_SESSION3.md,./src/orchestrator.py,proximity
./docs/plans/completed/AI027_SESSION3.md,./src/pipeline_models.py,proximity
./docs/plans/completed/AI027_SESSION3.md,./src/pipeline_report_service.py,proximity
./docs/plans/completed/AI027_SESSION3.md,./src/pipeline_run_service.py,proximity
./docs/plans/completed/AI027_SESSION3.md,./src/pipeline_writer.py,proximity
./docs/plans/completed/AI027_SESSION3.md,./src/scraper.py,proximity
./docs/plans/completed/AI027_SESSION3.md,./src/test_generator.py,proximity
./docs/plans/completed/AI027_SESSION4.md,./src/llm_client.py,proximity
./docs/plans/completed/AI027_SESSION4.md,./src/orchestrator.py,proximity
./docs/plans/completed/AI027_SESSION4.md,./src/pipeline_models.py,proximity
./docs/plans/completed/AI027_SESSION4.md,./src/pipeline_report_service.py,proximity
./docs/plans/completed/AI027_SESSION4.md,./src/pipeline_run_service.py,proximity
./docs/plans/completed/AI027_SESSION4.md,./src/pipeline_writer.py,proximity
./docs/plans/completed/AI027_SESSION4.md,./src/scraper.py,proximity
./docs/plans/completed/AI027_SESSION4.md,./src/test_generator.py,proximity
./docs/plans/completed/AI0IS9_section1_audit.md,./src/llm_client.py,proximity
./docs/plans/completed/AI0IS9_section1_audit.md,./src/orchestrator.py,proximity
./docs/plans/completed/AI0IS9_section1_audit.md,./src/pipeline_models.py,proximity
./docs/plans/completed/AI0IS9_section1_audit.md,./src/pipeline_report_service.py,proximity
./docs/plans/completed/AI0IS9_section1_audit.md,./src/pipeline_run_service.py,proximity
./docs/plans/completed/AI0IS9_section1_audit.md,./src/pipeline_writer.py,proximity
./docs/plans/completed/AI0IS9_section1_audit.md,./src/scraper.py,proximity
./docs/plans/completed/AI0IS9_section1_audit.md,./src/test_generator.py,proximity
./docs/plans/completed/CLI_JOURNEY_BUILDER_FIX.md,./src/llm_client.py,proximity
./docs/plans/completed/CLI_JOURNEY_BUILDER_FIX.md,./src/orchestrator.py,proximity
./docs/plans/completed/CLI_JOURNEY_BUILDER_FIX.md,./src/pipeline_models.py,proximity
./docs/plans/completed/CLI_JOURNEY_BUILDER_FIX.md,./src/pipeline_report_service.py,proximity
./docs/plans/completed/CLI_JOURNEY_BUILDER_FIX.md,./src/pipeline_run_service.py,proximity
./docs/plans/completed/CLI_JOURNEY_BUILDER_FIX.md,./src/pipeline_writer.py,proximity
./docs/plans/completed/CLI_JOURNEY_BUILDER_FIX.md,./src/scraper.py,proximity
./docs/plans/completed/CLI_JOURNEY_BUILDER_FIX.md,./src/test_generator.py,proximity
./docs/plans/completed/FEATURE_COMPLETION_CHECKLIST.md,./src/llm_client.py,proximity
./docs/plans/completed/FEATURE_COMPLETION_CHECKLIST.md,./src/orchestrator.py,proximity
./docs/plans/completed/FEATURE_COMPLETION_CHECKLIST.md,./src/pipeline_models.py,proximity
./docs/plans/completed/FEATURE_COMPLETION_CHECKLIST.md,./src/pipeline_report_service.py,proximity
./docs/plans/completed/FEATURE_COMPLETION_CHECKLIST.md,./src/pipeline_run_service.py,proximity
./docs/plans/completed/FEATURE_COMPLETION_CHECKLIST.md,./src/pipeline_writer.py,proximity
./docs/plans/completed/FEATURE_COMPLETION_CHECKLIST.md,./src/scraper.py,proximity
./docs/plans/completed/FEATURE_COMPLETION_CHECKLIST.md,./src/test_generator.py,proximity
./docs/plans/completed/FEATURE_PLAN_enhanced_failure_diagnostics.md,./src/llm_client.py,proximity
./docs/plans/completed/FEATURE_PLAN_enhanced_failure_diagnostics.md,./src/orchestrator.py,proximity
./docs/plans/completed/FEATURE_PLAN_enhanced_failure_diagnostics.md,./src/pipeline_models.py,proximity
./docs/plans/completed/FEATURE_PLAN_enhanced_failure_diagnostics.md,./src/pipeline_report_service.py,proximity
./docs/plans/completed/FEATURE_PLAN_enhanced_failure_diagnostics.md,./src/pipeline_run_service.py,proximity
./docs/plans/completed/FEATURE_PLAN_enhanced_failure_diagnostics.md,./src/pipeline_writer.py,proximity
./docs/plans/completed/FEATURE_PLAN_enhanced_failure_diagnostics.md,./src/scraper.py,proximity
./docs/plans/completed/FEATURE_PLAN_enhanced_failure_diagnostics.md,./src/test_generator.py,proximity
./docs/plans/completed/FEATURE_PLAN_keyword_based_url_resolution.md,./src/llm_client.py,proximity
./docs/plans/completed/FEATURE_PLAN_keyword_based_url_resolution.md,./src/orchestrator.py,proximity
./docs/plans/completed/FEATURE_PLAN_keyword_based_url_resolution.md,./src/pipeline_models.py,proximity
./docs/plans/completed/FEATURE_PLAN_keyword_based_url_resolution.md,./src/pipeline_report_service.py,proximity
./docs/plans/completed/FEATURE_PLAN_keyword_based_url_resolution.md,./src/pipeline_run_service.py,proximity
./docs/plans/completed/FEATURE_PLAN_keyword_based_url_resolution.md,./src/pipeline_writer.py,proximity
./docs/plans/completed/FEATURE_PLAN_keyword_based_url_resolution.md,./src/scraper.py,proximity
./docs/plans/completed/FEATURE_PLAN_keyword_based_url_resolution.md,./src/test_generator.py,proximity
./docs/plans/completed/FEATURE_PLAN_pom_with_evidence_tracker.md,./src/llm_client.py,proximity
./docs/plans/completed/FEATURE_PLAN_pom_with_evidence_tracker.md,./src/orchestrator.py,proximity
./docs/plans/completed/FEATURE_PLAN_pom_with_evidence_tracker.md,./src/pipeline_models.py,proximity
./docs/plans/completed/FEATURE_PLAN_pom_with_evidence_tracker.md,./src/pipeline_report_service.py,proximity
./docs/plans/completed/FEATURE_PLAN_pom_with_evidence_tracker.md,./src/pipeline_run_service.py,proximity
./docs/plans/completed/FEATURE_PLAN_pom_with_evidence_tracker.md,./src/pipeline_writer.py,proximity
./docs/plans/completed/FEATURE_PLAN_pom_with_evidence_tracker.md,./src/scraper.py,proximity
./docs/plans/completed/FEATURE_PLAN_pom_with_evidence_tracker.md,./src/test_generator.py,proximity
./docs/plans/completed/FEATURE_PLAN_test_prerequisite_injection.md,./src/llm_client.py,proximity
./docs/plans/completed/FEATURE_PLAN_test_prerequisite_injection.md,./src/orchestrator.py,proximity
./docs/plans/completed/FEATURE_PLAN_test_prerequisite_injection.md,./src/pipeline_models.py,proximity
./docs/plans/completed/FEATURE_PLAN_test_prerequisite_injection.md,./src/pipeline_report_service.py,proximity
./docs/plans/completed/FEATURE_PLAN_test_prerequisite_injection.md,./src/pipeline_run_service.py,proximity
./docs/plans/completed/FEATURE_PLAN_test_prerequisite_injection.md,./src/pipeline_writer.py,proximity
./docs/plans/completed/FEATURE_PLAN_test_prerequisite_injection.md,./src/scraper.py,proximity
./docs/plans/completed/FEATURE_PLAN_test_prerequisite_injection.md,./src/test_generator.py,proximity
./docs/plans/completed/FRONTEND_TEST_PLAN.md,./src/llm_client.py,proximity
./docs/plans/completed/FRONTEND_TEST_PLAN.md,./src/orchestrator.py,proximity
./docs/plans/completed/FRONTEND_TEST_PLAN.md,./src/pipeline_models.py,proximity
./docs/plans/completed/FRONTEND_TEST_PLAN.md,./src/pipeline_report_service.py,proximity
./docs/plans/completed/FRONTEND_TEST_PLAN.md,./src/pipeline_run_service.py,proximity
./docs/plans/completed/FRONTEND_TEST_PLAN.md,./src/pipeline_writer.py,proximity
./docs/plans/completed/FRONTEND_TEST_PLAN.md,./src/scraper.py,proximity
./docs/plans/completed/FRONTEND_TEST_PLAN.md,./src/test_generator.py,proximity
./docs/plans/completed/PK_CLEANUP_section1_audit.md,./src/llm_client.py,proximity
./docs/plans/completed/PK_CLEANUP_section1_audit.md,./src/orchestrator.py,proximity
./docs/plans/completed/PK_CLEANUP_section1_audit.md,./src/pipeline_models.py,proximity
./docs/plans/completed/PK_CLEANUP_section1_audit.md,./src/pipeline_report_service.py,proximity
./docs/plans/completed/PK_CLEANUP_section1_audit.md,./src/pipeline_run_service.py,proximity
./docs/plans/completed/PK_CLEANUP_section1_audit.md,./src/pipeline_writer.py,proximity
./docs/plans/completed/PK_CLEANUP_section1_audit.md,./src/scraper.py,proximity
./docs/plans/completed/PK_CLEANUP_section1_audit.md,./src/test_generator.py,proximity
./docs/plans/completed/PROJECT_TRAINING_PLAN.md,./src/llm_client.py,proximity
./docs/plans/completed/PROJECT_TRAINING_PLAN.md,./src/orchestrator.py,proximity
./docs/plans/completed/PROJECT_TRAINING_PLAN.md,./src/pipeline_models.py,proximity
./docs/plans/completed/PROJECT_TRAINING_PLAN.md,./src/pipeline_report_service.py,proximity
./docs/plans/completed/PROJECT_TRAINING_PLAN.md,./src/pipeline_run_service.py,proximity
./docs/plans/completed/PROJECT_TRAINING_PLAN.md,./src/pipeline_writer.py,proximity
./docs/plans/completed/PROJECT_TRAINING_PLAN.md,./src/scraper.py,proximity
./docs/plans/completed/PROJECT_TRAINING_PLAN.md,./src/test_generator.py,proximity
./docs/plans/completed/REFACTOR_PLAN_2026-04-26.md,./src/llm_client.py,proximity
./docs/plans/completed/REFACTOR_PLAN_2026-04-26.md,./src/orchestrator.py,proximity
./docs/plans/completed/REFACTOR_PLAN_2026-04-26.md,./src/pipeline_models.py,proximity
./docs/plans/completed/REFACTOR_PLAN_2026-04-26.md,./src/pipeline_report_service.py,proximity
./docs/plans/completed/REFACTOR_PLAN_2026-04-26.md,./src/pipeline_run_service.py,proximity
./docs/plans/completed/REFACTOR_PLAN_2026-04-26.md,./src/pipeline_writer.py,proximity
./docs/plans/completed/REFACTOR_PLAN_2026-04-26.md,./src/scraper.py,proximity
./docs/plans/completed/REFACTOR_PLAN_2026-04-26.md,./src/test_generator.py,proximity
./docs/plans/completed/REFACTOR_PLAN_2026-05-10.md,./src/llm_client.py,proximity
./docs/plans/completed/REFACTOR_PLAN_2026-05-10.md,./src/orchestrator.py,proximity
./docs/plans/completed/REFACTOR_PLAN_2026-05-10.md,./src/pipeline_models.py,proximity
./docs/plans/completed/REFACTOR_PLAN_2026-05-10.md,./src/pipeline_report_service.py,proximity
./docs/plans/completed/REFACTOR_PLAN_2026-05-10.md,./src/pipeline_run_service.py,proximity
./docs/plans/completed/REFACTOR_PLAN_2026-05-10.md,./src/pipeline_writer.py,proximity
./docs/plans/completed/REFACTOR_PLAN_2026-05-10.md,./src/scraper.py,proximity
./docs/plans/completed/REFACTOR_PLAN_2026-05-10.md,./src/test_generator.py,proximity
./docs/plans/completed/RESTRUCTURE_PLAN.md,./src/llm_client.py,proximity
./docs/plans/completed/RESTRUCTURE_PLAN.md,./src/orchestrator.py,proximity
./docs/plans/completed/RESTRUCTURE_PLAN.md,./src/pipeline_models.py,proximity
./docs/plans/completed/RESTRUCTURE_PLAN.md,./src/pipeline_report_service.py,proximity
./docs/plans/completed/RESTRUCTURE_PLAN.md,./src/pipeline_run_service.py,proximity
./docs/plans/completed/RESTRUCTURE_PLAN.md,./src/pipeline_writer.py,proximity
./docs/plans/completed/RESTRUCTURE_PLAN.md,./src/scraper.py,proximity
./docs/plans/completed/RESTRUCTURE_PLAN.md,./src/test_generator.py,proximity
./docs/plans/completed/UAT_FIX_SESSION1.md,./src/llm_client.py,proximity
./docs/plans/completed/UAT_FIX_SESSION1.md,./src/orchestrator.py,proximity
./docs/plans/completed/UAT_FIX_SESSION1.md,./src/pipeline_models.py,proximity
./docs/plans/completed/UAT_FIX_SESSION1.md,./src/pipeline_report_service.py,proximity
./docs/plans/completed/UAT_FIX_SESSION1.md,./src/pipeline_run_service.py,proximity
./docs/plans/completed/UAT_FIX_SESSION1.md,./src/pipeline_writer.py,proximity
./docs/plans/completed/UAT_FIX_SESSION1.md,./src/scraper.py,proximity
./docs/plans/completed/UAT_FIX_SESSION1.md,./src/test_generator.py,proximity
./docs/plans/completed/UAT_FIX_SESSION2.md,./src/llm_client.py,proximity
./docs/plans/completed/UAT_FIX_SESSION2.md,./src/orchestrator.py,proximity
./docs/plans/completed/UAT_FIX_SESSION2.md,./src/pipeline_models.py,proximity
./docs/plans/completed/UAT_FIX_SESSION2.md,./src/pipeline_report_service.py,proximity
./docs/plans/completed/UAT_FIX_SESSION2.md,./src/pipeline_run_service.py,proximity
./docs/plans/completed/UAT_FIX_SESSION2.md,./src/pipeline_writer.py,proximity
./docs/plans/completed/UAT_FIX_SESSION2.md,./src/scraper.py,proximity
./docs/plans/completed/UAT_FIX_SESSION2.md,./src/test_generator.py,proximity
./docs/plans/completed/UAT_FIX_SESSION3.md,./src/llm_client.py,proximity
./docs/plans/completed/UAT_FIX_SESSION3.md,./src/orchestrator.py,proximity
./docs/plans/completed/UAT_FIX_SESSION3.md,./src/pipeline_models.py,proximity
./docs/plans/completed/UAT_FIX_SESSION3.md,./src/pipeline_report_service.py,proximity
./docs/plans/completed/UAT_FIX_SESSION3.md,./src/pipeline_run_service.py,proximity
./docs/plans/completed/UAT_FIX_SESSION3.md,./src/pipeline_writer.py,proximity
./docs/plans/completed/UAT_FIX_SESSION3.md,./src/scraper.py,proximity
./docs/plans/completed/UAT_FIX_SESSION3.md,./src/test_generator.py,proximity
./docs/plans/completed/cline_prompt_delete_page_context_scraper.md,./src/llm_client.py,proximity
./docs/plans/completed/cline_prompt_delete_page_context_scraper.md,./src/orchestrator.py,proximity
./docs/plans/completed/cline_prompt_delete_page_context_scraper.md,./src/pipeline_models.py,proximity
./docs/plans/completed/cline_prompt_delete_page_context_scraper.md,./src/pipeline_report_service.py,proximity
./docs/plans/completed/cline_prompt_delete_page_context_scraper.md,./src/pipeline_run_service.py,proximity
./docs/plans/completed/cline_prompt_delete_page_context_scraper.md,./src/pipeline_writer.py,proximity
./docs/plans/completed/cline_prompt_delete_page_context_scraper.md,./src/scraper.py,proximity
./docs/plans/completed/cline_prompt_delete_page_context_scraper.md,./src/test_generator.py,proximity
./docs/plans/completed/cline_prompt_split_orchestrator.md,./src/llm_client.py,proximity
./docs/plans/completed/cline_prompt_split_orchestrator.md,./src/orchestrator.py,proximity
./docs/plans/completed/cline_prompt_split_orchestrator.md,./src/pipeline_models.py,proximity
./docs/plans/completed/cline_prompt_split_orchestrator.md,./src/pipeline_report_service.py,proximity
./docs/plans/completed/cline_prompt_split_orchestrator.md,./src/pipeline_run_service.py,proximity
./docs/plans/completed/cline_prompt_split_orchestrator.md,./src/pipeline_writer.py,proximity
./docs/plans/completed/cline_prompt_split_orchestrator.md,./src/scraper.py,proximity
./docs/plans/completed/cline_prompt_split_orchestrator.md,./src/test_generator.py,proximity
./docs/plans/completed/cline_prompt_split_report_utils.md,./src/llm_client.py,proximity
./docs/plans/completed/cline_prompt_split_report_utils.md,./src/orchestrator.py,proximity
./docs/plans/completed/cline_prompt_split_report_utils.md,./src/pipeline_models.py,proximity
./docs/plans/completed/cline_prompt_split_report_utils.md,./src/pipeline_report_service.py,proximity
./docs/plans/completed/cline_prompt_split_report_utils.md,./src/pipeline_run_service.py,proximity
./docs/plans/completed/cline_prompt_split_report_utils.md,./src/pipeline_writer.py,proximity
./docs/plans/completed/cline_prompt_split_report_utils.md,./src/scraper.py,proximity
./docs/plans/completed/cline_prompt_split_report_utils.md,./src/test_generator.py,proximity
./docs/plans/completed/cline_refactor_cli_over_src.md,./src/llm_client.py,proximity
./docs/plans/completed/cline_refactor_cli_over_src.md,./src/orchestrator.py,proximity
./docs/plans/completed/cline_refactor_cli_over_src.md,./src/pipeline_models.py,proximity
./docs/plans/completed/cline_refactor_cli_over_src.md,./src/pipeline_report_service.py,proximity
./docs/plans/completed/cline_refactor_cli_over_src.md,./src/pipeline_run_service.py,proximity
./docs/plans/completed/cline_refactor_cli_over_src.md,./src/pipeline_writer.py,proximity
./docs/plans/completed/cline_refactor_cli_over_src.md,./src/scraper.py,proximity
./docs/plans/completed/cline_refactor_cli_over_src.md,./src/test_generator.py,proximity
./docs/plans/completed/implementation_plan.md,./src/llm_client.py,proximity
./docs/plans/completed/implementation_plan.md,./src/orchestrator.py,proximity
./docs/plans/completed/implementation_plan.md,./src/pipeline_models.py,proximity
./docs/plans/completed/implementation_plan.md,./src/pipeline_report_service.py,proximity
./docs/plans/completed/implementation_plan.md,./src/pipeline_run_service.py,proximity
./docs/plans/completed/implementation_plan.md,./src/pipeline_writer.py,proximity
./docs/plans/completed/implementation_plan.md,./src/scraper.py,proximity
./docs/plans/completed/implementation_plan.md,./src/test_generator.py,proximity
./docs/plans/completed/test_suite_performance_plan.md,./src/llm_client.py,proximity
./docs/plans/completed/test_suite_performance_plan.md,./src/orchestrator.py,proximity
./docs/plans/completed/test_suite_performance_plan.md,./src/pipeline_models.py,proximity
./docs/plans/completed/test_suite_performance_plan.md,./src/pipeline_report_service.py,proximity
./docs/plans/completed/test_suite_performance_plan.md,./src/pipeline_run_service.py,proximity
./docs/plans/completed/test_suite_performance_plan.md,./src/pipeline_writer.py,proximity
./docs/plans/completed/test_suite_performance_plan.md,./src/scraper.py,proximity
./docs/plans/completed/test_suite_performance_plan.md,./src/test_generator.py,proximity
./docs/private/GTM_STRATEGY.md,./src/llm_client.py,proximity
./docs/private/GTM_STRATEGY.md,./src/orchestrator.py,proximity
./docs/private/GTM_STRATEGY.md,./src/scraper.py,proximity
./docs/private/GTM_STRATEGY.md,./src/test_generator.py,proximity
./docs/private/ROADMAP.md,./src/llm_client.py,proximity
./docs/private/ROADMAP.md,./src/orchestrator.py,proximity
./docs/private/ROADMAP.md,./src/scraper.py,proximity
./docs/private/ROADMAP.md,./src/test_generator.py,proximity
./docs/rag_corpus/lv_docs/certificate_redacted.md,./src/llm_client.py,proximity
./docs/rag_corpus/lv_docs/certificate_redacted.md,./src/orchestrator.py,proximity
./docs/rag_corpus/lv_docs/certificate_redacted.md,./src/scraper.py,proximity
./docs/rag_corpus/lv_docs/certificate_redacted.md,./src/test_generator.py,proximity
./docs/rag_corpus/lv_docs/letter_redacted.md,./src/llm_client.py,proximity
./docs/rag_corpus/lv_docs/letter_redacted.md,./src/orchestrator.py,proximity
./docs/rag_corpus/lv_docs/letter_redacted.md,./src/scraper.py,proximity
./docs/rag_corpus/lv_docs/letter_redacted.md,./src/test_generator.py,proximity
./docs/rag_corpus/lv_docs/lv_underwriting_guide.md,./src/llm_client.py,proximity
./docs/rag_corpus/lv_docs/lv_underwriting_guide.md,./src/orchestrator.py,proximity
./docs/rag_corpus/lv_docs/lv_underwriting_guide.md,./src/scraper.py,proximity
./docs/rag_corpus/lv_docs/lv_underwriting_guide.md,./src/test_generator.py,proximity
./docs/rag_corpus/lv_docs/schedule_redacted.md,./src/llm_client.py,proximity
./docs/rag_corpus/lv_docs/schedule_redacted.md,./src/orchestrator.py,proximity
./docs/rag_corpus/lv_docs/schedule_redacted.md,./src/scraper.py,proximity
./docs/rag_corpus/lv_docs/schedule_redacted.md,./src/test_generator.py,proximity
./docs/rag_corpus/playwright/01-locators.md,./src/llm_client.py,proximity
./docs/rag_corpus/playwright/01-locators.md,./src/orchestrator.py,proximity
./docs/rag_corpus/playwright/01-locators.md,./src/scraper.py,proximity
./docs/rag_corpus/playwright/01-locators.md,./src/test_generator.py,proximity
./docs/rag_corpus/playwright/02-assertions.md,./src/llm_client.py,proximity
./docs/rag_corpus/playwright/02-assertions.md,./src/orchestrator.py,proximity
./docs/rag_corpus/playwright/02-assertions.md,./src/scraper.py,proximity
./docs/rag_corpus/playwright/02-assertions.md,./src/test_generator.py,proximity
./docs/rag_corpus/playwright/03-actionability.md,./src/llm_client.py,proximity
./docs/rag_corpus/playwright/03-actionability.md,./src/orchestrator.py,proximity
./docs/rag_corpus/playwright/03-actionability.md,./src/scraper.py,proximity
./docs/rag_corpus/playwright/03-actionability.md,./src/test_generator.py,proximity
./docs/rag_corpus/playwright/04-navigation.md,./src/llm_client.py,proximity
./docs/rag_corpus/playwright/04-navigation.md,./src/orchestrator.py,proximity
./docs/rag_corpus/playwright/04-navigation.md,./src/scraper.py,proximity
./docs/rag_corpus/playwright/04-navigation.md,./src/test_generator.py,proximity
./docs/reference/agents_archive.md,./src/llm_client.py,proximity
./docs/reference/agents_archive.md,./src/orchestrator.py,proximity
./docs/reference/agents_archive.md,./src/scraper.py,proximity
./docs/reference/agents_archive.md,./src/test_generator.py,proximity
./docs/reviews/STATE_OF_NATION_2026-05-17.md,./src/llm_client.py,proximity
./docs/reviews/STATE_OF_NATION_2026-05-17.md,./src/orchestrator.py,proximity
./docs/reviews/STATE_OF_NATION_2026-05-17.md,./src/scraper.py,proximity
./docs/reviews/STATE_OF_NATION_2026-05-17.md,./src/test_generator.py,proximity
./docs/reviews/skip review.md,./src/llm_client.py,proximity
./docs/reviews/skip review.md,./src/orchestrator.py,proximity
./docs/reviews/skip review.md,./src/scraper.py,proximity
./docs/reviews/skip review.md,./src/test_generator.py,proximity
./docs/security/egress-audit.md,./src/llm_client.py,proximity
./docs/security/egress-audit.md,./src/orchestrator.py,proximity
./docs/security/egress-audit.md,./src/scraper.py,proximity
./docs/security/egress-audit.md,./src/test_generator.py,proximity
./docs/sessions/2026-07-27_phase1d_langgraph_validation.md,./src/llm_client.py,proximity
./docs/sessions/2026-07-27_phase1d_langgraph_validation.md,./src/orchestrator.py,proximity
./docs/sessions/2026-07-27_phase1d_langgraph_validation.md,./src/scraper.py,proximity
./docs/sessions/2026-07-27_phase1d_langgraph_validation.md,./src/test_generator.py,proximity
./docs/sessions/2026-07-29_eval_baseline_restoration.md,./src/llm_client.py,proximity
./docs/sessions/2026-07-29_eval_baseline_restoration.md,./src/orchestrator.py,proximity
./docs/sessions/2026-07-29_eval_baseline_restoration.md,./src/scraper.py,proximity
./docs/sessions/2026-07-29_eval_baseline_restoration.md,./src/test_generator.py,proximity
./docs/sessions/2026-07-30_handover.md,./src/llm_client.py,proximity
./docs/sessions/2026-07-30_handover.md,./src/orchestrator.py,proximity
./docs/sessions/2026-07-30_handover.md,./src/scraper.py,proximity
./docs/sessions/2026-07-30_handover.md,./src/test_generator.py,proximity
./docs/sessions/2026-07-30_phase1d_eval_validation.md,./src/llm_client.py,proximity
./docs/sessions/2026-07-30_phase1d_eval_validation.md,./src/orchestrator.py,proximity
./docs/sessions/2026-07-30_phase1d_eval_validation.md,./src/scraper.py,proximity
./docs/sessions/2026-07-30_phase1d_eval_validation.md,./src/test_generator.py,proximity
./docs/sessions/2026-07-30_scraper_fix_and_pipeline_performance.md,./src/llm_client.py,proximity
./docs/sessions/2026-07-30_scraper_fix_and_pipeline_performance.md,./src/orchestrator.py,proximity
./docs/sessions/2026-07-30_scraper_fix_and_pipeline_performance.md,./src/scraper.py,proximity
./docs/sessions/2026-07-30_scraper_fix_and_pipeline_performance.md,./src/test_generator.py,proximity
./docs/sessions/2026-07-31_ai037_phase3_journey_guidance.md,./src/llm_client.py,proximity
./docs/sessions/2026-07-31_ai037_phase3_journey_guidance.md,./src/orchestrator.py,proximity
./docs/sessions/2026-07-31_ai037_phase3_journey_guidance.md,./src/scraper.py,proximity
./docs/sessions/2026-07-31_ai037_phase3_journey_guidance.md,./src/test_generator.py,proximity
./docs/sessions/2026-07-31_ai037_resolver_fixes.md,./src/llm_client.py,proximity
./docs/sessions/2026-07-31_ai037_resolver_fixes.md,./src/orchestrator.py,proximity
./docs/sessions/2026-07-31_ai037_resolver_fixes.md,./src/scraper.py,proximity
./docs/sessions/2026-07-31_ai037_resolver_fixes.md,./src/test_generator.py,proximity
./docs/sessions/2026-07-31_phase1_complete.md,./src/llm_client.py,proximity
./docs/sessions/2026-07-31_phase1_complete.md,./src/orchestrator.py,proximity
./docs/sessions/2026-07-31_phase1_complete.md,./src/scraper.py,proximity
./docs/sessions/2026-07-31_phase1_complete.md,./src/test_generator.py,proximity
./docs/sessions/2026-08-02_cli_walkthrough_and_zero_pass_pipeline_fixes.md,./src/llm_client.py,proximity
./docs/sessions/2026-08-02_cli_walkthrough_and_zero_pass_pipeline_fixes.md,./src/orchestrator.py,proximity
./docs/sessions/2026-08-02_cli_walkthrough_and_zero_pass_pipeline_fixes.md,./src/scraper.py,proximity
./docs/sessions/2026-08-02_cli_walkthrough_and_zero_pass_pipeline_fixes.md,./src/test_generator.py,proximity
./docs/sessions/2026-08-02_semantic_layer_and_cli_quality.md,./src/llm_client.py,proximity
./docs/sessions/2026-08-02_semantic_layer_and_cli_quality.md,./src/orchestrator.py,proximity
./docs/sessions/2026-08-02_semantic_layer_and_cli_quality.md,./src/scraper.py,proximity
./docs/sessions/2026-08-02_semantic_layer_and_cli_quality.md,./src/test_generator.py,proximity
./docs/sessions/2026-08-03_cli_review_and_fix_batch1.md,./src/llm_client.py,proximity
./docs/sessions/2026-08-03_cli_review_and_fix_batch1.md,./src/orchestrator.py,proximity
./docs/sessions/2026-08-03_cli_review_and_fix_batch1.md,./src/scraper.py,proximity
./docs/sessions/2026-08-03_cli_review_and_fix_batch1.md,./src/test_generator.py,proximity
./docs/sessions/2026-08-03_export_gate_and_broken_exports.md,./src/llm_client.py,proximity
./docs/sessions/2026-08-03_export_gate_and_broken_exports.md,./src/orchestrator.py,proximity
./docs/sessions/2026-08-03_export_gate_and_broken_exports.md,./src/scraper.py,proximity
./docs/sessions/2026-08-03_export_gate_and_broken_exports.md,./src/test_generator.py,proximity
./docs/sessions/2026-08-03_saucedemo_checkout_cluster.md,./src/llm_client.py,proximity
./docs/sessions/2026-08-03_saucedemo_checkout_cluster.md,./src/orchestrator.py,proximity
./docs/sessions/2026-08-03_saucedemo_checkout_cluster.md,./src/scraper.py,proximity
./docs/sessions/2026-08-03_saucedemo_checkout_cluster.md,./src/test_generator.py,proximity
./docs/sessions/2026-08-04_consumer_config_and_self_learning_rag.md,./src/llm_client.py,proximity
./docs/sessions/2026-08-04_consumer_config_and_self_learning_rag.md,./src/orchestrator.py,proximity
./docs/sessions/2026-08-04_consumer_config_and_self_learning_rag.md,./src/scraper.py,proximity
./docs/sessions/2026-08-04_consumer_config_and_self_learning_rag.md,./src/test_generator.py,proximity
./docs/sessions/2026-08-09_b047_mockserver_training_data_forensics.md,./src/llm_client.py,proximity
./docs/sessions/2026-08-09_b047_mockserver_training_data_forensics.md,./src/orchestrator.py,proximity
./docs/sessions/2026-08-09_b047_mockserver_training_data_forensics.md,./src/scraper.py,proximity
./docs/sessions/2026-08-09_b047_mockserver_training_data_forensics.md,./src/test_generator.py,proximity
./docs/sessions/2026-08-09_ecommerce_regen_handoff.md,./src/llm_client.py,proximity
./docs/sessions/2026-08-09_ecommerce_regen_handoff.md,./src/orchestrator.py,proximity
./docs/sessions/2026-08-09_ecommerce_regen_handoff.md,./src/scraper.py,proximity
./docs/sessions/2026-08-09_ecommerce_regen_handoff.md,./src/test_generator.py,proximity
./docs/sessions/2026-08-09_unsloth_training_runbook.md,./src/llm_client.py,proximity
./docs/sessions/2026-08-09_unsloth_training_runbook.md,./src/orchestrator.py,proximity
./docs/sessions/2026-08-09_unsloth_training_runbook.md,./src/scraper.py,proximity
./docs/sessions/2026-08-09_unsloth_training_runbook.md,./src/test_generator.py,proximity
./docs/sessions/2026-08-10_strix_halo_27b_qlora_field_guide.md,./src/llm_client.py,proximity
./docs/sessions/2026-08-10_strix_halo_27b_qlora_field_guide.md,./src/orchestrator.py,proximity
./docs/sessions/2026-08-10_strix_halo_27b_qlora_field_guide.md,./src/scraper.py,proximity
./docs/sessions/2026-08-10_strix_halo_27b_qlora_field_guide.md,./src/test_generator.py,proximity
./docs/sessions/2026-08-11_ai043_layer3_heatmap_alignment.md,./src/llm_client.py,proximity
./docs/sessions/2026-08-11_ai043_layer3_heatmap_alignment.md,./src/orchestrator.py,proximity
./docs/sessions/2026-08-11_ai043_layer3_heatmap_alignment.md,./src/scraper.py,proximity
./docs/sessions/2026-08-11_ai043_layer3_heatmap_alignment.md,./src/test_generator.py,proximity
./docs/sessions/2026-08-12_ai042_flow_memory.md,./src/llm_client.py,proximity
./docs/sessions/2026-08-12_ai042_flow_memory.md,./src/orchestrator.py,proximity
./docs/sessions/2026-08-12_ai042_flow_memory.md,./src/scraper.py,proximity
./docs/sessions/2026-08-12_ai042_flow_memory.md,./src/test_generator.py,proximity
./docs/sessions/2026-08-14_phase7_7a_tail_docker_action.md,./src/llm_client.py,proximity
./docs/sessions/2026-08-14_phase7_7a_tail_docker_action.md,./src/orchestrator.py,proximity
./docs/sessions/2026-08-14_phase7_7a_tail_docker_action.md,./src/scraper.py,proximity
./docs/sessions/2026-08-14_phase7_7a_tail_docker_action.md,./src/test_generator.py,proximity
./docs/sessions/2026-08-15_phase7_7b_generate_and_run.md,./src/llm_client.py,proximity
./docs/sessions/2026-08-15_phase7_7b_generate_and_run.md,./src/orchestrator.py,proximity
./docs/sessions/2026-08-15_phase7_7b_generate_and_run.md,./src/scraper.py,proximity
./docs/sessions/2026-08-15_phase7_7b_generate_and_run.md,./src/test_generator.py,proximity
./docs/sessions/2026-08-15_phase7_7c_gitlab_live_gate.md,./src/llm_client.py,proximity
./docs/sessions/2026-08-15_phase7_7c_gitlab_live_gate.md,./src/orchestrator.py,proximity
./docs/sessions/2026-08-15_phase7_7c_gitlab_live_gate.md,./src/scraper.py,proximity
./docs/sessions/2026-08-15_phase7_7c_gitlab_live_gate.md,./src/test_generator.py,proximity
./docs/sessions/2026-08-15_phase7_7c_gitlab_parity.md,./src/llm_client.py,proximity
./docs/sessions/2026-08-15_phase7_7c_gitlab_parity.md,./src/orchestrator.py,proximity
./docs/sessions/2026-08-15_phase7_7c_gitlab_parity.md,./src/scraper.py,proximity
./docs/sessions/2026-08-15_phase7_7c_gitlab_parity.md,./src/test_generator.py,proximity
./docs/sessions/2026-08-15_phase7_7d_learn_true.md,./src/llm_client.py,proximity
./docs/sessions/2026-08-15_phase7_7d_learn_true.md,./src/orchestrator.py,proximity
./docs/sessions/2026-08-15_phase7_7d_learn_true.md,./src/scraper.py,proximity
./docs/sessions/2026-08-15_phase7_7d_learn_true.md,./src/test_generator.py,proximity
./docs/sessions/2026-08-17_commercial_research_readiness_audit.md,./src/llm_client.py,proximity
./docs/sessions/2026-08-17_commercial_research_readiness_audit.md,./src/orchestrator.py,proximity
./docs/sessions/2026-08-17_commercial_research_readiness_audit.md,./src/scraper.py,proximity
./docs/sessions/2026-08-17_commercial_research_readiness_audit.md,./src/test_generator.py,proximity
./docs/sessions/2026-08-17_phase6_spec.md,./src/llm_client.py,proximity
./docs/sessions/2026-08-17_phase6_spec.md,./src/orchestrator.py,proximity
./docs/sessions/2026-08-17_phase6_spec.md,./src/scraper.py,proximity
./docs/sessions/2026-08-17_phase6_spec.md,./src/test_generator.py,proximity
./docs/sessions/2026-08-18_llm_model_ab_investigation.md,./src/llm_client.py,proximity
./docs/sessions/2026-08-18_llm_model_ab_investigation.md,./src/orchestrator.py,proximity
./docs/sessions/2026-08-18_llm_model_ab_investigation.md,./src/scraper.py,proximity
./docs/sessions/2026-08-18_llm_model_ab_investigation.md,./src/test_generator.py,proximity
./docs/sessions/2026-08-18_llm_sampling_config_fix.md,./src/llm_client.py,proximity
./docs/sessions/2026-08-18_llm_sampling_config_fix.md,./src/orchestrator.py,proximity
./docs/sessions/2026-08-18_llm_sampling_config_fix.md,./src/scraper.py,proximity
./docs/sessions/2026-08-18_llm_sampling_config_fix.md,./src/test_generator.py,proximity
./docs/sessions/2026-08-19_external_benchmark_and_thinking_on_ab.md,./src/llm_client.py,proximity
./docs/sessions/2026-08-19_external_benchmark_and_thinking_on_ab.md,./src/orchestrator.py,proximity
./docs/sessions/2026-08-19_external_benchmark_and_thinking_on_ab.md,./src/scraper.py,proximity
./docs/sessions/2026-08-19_external_benchmark_and_thinking_on_ab.md,./src/test_generator.py,proximity
./docs/sessions/2026-08-19_thinking_collapse_and_ab.md,./src/llm_client.py,proximity
./docs/sessions/2026-08-19_thinking_collapse_and_ab.md,./src/orchestrator.py,proximity
./docs/sessions/2026-08-19_thinking_collapse_and_ab.md,./src/scraper.py,proximity
./docs/sessions/2026-08-19_thinking_collapse_and_ab.md,./src/test_generator.py,proximity
./docs/sessions/2026-08-20_model_ab_retest_handover.md,./src/llm_client.py,proximity
./docs/sessions/2026-08-20_model_ab_retest_handover.md,./src/orchestrator.py,proximity
./docs/sessions/2026-08-20_model_ab_retest_handover.md,./src/scraper.py,proximity
./docs/sessions/2026-08-20_model_ab_retest_handover.md,./src/test_generator.py,proximity
./docs/sessions/2026-08-21_peer_verification.md,./src/llm_client.py,proximity
./docs/sessions/2026-08-21_peer_verification.md,./src/orchestrator.py,proximity
./docs/sessions/2026-08-21_peer_verification.md,./src/scraper.py,proximity
./docs/sessions/2026-08-21_peer_verification.md,./src/test_generator.py,proximity
./docs/specs/FEATURE_SPEC_AI028_evidence_search.md,./src/llm_client.py,proximity
./docs/specs/FEATURE_SPEC_AI028_evidence_search.md,./src/orchestrator.py,proximity
./docs/specs/FEATURE_SPEC_AI028_evidence_search.md,./src/scraper.py,proximity
./docs/specs/FEATURE_SPEC_AI028_evidence_search.md,./src/test_generator.py,proximity
./docs/specs/FEATURE_SPEC_AI029_workspace_storage.md,./src/llm_client.py,proximity
./docs/specs/FEATURE_SPEC_AI029_workspace_storage.md,./src/orchestrator.py,proximity
./docs/specs/FEATURE_SPEC_AI029_workspace_storage.md,./src/scraper.py,proximity
./docs/specs/FEATURE_SPEC_AI029_workspace_storage.md,./src/test_generator.py,proximity
./docs/specs/FEATURE_SPEC_AI034_test_table_preflight.md,./src/llm_client.py,proximity
./docs/specs/FEATURE_SPEC_AI034_test_table_preflight.md,./src/orchestrator.py,proximity
./docs/specs/FEATURE_SPEC_AI034_test_table_preflight.md,./src/scraper.py,proximity
./docs/specs/FEATURE_SPEC_AI034_test_table_preflight.md,./src/test_generator.py,proximity
./docs/specs/FEATURE_SPEC_AI035_self_learning_rag.md,./src/llm_client.py,proximity
./docs/specs/FEATURE_SPEC_AI035_self_learning_rag.md,./src/orchestrator.py,proximity
./docs/specs/FEATURE_SPEC_AI035_self_learning_rag.md,./src/scraper.py,proximity
./docs/specs/FEATURE_SPEC_AI035_self_learning_rag.md,./src/test_generator.py,proximity
./docs/specs/FEATURE_SPEC_AI036_pom_cache.md,./src/llm_client.py,proximity
./docs/specs/FEATURE_SPEC_AI036_pom_cache.md,./src/orchestrator.py,proximity
./docs/specs/FEATURE_SPEC_AI036_pom_cache.md,./src/scraper.py,proximity
./docs/specs/FEATURE_SPEC_AI036_pom_cache.md,./src/test_generator.py,proximity
./docs/specs/FEATURE_SPEC_AI037_lv_insurance_resolution_gap.md,./src/llm_client.py,proximity
./docs/specs/FEATURE_SPEC_AI037_lv_insurance_resolution_gap.md,./src/orchestrator.py,proximity
./docs/specs/FEATURE_SPEC_AI037_lv_insurance_resolution_gap.md,./src/scraper.py,proximity
./docs/specs/FEATURE_SPEC_AI037_lv_insurance_resolution_gap.md,./src/test_generator.py,proximity
./docs/specs/FEATURE_SPEC_B014_assert_resolution.md,./src/llm_client.py,proximity
./docs/specs/FEATURE_SPEC_B014_assert_resolution.md,./src/orchestrator.py,proximity
./docs/specs/FEATURE_SPEC_B014_assert_resolution.md,./src/scraper.py,proximity
./docs/specs/FEATURE_SPEC_B014_assert_resolution.md,./src/test_generator.py,proximity
./docs/specs/FEATURE_SPEC_B014_step_context_resolution.md,./src/llm_client.py,proximity
./docs/specs/FEATURE_SPEC_B014_step_context_resolution.md,./src/orchestrator.py,proximity
./docs/specs/FEATURE_SPEC_B014_step_context_resolution.md,./src/scraper.py,proximity
./docs/specs/FEATURE_SPEC_B014_step_context_resolution.md,./src/test_generator.py,proximity
./docs/specs/FEATURE_SPEC_B016_assert_role_filtering.md,./src/llm_client.py,proximity
./docs/specs/FEATURE_SPEC_B016_assert_role_filtering.md,./src/orchestrator.py,proximity
./docs/specs/FEATURE_SPEC_B016_assert_role_filtering.md,./src/scraper.py,proximity
./docs/specs/FEATURE_SPEC_B016_assert_role_filtering.md,./src/test_generator.py,proximity
./docs/specs/FEATURE_SPEC_B036_consumer_config.md,./src/llm_client.py,proximity
./docs/specs/FEATURE_SPEC_B036_consumer_config.md,./src/orchestrator.py,proximity
./docs/specs/FEATURE_SPEC_B036_consumer_config.md,./src/scraper.py,proximity
./docs/specs/FEATURE_SPEC_B036_consumer_config.md,./src/test_generator.py,proximity
./docs/specs/FEATURE_SPEC_URL_ASSERT.md,./src/llm_client.py,proximity
./docs/specs/FEATURE_SPEC_URL_ASSERT.md,./src/orchestrator.py,proximity
./docs/specs/FEATURE_SPEC_URL_ASSERT.md,./src/scraper.py,proximity
./docs/specs/FEATURE_SPEC_URL_ASSERT.md,./src/test_generator.py,proximity
./docs/specs/FEATURE_SPEC_phase1_multi_agent.md,./src/llm_client.py,proximity
./docs/specs/FEATURE_SPEC_phase1_multi_agent.md,./src/orchestrator.py,proximity
./docs/specs/FEATURE_SPEC_phase1_multi_agent.md,./src/scraper.py,proximity
./docs/specs/FEATURE_SPEC_phase1_multi_agent.md,./src/test_generator.py,proximity
./docs/specs/FEATURE_SPEC_phase2_self_healing.md,./src/llm_client.py,proximity
./docs/specs/FEATURE_SPEC_phase2_self_healing.md,./src/orchestrator.py,proximity
./docs/specs/FEATURE_SPEC_phase2_self_healing.md,./src/scraper.py,proximity
./docs/specs/FEATURE_SPEC_phase2_self_healing.md,./src/test_generator.py,proximity
./docs/specs/FEATURE_SPEC_phase3_rag.md,./src/llm_client.py,proximity
./docs/specs/FEATURE_SPEC_phase3_rag.md,./src/orchestrator.py,proximity
./docs/specs/FEATURE_SPEC_phase3_rag.md,./src/scraper.py,proximity
./docs/specs/FEATURE_SPEC_phase3_rag.md,./src/test_generator.py,proximity
./docs/specs/FEATURE_SPEC_phase5_evaluation_harness.md,./src/llm_client.py,proximity
./docs/specs/FEATURE_SPEC_phase5_evaluation_harness.md,./src/orchestrator.py,proximity
./docs/specs/FEATURE_SPEC_phase5_evaluation_harness.md,./src/scraper.py,proximity
./docs/specs/FEATURE_SPEC_phase5_evaluation_harness.md,./src/test_generator.py,proximity
./docs/specs/FEATURE_SPEC_phase6_saas.md,./src/llm_client.py,proximity
./docs/specs/FEATURE_SPEC_phase6_saas.md,./src/orchestrator.py,proximity
./docs/specs/FEATURE_SPEC_phase6_saas.md,./src/scraper.py,proximity
./docs/specs/FEATURE_SPEC_phase6_saas.md,./src/test_generator.py,proximity
./docs/specs/FEATURE_SPEC_phase7_ci_cd_integration.md,./src/llm_client.py,proximity
./docs/specs/FEATURE_SPEC_phase7_ci_cd_integration.md,./src/orchestrator.py,proximity
./docs/specs/FEATURE_SPEC_phase7_ci_cd_integration.md,./src/scraper.py,proximity
./docs/specs/FEATURE_SPEC_phase7_ci_cd_integration.md,./src/test_generator.py,proximity
./docs/specs/FEATURE_SPEC_semantic_scraper.md,./src/llm_client.py,proximity
./docs/specs/FEATURE_SPEC_semantic_scraper.md,./src/orchestrator.py,proximity
./docs/specs/FEATURE_SPEC_semantic_scraper.md,./src/scraper.py,proximity
./docs/specs/FEATURE_SPEC_semantic_scraper.md,./src/test_generator.py,proximity
./docs/specs/FEATURE_SPEC_sqlite_persistence.md,./src/llm_client.py,proximity
./docs/specs/FEATURE_SPEC_sqlite_persistence.md,./src/orchestrator.py,proximity
./docs/specs/FEATURE_SPEC_sqlite_persistence.md,./src/scraper.py,proximity
./docs/specs/FEATURE_SPEC_sqlite_persistence.md,./src/test_generator.py,proximity
./docs/specs/completed/FEATURE_SPEC_AI009_phase_b.md,./src/llm_client.py,proximity
./docs/specs/completed/FEATURE_SPEC_AI009_phase_b.md,./src/orchestrator.py,proximity
./docs/specs/completed/FEATURE_SPEC_AI009_phase_b.md,./src/scraper.py,proximity
./docs/specs/completed/FEATURE_SPEC_AI009_phase_b.md,./src/test_generator.py,proximity
./docs/specs/completed/FEATURE_SPEC_AI010_pom_toggle.md,./src/llm_client.py,proximity
./docs/specs/completed/FEATURE_SPEC_AI010_pom_toggle.md,./src/orchestrator.py,proximity
./docs/specs/completed/FEATURE_SPEC_AI010_pom_toggle.md,./src/scraper.py,proximity
./docs/specs/completed/FEATURE_SPEC_AI010_pom_toggle.md,./src/test_generator.py,proximity
./docs/specs/completed/FEATURE_SPEC_AI011_run_history_chart.md,./src/llm_client.py,proximity
./docs/specs/completed/FEATURE_SPEC_AI011_run_history_chart.md,./src/orchestrator.py,proximity
./docs/specs/completed/FEATURE_SPEC_AI011_run_history_chart.md,./src/scraper.py,proximity
./docs/specs/completed/FEATURE_SPEC_AI011_run_history_chart.md,./src/test_generator.py,proximity
./docs/specs/completed/FEATURE_SPEC_AI023_locator_repair.md,./src/llm_client.py,proximity
./docs/specs/completed/FEATURE_SPEC_AI023_locator_repair.md,./src/orchestrator.py,proximity
./docs/specs/completed/FEATURE_SPEC_AI023_locator_repair.md,./src/scraper.py,proximity
./docs/specs/completed/FEATURE_SPEC_AI023_locator_repair.md,./src/test_generator.py,proximity
./docs/specs/completed/FEATURE_SPEC_AI024_accessibility_tree_enrichment.md,./src/llm_client.py,proximity
./docs/specs/completed/FEATURE_SPEC_AI024_accessibility_tree_enrichment.md,./src/orchestrator.py,proximity
./docs/specs/completed/FEATURE_SPEC_AI024_accessibility_tree_enrichment.md,./src/scraper.py,proximity
./docs/specs/completed/FEATURE_SPEC_AI024_accessibility_tree_enrichment.md,./src/test_generator.py,proximity
./docs/specs/completed/FEATURE_SPEC_AI026_persist_generated_tests.md,./src/llm_client.py,proximity
./docs/specs/completed/FEATURE_SPEC_AI026_persist_generated_tests.md,./src/orchestrator.py,proximity
./docs/specs/completed/FEATURE_SPEC_AI026_persist_generated_tests.md,./src/scraper.py,proximity
./docs/specs/completed/FEATURE_SPEC_AI026_persist_generated_tests.md,./src/test_generator.py,proximity
./docs/specs/completed/FEATURE_SPEC_B015_journey_element_selection.md,./src/llm_client.py,proximity
./docs/specs/completed/FEATURE_SPEC_B015_journey_element_selection.md,./src/orchestrator.py,proximity
./docs/specs/completed/FEATURE_SPEC_B015_journey_element_selection.md,./src/scraper.py,proximity
./docs/specs/completed/FEATURE_SPEC_B015_journey_element_selection.md,./src/test_generator.py,proximity
./docs/specs/completed/FEATURE_SPEC_B0XX_scrape_quality_consistency.md,./src/llm_client.py,proximity
./docs/specs/completed/FEATURE_SPEC_B0XX_scrape_quality_consistency.md,./src/orchestrator.py,proximity
./docs/specs/completed/FEATURE_SPEC_B0XX_scrape_quality_consistency.md,./src/scraper.py,proximity
./docs/specs/completed/FEATURE_SPEC_B0XX_scrape_quality_consistency.md,./src/test_generator.py,proximity
./docs/specs/completed/FEATURE_SPEC_intelligent_scraping_pipeline.md,./src/llm_client.py,proximity
./docs/specs/completed/FEATURE_SPEC_intelligent_scraping_pipeline.md,./src/orchestrator.py,proximity
./docs/specs/completed/FEATURE_SPEC_intelligent_scraping_pipeline.md,./src/scraper.py,proximity
./docs/specs/completed/FEATURE_SPEC_intelligent_scraping_pipeline.md,./src/test_generator.py,proximity
./docs/specs/completed/FEATURE_SPEC_journey_scraper_silent_failure.md,./src/llm_client.py,proximity
./docs/specs/completed/FEATURE_SPEC_journey_scraper_silent_failure.md,./src/orchestrator.py,proximity
./docs/specs/completed/FEATURE_SPEC_journey_scraper_silent_failure.md,./src/scraper.py,proximity
./docs/specs/completed/FEATURE_SPEC_journey_scraper_silent_failure.md,./src/test_generator.py,proximity
./docs/specs/completed/FEATURE_SPEC_multi_provider_llm.md,./src/llm_client.py,proximity
./docs/specs/completed/FEATURE_SPEC_multi_provider_llm.md,./src/orchestrator.py,proximity
./docs/specs/completed/FEATURE_SPEC_multi_provider_llm.md,./src/scraper.py,proximity
./docs/specs/completed/FEATURE_SPEC_multi_provider_llm.md,./src/test_generator.py,proximity
./docs/specs/completed/FEATURE_SPEC_page_context_scraper.md,./src/llm_client.py,proximity
./docs/specs/completed/FEATURE_SPEC_page_context_scraper.md,./src/orchestrator.py,proximity
./docs/specs/completed/FEATURE_SPEC_page_context_scraper.md,./src/scraper.py,proximity
./docs/specs/completed/FEATURE_SPEC_page_context_scraper.md,./src/test_generator.py,proximity
./docs/specs/completed/FEATURE_SPEC_remove_pages_needed.md,./src/llm_client.py,proximity
./docs/specs/completed/FEATURE_SPEC_remove_pages_needed.md,./src/orchestrator.py,proximity
./docs/specs/completed/FEATURE_SPEC_remove_pages_needed.md,./src/scraper.py,proximity
./docs/specs/completed/FEATURE_SPEC_remove_pages_needed.md,./src/test_generator.py,proximity
./docs/specs/completed/FEATURE_SPEC_run_results.md,./src/llm_client.py,proximity
./docs/specs/completed/FEATURE_SPEC_run_results.md,./src/orchestrator.py,proximity
./docs/specs/completed/FEATURE_SPEC_run_results.md,./src/scraper.py,proximity
./docs/specs/completed/FEATURE_SPEC_run_results.md,./src/test_generator.py,proximity
./docs/specs/completed/FEATURE_SPEC_visual_element_enrichment.md,./src/llm_client.py,proximity
./docs/specs/completed/FEATURE_SPEC_visual_element_enrichment.md,./src/orchestrator.py,proximity
./docs/specs/completed/FEATURE_SPEC_visual_element_enrichment.md,./src/scraper.py,proximity
./docs/specs/completed/FEATURE_SPEC_visual_element_enrichment.md,./src/test_generator.py,proximity
./docs/walkthrough.md,./src/llm_client.py,proximity
./docs/walkthrough.md,./src/orchestrator.py,proximity
./docs/walkthrough.md,./src/scraper.py,proximity
./docs/walkthrough.md,./src/test_generator.py,proximity
./fixtures/golden_package/pages/cart_page.py,./src/evidence_tracker.py,import
./fixtures/golden_package/pages/home_page.py,./src/evidence_tracker.py,import
./generated_tests/conftest.py,./src/evidence_tracker.py,import
./generated_tests/conftest.py,./src/flow_memory.py,import
./generated_tests/conftest.py,./src/rag_learn.py,import
./generated_tests/test_20260801_120204_as_a_shopper_on_automationexercise_com_i_want_to/pages/cart_page.py,./src/evidence_tracker.py,import
./generated_tests/test_20260801_120204_as_a_shopper_on_automationexercise_com_i_want_to/pages/home_page.py,./src/evidence_tracker.py,import
./generated_tests/test_20260801_120204_as_a_shopper_on_automationexercise_com_i_want_to/pages/login_page.py,./src/evidence_tracker.py,import
./generated_tests/test_20260801_120204_as_a_shopper_on_automationexercise_com_i_want_to/pages/products_page.py,./src/evidence_tracker.py,import
./generated_tests/test_20260801_152242_as_a_shopper_on_automationexercise_com_i_want_to/pages/cart_page.py,./src/evidence_tracker.py,import
./generated_tests/test_20260801_152242_as_a_shopper_on_automationexercise_com_i_want_to/pages/generated_page.py,./src/evidence_tracker.py,import
./generated_tests/test_20260801_152242_as_a_shopper_on_automationexercise_com_i_want_to/pages/home_page.py,./src/evidence_tracker.py,import
./generated_tests/test_20260801_152242_as_a_shopper_on_automationexercise_com_i_want_to/pages/login_page.py,./src/evidence_tracker.py,import
./generated_tests/test_20260801_152242_as_a_shopper_on_automationexercise_com_i_want_to/pages/products_page.py,./src/evidence_tracker.py,import
./generated_tests/test_20260801_165819_as_a_shopper_on_automationexercise_com_i_want_to/pages/cart_page.py,./src/evidence_tracker.py,import
./generated_tests/test_20260801_165819_as_a_shopper_on_automationexercise_com_i_want_to/pages/generated_page.py,./src/evidence_tracker.py,import
./generated_tests/test_20260801_165819_as_a_shopper_on_automationexercise_com_i_want_to/pages/home_page.py,./src/evidence_tracker.py,import
./generated_tests/test_20260801_165819_as_a_shopper_on_automationexercise_com_i_want_to/pages/products_page.py,./src/evidence_tracker.py,import
./generated_tests/test_20260801_193602_as_a_shopper_on_automationexercise_com_i_want_to/pages/cart_page.py,./src/evidence_tracker.py,import
./generated_tests/test_20260801_193602_as_a_shopper_on_automationexercise_com_i_want_to/pages/generated_page.py,./src/evidence_tracker.py,import
./generated_tests/test_20260801_193602_as_a_shopper_on_automationexercise_com_i_want_to/pages/home_page.py,./src/evidence_tracker.py,import
./generated_tests/test_20260801_193602_as_a_shopper_on_automationexercise_com_i_want_to/pages/products_page.py,./src/evidence_tracker.py,import
./generated_tests/test_20260801_204946_as_a_shopper_on_automationexercise_com_i_want_to/pages/cart_page.py,./src/evidence_tracker.py,import
./generated_tests/test_20260801_204946_as_a_shopper_on_automationexercise_com_i_want_to/pages/generated_page.py,./src/evidence_tracker.py,import
./generated_tests/test_20260801_204946_as_a_shopper_on_automationexercise_com_i_want_to/pages/home_page.py,./src/evidence_tracker.py,import
./generated_tests/test_20260801_204946_as_a_shopper_on_automationexercise_com_i_want_to/pages/products_page.py,./src/evidence_tracker.py,import
./generated_tests/test_20260801_211720_as_a_shopper_on_automationexercise_com_i_want_to/pages/generated_page.py,./src/evidence_tracker.py,import
./generated_tests/test_20260801_211720_as_a_shopper_on_automationexercise_com_i_want_to/pages/home_page.py,./src/evidence_tracker.py,import
./generated_tests/test_20260801_211720_as_a_shopper_on_automationexercise_com_i_want_to/pages/products_page.py,./src/evidence_tracker.py,import
./generated_tests/test_20260802_102151_as_a_shopper_i_want_to_view_product_details_on_the/pages/generated_page.py,./src/evidence_tracker.py,import
./generated_tests/test_20260802_102151_as_a_shopper_i_want_to_view_product_details_on_the/pages/home_page.py,./src/evidence_tracker.py,import
./generated_tests/test_20260802_103413_as_a_shopper_i_want_to_view_product_details_on_the/pages/generated_page.py,./src/evidence_tracker.py,import
./generated_tests/test_20260802_103413_as_a_shopper_i_want_to_view_product_details_on_the/pages/home_page.py,./src/evidence_tracker.py,import
./generated_tests/test_20260802_103954_as_a_shopper_i_want_to_view_product_details_on_the/pages/generated_page.py,./src/evidence_tracker.py,import
./generated_tests/test_20260802_103954_as_a_shopper_i_want_to_view_product_details_on_the/pages/home_page.py,./src/evidence_tracker.py,import
./generated_tests/test_20260802_172332_as_a_shopper_i_want_to_view_product_details_on_the/pages/generated_page.py,./src/evidence_tracker.py,import
./generated_tests/test_20260802_172332_as_a_shopper_i_want_to_view_product_details_on_the/pages/home_page.py,./src/evidence_tracker.py,import
./generated_tests/test_20260802_173908_as_a_shopper_i_want_to_view_product_details_on_the/pages/generated_page.py,./src/evidence_tracker.py,import
./generated_tests/test_20260802_173908_as_a_shopper_i_want_to_view_product_details_on_the/pages/home_page.py,./src/evidence_tracker.py,import
./generated_tests/test_20260802_180509_as_a_shopper_i_want_to_view_product_details_on_the/pages/generated_page.py,./src/evidence_tracker.py,import
./generated_tests/test_20260802_180509_as_a_shopper_i_want_to_view_product_details_on_the/pages/home_page.py,./src/evidence_tracker.py,import
./generated_tests/test_20260802_181340_as_a_shopper_i_want_to_view_product_details_on_the/pages/generated_page.py,./src/evidence_tracker.py,import
./generated_tests/test_20260802_181340_as_a_shopper_i_want_to_view_product_details_on_the/pages/home_page.py,./src/evidence_tracker.py,import
./generated_tests/test_20260803_101815_as_a_customer_i_want_to_browse_products_add_them/pages/cart_page.py,./src/evidence_tracker.py,import
./generated_tests/test_20260803_101815_as_a_customer_i_want_to_browse_products_add_them/pages/checkout_page.py,./src/evidence_tracker.py,import
./generated_tests/test_20260803_101815_as_a_customer_i_want_to_browse_products_add_them/pages/generated_page.py,./src/evidence_tracker.py,import
./generated_tests/test_20260803_101815_as_a_customer_i_want_to_browse_products_add_them/pages/home_page.py,./src/evidence_tracker.py,import
./generated_tests/test_20260803_101815_as_a_customer_i_want_to_browse_products_add_them/pages/products_page.py,./src/evidence_tracker.py,import
./generated_tests/test_20260805_095600_as_a_shopper_on_automationexercise_com_i_want_to/pages/cart_page.py,./src/evidence_tracker.py,import
./generated_tests/test_20260805_095600_as_a_shopper_on_automationexercise_com_i_want_to/pages/checkout_page.py,./src/evidence_tracker.py,import
./generated_tests/test_20260805_095600_as_a_shopper_on_automationexercise_com_i_want_to/pages/generated_page.py,./src/evidence_tracker.py,import
./generated_tests/test_20260805_095600_as_a_shopper_on_automationexercise_com_i_want_to/pages/home_page.py,./src/evidence_tracker.py,import
./generated_tests/test_20260805_095600_as_a_shopper_on_automationexercise_com_i_want_to/pages/login_page.py,./src/evidence_tracker.py,import
./generated_tests/test_20260805_095600_as_a_shopper_on_automationexercise_com_i_want_to/pages/products_page.py,./src/evidence_tracker.py,import
./generated_tests/test_20260805_143703_as_a_shopper_on_automationexercise_com_i_want_to/pages/cart_page.py,./src/evidence_tracker.py,import
./generated_tests/test_20260805_143703_as_a_shopper_on_automationexercise_com_i_want_to/pages/checkout_page.py,./src/evidence_tracker.py,import
./generated_tests/test_20260805_143703_as_a_shopper_on_automationexercise_com_i_want_to/pages/generated_page.py,./src/evidence_tracker.py,import
./generated_tests/test_20260805_143703_as_a_shopper_on_automationexercise_com_i_want_to/pages/home_page.py,./src/evidence_tracker.py,import
./generated_tests/test_20260805_143703_as_a_shopper_on_automationexercise_com_i_want_to/pages/login_page.py,./src/evidence_tracker.py,import
./generated_tests/test_20260805_143703_as_a_shopper_on_automationexercise_com_i_want_to/pages/products_page.py,./src/evidence_tracker.py,import
./generated_tests/test_20260805_161801_as_a_shopper_on_automationexercise_com_i_want_to/pages/cart_page.py,./src/evidence_tracker.py,import
./generated_tests/test_20260805_161801_as_a_shopper_on_automationexercise_com_i_want_to/pages/category_page.py,./src/evidence_tracker.py,import
./generated_tests/test_20260805_161801_as_a_shopper_on_automationexercise_com_i_want_to/pages/checkout_page.py,./src/evidence_tracker.py,import
./generated_tests/test_20260805_161801_as_a_shopper_on_automationexercise_com_i_want_to/pages/generated_page.py,./src/evidence_tracker.py,import
./generated_tests/test_20260805_161801_as_a_shopper_on_automationexercise_com_i_want_to/pages/home_page.py,./src/evidence_tracker.py,import
./generated_tests/test_20260805_161801_as_a_shopper_on_automationexercise_com_i_want_to/pages/products_page.py,./src/evidence_tracker.py,import
./generated_tests/test_20260805_181339_as_a_shopper_on_automationexercise_com_i_want_to/pages/cart_page.py,./src/evidence_tracker.py,import
./generated_tests/test_20260805_181339_as_a_shopper_on_automationexercise_com_i_want_to/pages/checkout_page.py,./src/evidence_tracker.py,import
./generated_tests/test_20260805_181339_as_a_shopper_on_automationexercise_com_i_want_to/pages/generated_page.py,./src/evidence_tracker.py,import
./generated_tests/test_20260805_181339_as_a_shopper_on_automationexercise_com_i_want_to/pages/home_page.py,./src/evidence_tracker.py,import
./generated_tests/test_20260805_181339_as_a_shopper_on_automationexercise_com_i_want_to/pages/login_page.py,./src/evidence_tracker.py,import
./generated_tests/test_20260805_181339_as_a_shopper_on_automationexercise_com_i_want_to/pages/products_page.py,./src/evidence_tracker.py,import
./generated_tests/test_20260806_092242_as_a_shopper_on_automationexercise_com_i_want_to/pages/basket_page.py,./src/evidence_tracker.py,import
./generated_tests/test_20260806_092242_as_a_shopper_on_automationexercise_com_i_want_to/pages/cart_page.py,./src/evidence_tracker.py,import
./generated_tests/test_20260806_092242_as_a_shopper_on_automationexercise_com_i_want_to/pages/checkout_page.py,./src/evidence_tracker.py,import
./generated_tests/test_20260806_092242_as_a_shopper_on_automationexercise_com_i_want_to/pages/generated_page.py,./src/evidence_tracker.py,import
./generated_tests/test_20260806_092242_as_a_shopper_on_automationexercise_com_i_want_to/pages/home_page.py,./src/evidence_tracker.py,import
./generated_tests/test_20260806_092242_as_a_shopper_on_automationexercise_com_i_want_to/pages/products_page.py,./src/evidence_tracker.py,import
./generated_tests/test_20260806_101250_as_a_shopper_on_automationexercise_com_i_want_to/pages/cart_page.py,./src/evidence_tracker.py,import
./generated_tests/test_20260806_101250_as_a_shopper_on_automationexercise_com_i_want_to/pages/checkout_page.py,./src/evidence_tracker.py,import
./generated_tests/test_20260806_101250_as_a_shopper_on_automationexercise_com_i_want_to/pages/generated_page.py,./src/evidence_tracker.py,import
./generated_tests/test_20260806_101250_as_a_shopper_on_automationexercise_com_i_want_to/pages/home_page.py,./src/evidence_tracker.py,import
./generated_tests/test_20260806_101250_as_a_shopper_on_automationexercise_com_i_want_to/pages/products_page.py,./src/evidence_tracker.py,import
./generated_tests/test_20260806_142002_as_a_shopper_on_automationexercise_com_i_want_to/pages/cart_page.py,./src/evidence_tracker.py,import
./generated_tests/test_20260806_142002_as_a_shopper_on_automationexercise_com_i_want_to/pages/checkout_page.py,./src/evidence_tracker.py,import
./generated_tests/test_20260806_142002_as_a_shopper_on_automationexercise_com_i_want_to/pages/generated_page.py,./src/evidence_tracker.py,import
./generated_tests/test_20260806_142002_as_a_shopper_on_automationexercise_com_i_want_to/pages/home_page.py,./src/evidence_tracker.py,import
./generated_tests/test_20260806_142002_as_a_shopper_on_automationexercise_com_i_want_to/pages/products_page.py,./src/evidence_tracker.py,import
./generated_tests/verify_automationexercise_20260801_140026/conftest.py,./src/evidence_tracker.py,import
./generated_tests/verify_automationexercise_20260801_140026/pages/cart_page.py,./src/evidence_tracker.py,import
./generated_tests/verify_automationexercise_20260801_140026/pages/generated_page.py,./src/evidence_tracker.py,import
./generated_tests/verify_automationexercise_20260801_140026/pages/home_page.py,./src/evidence_tracker.py,import
./generated_tests/verify_automationexercise_20260801_140026/pages/kookie20kids_page.py,./src/evidence_tracker.py,import
./generated_tests/verify_automationexercise_20260801_140026/pages/products_page.py,./src/evidence_tracker.py,import
./generated_tests/verify_automationexercise_20260801_140701/conftest.py,./src/evidence_tracker.py,import
./generated_tests/verify_automationexercise_20260801_140701/pages/home_page.py,./src/evidence_tracker.py,import
./generated_tests/verify_automationexercise_20260801_140701/pages/products_page.py,./src/evidence_tracker.py,import
./generated_tests/verify_automationexercise_20260801_141437/conftest.py,./src/evidence_tracker.py,import
./generated_tests/verify_automationexercise_20260801_141437/pages/cart_page.py,./src/evidence_tracker.py,import
./generated_tests/verify_automationexercise_20260801_141437/pages/generated_page.py,./src/evidence_tracker.py,import
./generated_tests/verify_automationexercise_20260801_141437/pages/home_page.py,./src/evidence_tracker.py,import
./generated_tests/verify_automationexercise_20260801_141437/pages/kookie20kids_page.py,./src/evidence_tracker.py,import
./generated_tests/verify_automationexercise_20260801_141437/pages/products_page.py,./src/evidence_tracker.py,import
./generated_tests/verify_automationexercise_20260801_142101/conftest.py,./src/evidence_tracker.py,import
./generated_tests/verify_automationexercise_20260801_142101/pages/cart_page.py,./src/evidence_tracker.py,import
./generated_tests/verify_automationexercise_20260801_142101/pages/generated_page.py,./src/evidence_tracker.py,import
./generated_tests/verify_automationexercise_20260801_142101/pages/home_page.py,./src/evidence_tracker.py,import
./generated_tests/verify_automationexercise_20260801_142101/pages/kookie20kids_page.py,./src/evidence_tracker.py,import
./generated_tests/verify_automationexercise_20260801_142101/pages/products_page.py,./src/evidence_tracker.py,import
./generated_tests/verify_automationexercise_20260801_142615/conftest.py,./src/evidence_tracker.py,import
./generated_tests/verify_automationexercise_20260801_142615/pages/cart_page.py,./src/evidence_tracker.py,import
./generated_tests/verify_automationexercise_20260801_142615/pages/home_page.py,./src/evidence_tracker.py,import
./generated_tests/verify_automationexercise_20260801_142615/pages/products_page.py,./src/evidence_tracker.py,import
./generated_tests/verify_automationexercise_20260801_144337/conftest.py,./src/evidence_tracker.py,import
./generated_tests/verify_automationexercise_20260801_144337/pages/cart_page.py,./src/evidence_tracker.py,import
./generated_tests/verify_automationexercise_20260801_144337/pages/generated_page.py,./src/evidence_tracker.py,import
./generated_tests/verify_automationexercise_20260801_144337/pages/home_page.py,./src/evidence_tracker.py,import
./generated_tests/verify_automationexercise_20260801_144337/pages/kookie20kids_page.py,./src/evidence_tracker.py,import
./generated_tests/verify_automationexercise_20260801_144337/pages/products_page.py,./src/evidence_tracker.py,import
./generated_tests/verify_automationexercise_20260801_182143/conftest.py,./src/evidence_tracker.py,import
./generated_tests/verify_automationexercise_20260801_182143/pages/cart_page.py,./src/evidence_tracker.py,import
./generated_tests/verify_automationexercise_20260801_182143/pages/generated_page.py,./src/evidence_tracker.py,import
./generated_tests/verify_automationexercise_20260801_182143/pages/home_page.py,./src/evidence_tracker.py,import
./generated_tests/verify_automationexercise_20260801_182143/pages/kookie20kids_page.py,./src/evidence_tracker.py,import
./generated_tests/verify_automationexercise_20260801_182143/pages/products_page.py,./src/evidence_tracker.py,import
./generated_tests/verify_automationexercise_20260801_183436/conftest.py,./src/evidence_tracker.py,import
./generated_tests/verify_automationexercise_20260801_183436/pages/cart_page.py,./src/evidence_tracker.py,import
./generated_tests/verify_automationexercise_20260801_183436/pages/generated_page.py,./src/evidence_tracker.py,import
./generated_tests/verify_automationexercise_20260801_183436/pages/home_page.py,./src/evidence_tracker.py,import
./generated_tests/verify_automationexercise_20260801_183436/pages/kookie20kids_page.py,./src/evidence_tracker.py,import
./generated_tests/verify_automationexercise_20260801_183436/pages/products_page.py,./src/evidence_tracker.py,import
./generated_tests/verify_automationexercise_20260801_184354/conftest.py,./src/evidence_tracker.py,import
./generated_tests/verify_automationexercise_20260801_184354/pages/cart_page.py,./src/evidence_tracker.py,import
./generated_tests/verify_automationexercise_20260801_184354/pages/generated_page.py,./src/evidence_tracker.py,import
./generated_tests/verify_automationexercise_20260801_184354/pages/home_page.py,./src/evidence_tracker.py,import
./generated_tests/verify_automationexercise_20260801_184354/pages/kookie20kids_page.py,./src/evidence_tracker.py,import
./generated_tests/verify_automationexercise_20260801_184354/pages/products_page.py,./src/evidence_tracker.py,import
./generated_tests/verify_automationexercise_20260801_200200/conftest.py,./src/evidence_tracker.py,import
./generated_tests/verify_automationexercise_20260801_200200/pages/cart_page.py,./src/evidence_tracker.py,import
./generated_tests/verify_automationexercise_20260801_200200/pages/home_page.py,./src/evidence_tracker.py,import
./generated_tests/verify_automationexercise_20260801_200200/pages/kookie20kids_page.py,./src/evidence_tracker.py,import
./generated_tests/verify_automationexercise_20260801_200200/pages/products_page.py,./src/evidence_tracker.py,import
./generated_tests/verify_automationexercise_20260801_212532/conftest.py,./src/evidence_tracker.py,import
./generated_tests/verify_automationexercise_20260801_212532/pages/cart_page.py,./src/evidence_tracker.py,import
./generated_tests/verify_automationexercise_20260801_212532/pages/home_page.py,./src/evidence_tracker.py,import
./generated_tests/verify_automationexercise_20260801_212532/pages/kookie20kids_page.py,./src/evidence_tracker.py,import
./generated_tests/verify_automationexercise_20260801_212532/pages/products_page.py,./src/evidence_tracker.py,import
./generated_tests/verify_automationexercise_20260801_235516/conftest.py,./src/evidence_tracker.py,import
./generated_tests/verify_automationexercise_20260801_235516/pages/cart_page.py,./src/evidence_tracker.py,import
./generated_tests/verify_automationexercise_20260801_235516/pages/generated_page.py,./src/evidence_tracker.py,import
./generated_tests/verify_automationexercise_20260801_235516/pages/home_page.py,./src/evidence_tracker.py,import
./generated_tests/verify_automationexercise_20260801_235516/pages/kookie20kids_page.py,./src/evidence_tracker.py,import
./generated_tests/verify_automationexercise_20260801_235516/pages/products_page.py,./src/evidence_tracker.py,import
./generated_tests/verify_automationexercise_20260802_110847/conftest.py,./src/evidence_tracker.py,import
./generated_tests/verify_automationexercise_20260802_110847/pages/cart_page.py,./src/evidence_tracker.py,import
./generated_tests/verify_automationexercise_20260802_110847/pages/generated_page.py,./src/evidence_tracker.py,import
./generated_tests/verify_automationexercise_20260802_110847/pages/home_page.py,./src/evidence_tracker.py,import
./generated_tests/verify_automationexercise_20260802_110847/pages/kookie20kids_page.py,./src/evidence_tracker.py,import
./generated_tests/verify_automationexercise_20260802_110847/pages/products_page.py,./src/evidence_tracker.py,import
./generated_tests/verify_automationexercise_20260802_111728/conftest.py,./src/evidence_tracker.py,import
./generated_tests/verify_automationexercise_20260802_111728/pages/cart_page.py,./src/evidence_tracker.py,import
./generated_tests/verify_automationexercise_20260802_111728/pages/generated_page.py,./src/evidence_tracker.py,import
./generated_tests/verify_automationexercise_20260802_111728/pages/home_page.py,./src/evidence_tracker.py,import
./generated_tests/verify_automationexercise_20260802_111728/pages/kookie20kids_page.py,./src/evidence_tracker.py,import
./generated_tests/verify_automationexercise_20260802_111728/pages/products_page.py,./src/evidence_tracker.py,import
./generated_tests/verify_automationexercise_20260802_113258/conftest.py,./src/evidence_tracker.py,import
./generated_tests/verify_automationexercise_20260802_113258/pages/cart_page.py,./src/evidence_tracker.py,import
./generated_tests/verify_automationexercise_20260802_113258/pages/generated_page.py,./src/evidence_tracker.py,import
./generated_tests/verify_automationexercise_20260802_113258/pages/home_page.py,./src/evidence_tracker.py,import
./generated_tests/verify_automationexercise_20260802_113258/pages/kookie20kids_page.py,./src/evidence_tracker.py,import
./generated_tests/verify_automationexercise_20260802_113258/pages/products_page.py,./src/evidence_tracker.py,import
./generated_tests/verify_automationexercise_20260802_114521/conftest.py,./src/evidence_tracker.py,import
./generated_tests/verify_automationexercise_20260802_114521/pages/home_page.py,./src/evidence_tracker.py,import
./generated_tests/verify_automationexercise_20260802_114521/pages/products_page.py,./src/evidence_tracker.py,import
./generated_tests/verify_automationexercise_20260802_120603/conftest.py,./src/evidence_tracker.py,import
./generated_tests/verify_automationexercise_20260802_120603/pages/cart_page.py,./src/evidence_tracker.py,import
./generated_tests/verify_automationexercise_20260802_120603/pages/generated_page.py,./src/evidence_tracker.py,import
./generated_tests/verify_automationexercise_20260802_120603/pages/home_page.py,./src/evidence_tracker.py,import
./generated_tests/verify_automationexercise_20260802_120603/pages/kookie20kids_page.py,./src/evidence_tracker.py,import
./generated_tests/verify_automationexercise_20260802_120603/pages/products_page.py,./src/evidence_tracker.py,import
./generated_tests/verify_automationexercise_20260802_140657/conftest.py,./src/evidence_tracker.py,import
./generated_tests/verify_automationexercise_20260802_140657/pages/cart_page.py,./src/evidence_tracker.py,import
./generated_tests/verify_automationexercise_20260802_140657/pages/generated_page.py,./src/evidence_tracker.py,import
./generated_tests/verify_automationexercise_20260802_140657/pages/home_page.py,./src/evidence_tracker.py,import
./generated_tests/verify_automationexercise_20260802_140657/pages/kookie20kids_page.py,./src/evidence_tracker.py,import
./generated_tests/verify_automationexercise_20260802_140657/pages/products_page.py,./src/evidence_tracker.py,import
./generated_tests/verify_automationexercise_20260802_143142/conftest.py,./src/evidence_tracker.py,import
./generated_tests/verify_automationexercise_20260802_143142/pages/cart_page.py,./src/evidence_tracker.py,import
./generated_tests/verify_automationexercise_20260802_143142/pages/generated_page.py,./src/evidence_tracker.py,import
./generated_tests/verify_automationexercise_20260802_143142/pages/home_page.py,./src/evidence_tracker.py,import
./generated_tests/verify_automationexercise_20260802_143142/pages/kookie20kids_page.py,./src/evidence_tracker.py,import
./generated_tests/verify_automationexercise_20260802_143142/pages/products_page.py,./src/evidence_tracker.py,import
./generated_tests/verify_automationexercise_20260802_151305/conftest.py,./src/evidence_tracker.py,import
./generated_tests/verify_automationexercise_20260802_151305/pages/cart_page.py,./src/evidence_tracker.py,import
./generated_tests/verify_automationexercise_20260802_151305/pages/generated_page.py,./src/evidence_tracker.py,import
./generated_tests/verify_automationexercise_20260802_151305/pages/home_page.py,./src/evidence_tracker.py,import
./generated_tests/verify_automationexercise_20260802_151305/pages/kookie20kids_page.py,./src/evidence_tracker.py,import
./generated_tests/verify_automationexercise_20260802_151305/pages/products_page.py,./src/evidence_tracker.py,import
./generated_tests/verify_automationexercise_20260803_023938/conftest.py,./src/evidence_tracker.py,import
./generated_tests/verify_automationexercise_20260803_023938/pages/cart_page.py,./src/evidence_tracker.py,import
./generated_tests/verify_automationexercise_20260803_023938/pages/checkout_page.py,./src/evidence_tracker.py,import
./generated_tests/verify_automationexercise_20260803_023938/pages/generated_page.py,./src/evidence_tracker.py,import
./generated_tests/verify_automationexercise_20260803_023938/pages/home_page.py,./src/evidence_tracker.py,import
./generated_tests/verify_automationexercise_20260803_023938/pages/products_page.py,./src/evidence_tracker.py,import
./generated_tests/verify_automationexercise_20260803_024857/conftest.py,./src/evidence_tracker.py,import
./generated_tests/verify_automationexercise_20260803_024857/pages/cart_page.py,./src/evidence_tracker.py,import
./generated_tests/verify_automationexercise_20260803_024857/pages/checkout_page.py,./src/evidence_tracker.py,import
./generated_tests/verify_automationexercise_20260803_024857/pages/generated_page.py,./src/evidence_tracker.py,import
./generated_tests/verify_automationexercise_20260803_024857/pages/home_page.py,./src/evidence_tracker.py,import
./generated_tests/verify_automationexercise_20260803_024857/pages/products_page.py,./src/evidence_tracker.py,import
./generated_tests/verify_automationexercise_20260803_025938/conftest.py,./src/evidence_tracker.py,import
./generated_tests/verify_automationexercise_20260803_025938/pages/cart_page.py,./src/evidence_tracker.py,import
./generated_tests/verify_automationexercise_20260803_025938/pages/checkout_page.py,./src/evidence_tracker.py,import
./generated_tests/verify_automationexercise_20260803_025938/pages/generated_page.py,./src/evidence_tracker.py,import
./generated_tests/verify_automationexercise_20260803_025938/pages/home_page.py,./src/evidence_tracker.py,import
./generated_tests/verify_automationexercise_20260803_025938/pages/products_page.py,./src/evidence_tracker.py,import
./generated_tests/verify_automationexercise_20260803_031654/conftest.py,./src/evidence_tracker.py,import
./generated_tests/verify_automationexercise_20260803_031654/pages/cart_page.py,./src/evidence_tracker.py,import
./generated_tests/verify_automationexercise_20260803_031654/pages/checkout_page.py,./src/evidence_tracker.py,import
./generated_tests/verify_automationexercise_20260803_031654/pages/generated_page.py,./src/evidence_tracker.py,import
./generated_tests/verify_automationexercise_20260803_031654/pages/home_page.py,./src/evidence_tracker.py,import
./generated_tests/verify_automationexercise_20260803_031654/pages/products_page.py,./src/evidence_tracker.py,import
./generated_tests/verify_automationexercise_20260803_032242/conftest.py,./src/evidence_tracker.py,import
./generated_tests/verify_automationexercise_20260803_032242/pages/cart_page.py,./src/evidence_tracker.py,import
./generated_tests/verify_automationexercise_20260803_032242/pages/generated_page.py,./src/evidence_tracker.py,import
./generated_tests/verify_automationexercise_20260803_032242/pages/home_page.py,./src/evidence_tracker.py,import
./generated_tests/verify_automationexercise_20260803_032242/pages/kookie20kids_page.py,./src/evidence_tracker.py,import
./generated_tests/verify_automationexercise_20260803_032242/pages/products_page.py,./src/evidence_tracker.py,import
./generated_tests/verify_automationexercise_20260803_194811/conftest.py,./src/evidence_tracker.py,import
./generated_tests/verify_automationexercise_20260803_194811/pages/cart_page.py,./src/evidence_tracker.py,import
./generated_tests/verify_automationexercise_20260803_194811/pages/checkout_page.py,./src/evidence_tracker.py,import
./generated_tests/verify_automationexercise_20260803_194811/pages/generated_page.py,./src/evidence_tracker.py,import
./generated_tests/verify_automationexercise_20260803_194811/pages/home_page.py,./src/evidence_tracker.py,import
./generated_tests/verify_automationexercise_20260803_194811/pages/products_page.py,./src/evidence_tracker.py,import
./generated_tests/verify_automationexercise_20260817_125309/conftest.py,./src/evidence_tracker.py,import
./generated_tests/verify_automationexercise_20260817_125309/pages/cart_page.py,./src/evidence_tracker.py,import
./generated_tests/verify_automationexercise_20260817_125309/pages/checkout_page.py,./src/evidence_tracker.py,import
./generated_tests/verify_automationexercise_20260817_125309/pages/generated_page.py,./src/evidence_tracker.py,import
./generated_tests/verify_automationexercise_20260817_125309/pages/home_page.py,./src/evidence_tracker.py,import
./generated_tests/verify_automationexercise_20260817_125309/pages/products_page.py,./src/evidence_tracker.py,import
./generated_tests/verify_automationexercise_20260817_132009/conftest.py,./src/evidence_tracker.py,import
./generated_tests/verify_automationexercise_20260817_132009/pages/cart_page.py,./src/evidence_tracker.py,import
./generated_tests/verify_automationexercise_20260817_132009/pages/checkout_page.py,./src/evidence_tracker.py,import
./generated_tests/verify_automationexercise_20260817_132009/pages/generated_page.py,./src/evidence_tracker.py,import
./generated_tests/verify_automationexercise_20260817_132009/pages/home_page.py,./src/evidence_tracker.py,import
./generated_tests/verify_automationexercise_20260817_132009/pages/products_page.py,./src/evidence_tracker.py,import
./generated_tests/verify_automationexercise_20260820_234849/conftest.py,./src/evidence_tracker.py,import
./generated_tests/verify_automationexercise_20260820_234849/pages/cart_page.py,./src/evidence_tracker.py,import
./generated_tests/verify_automationexercise_20260820_234849/pages/checkout_page.py,./src/evidence_tracker.py,import
./generated_tests/verify_automationexercise_20260820_234849/pages/generated_page.py,./src/evidence_tracker.py,import
./generated_tests/verify_automationexercise_20260820_234849/pages/home_page.py,./src/evidence_tracker.py,import
./generated_tests/verify_automationexercise_20260820_234849/pages/products_page.py,./src/evidence_tracker.py,import
./generated_tests/verify_saucedemo_20260817_124646/conftest.py,./src/evidence_tracker.py,import
./generated_tests/verify_saucedemo_20260817_124646/pages/checkout_complete_page.py,./src/evidence_tracker.py,import
./generated_tests/verify_saucedemo_20260817_124646/pages/checkout_step_two_page.py,./src/evidence_tracker.py,import
./generated_tests/verify_saucedemo_20260817_124646/pages/home_page.py,./src/evidence_tracker.py,import
./generated_tests/verify_saucedemo_20260817_124646/pages/inventory_item_page.py,./src/evidence_tracker.py,import
./generated_tests/verify_saucedemo_20260817_131351/conftest.py,./src/evidence_tracker.py,import
./generated_tests/verify_saucedemo_20260817_131351/pages/checkout_complete_page.py,./src/evidence_tracker.py,import
./generated_tests/verify_saucedemo_20260817_131351/pages/checkout_step_two_page.py,./src/evidence_tracker.py,import
./generated_tests/verify_saucedemo_20260817_131351/pages/home_page.py,./src/evidence_tracker.py,import
./generated_tests/verify_saucedemo_20260820_232859/conftest.py,./src/evidence_tracker.py,import
./generated_tests/verify_saucedemo_20260820_232859/pages/home_page.py,./src/evidence_tracker.py,import
./generated_tests/verify_saucedemo_20260820_234225/conftest.py,./src/evidence_tracker.py,import
./generated_tests/verify_saucedemo_20260820_234225/pages/home_page.py,./src/evidence_tracker.py,import
./scripts/README.md,./scripts/debug/debug_all.py,references
./scripts/README.md,./scripts/debug/debug_pipeline.py,references
./scripts/README.md,./scripts/uat/uat_automationexercise.py,references
./scripts/archive/debug_scripts/analyze_category_page.py,./src/browser_utils.py,import
./scripts/archive/debug_scripts/analyze_category_structure.py,./src/browser_utils.py,import
./scripts/archive/debug_scripts/compare_pom_vs_standard.py,./src/code_postprocessor.py,import
./scripts/archive/debug_scripts/compare_pom_vs_standard.py,./src/llm_client.py,import
./scripts/archive/debug_scripts/compare_pom_vs_standard.py,./src/orchestrator.py,import
./scripts/archive/debug_scripts/compare_pom_vs_standard.py,./src/pipeline_writer.py,import
./scripts/archive/debug_scripts/compare_pom_vs_standard.py,./src/test_generator.py,import
./scripts/archive/debug_scripts/compare_pom_vs_standard.py,./src/user_story_parser.py,import
./scripts/archive/debug_scripts/debug_cli.py,./src/cli/menu_renderer.py,import
./scripts/archive/debug_scripts/debug_compare.py,./src/llm_client.py,import
./scripts/archive/debug_scripts/debug_compare.py,./src/orchestrator.py,import
./scripts/archive/debug_scripts/debug_compare.py,./src/placeholder_resolver.py,import
./scripts/archive/debug_scripts/debug_compare.py,./src/scraper.py,import
./scripts/archive/debug_scripts/debug_compare.py,./src/skeleton_parser.py,import
./scripts/archive/debug_scripts/debug_compare.py,./src/test_generator.py,import
./scripts/archive/debug_scripts/debug_pipeline_runner.py,./src/code_postprocessor.py,import
./scripts/archive/debug_scripts/debug_pipeline_runner.py,./src/llm_client.py,import
./scripts/archive/debug_scripts/debug_pipeline_runner.py,./src/orchestrator.py,import
./scripts/archive/debug_scripts/debug_pipeline_runner.py,./src/pipeline_writer.py,import
./scripts/archive/debug_scripts/debug_pipeline_runner.py,./src/skeleton_parser.py,import
./scripts/archive/debug_scripts/debug_pipeline_runner.py,./src/test_generator.py,import
./scripts/archive/debug_scripts/debug_pipeline_runner.py,./src/user_story_parser.py,import
./scripts/archive/debug_scripts/debug_pom_e2e.py,./src/journey_scraper.py,import
./scripts/archive/debug_scripts/debug_pom_e2e.py,./src/llm_client.py,import
./scripts/archive/debug_scripts/debug_pom_e2e.py,./src/orchestrator.py,import
./scripts/archive/debug_scripts/debug_pom_e2e.py,./src/pipeline_writer.py,import
./scripts/archive/debug_scripts/debug_pom_e2e.py,./src/test_generator.py,import
./scripts/archive/debug_scripts/debug_pom_e2e.py,./src/user_story_parser.py,import
./scripts/archive/debug_scripts/debug_pom_full_workflow.py,./src/journey_scraper.py,import
./scripts/archive/debug_scripts/debug_pom_full_workflow.py,./src/llm_client.py,import
./scripts/archive/debug_scripts/debug_pom_full_workflow.py,./src/orchestrator.py,import
./scripts/archive/debug_scripts/debug_pom_full_workflow.py,./src/pipeline_writer.py,import
./scripts/archive/debug_scripts/debug_pom_full_workflow.py,./src/test_generator.py,import
./scripts/archive/debug_scripts/debug_pom_full_workflow.py,./src/user_story_parser.py,import
./scripts/archive/debug_scripts/debug_pom_mode.py,./src/orchestrator.py,import
./scripts/archive/debug_scripts/debug_pom_mode.py,./src/placeholder_orchestrator.py,import
./scripts/archive/debug_scripts/debug_pom_mode.py,./src/skeleton_parser.py,import
./scripts/archive/debug_scripts/debug_pom_mode.py,./src/test_generator.py,import
./scripts/archive/debug_scripts/debug_pom_mode.py,./src/user_story_parser.py,import
./scripts/archive/debug_scripts/debug_saucedemo_scrape2.py,./src/scraper.py,import
./scripts/archive/debug_scripts/debug_scoring.py,./src/placeholder_resolver.py,import
./scripts/archive/debug_scripts/debug_scoring.py,./src/scraper.py,import
./scripts/archive/debug_scripts/debug_skeleton_variability.py,./src/llm_client.py,import
./scripts/archive/debug_scripts/debug_skeleton_variability.py,./src/pipeline_models.py,import
./scripts/archive/debug_scripts/debug_skeleton_variability.py,./src/prompt_utils.py,import
./scripts/archive/debug_scripts/debug_skeleton_variability.py,./src/skeleton_parser.py,import
./scripts/archive/debug_scripts/prove_fill_issue.py,./src/llm_client.py,import
./scripts/archive/debug_scripts/prove_fill_issue.py,./src/orchestrator.py,import
./scripts/archive/debug_scripts/prove_fill_issue.py,./src/skeleton_parser.py,import
./scripts/archive/debug_scripts/prove_fill_issue.py,./src/test_generator.py,import
./scripts/archive/debug_scripts/replay_saucedemo_checkout.py,./src/journey_models.py,import
./scripts/archive/debug_scripts/replay_saucedemo_checkout.py,./src/placeholder_orchestrator.py,import
./scripts/archive/debug_scripts/replay_saucedemo_checkout.py,./src/url_inference.py,import
./scripts/archive/debug_scripts/test_popup_capture.py,./src/journey_scraper.py,import
./scripts/archive/debug_scripts/test_product_detail_flow.py,./src/journey_scraper.py,import
./scripts/archive/debug_scripts/validate_fixes.py,./src/llm_client.py,import
./scripts/archive/debug_scripts/validate_fixes.py,./src/placeholder_resolver.py,import
./scripts/archive/debug_scripts/validate_fixes.py,./src/scraper.py,import
./scripts/archive/debug_scripts/validate_fixes.py,./src/skeleton_parser.py,import
./scripts/archive/debug_scripts/validate_fixes.py,./src/test_generator.py,import
./scripts/archive/debug_scripts/verify_saucedemo_stateful_scrape.py,./src/journey_models.py,import
./scripts/archive/debug_scripts/verify_saucedemo_stateful_scrape.py,./src/stateful_scraper.py,import
./scripts/archive/debug_scripts/verify_saucedemo_upgrade_data.py,./src/journey_models.py,import
./scripts/archive/debug_scripts/verify_saucedemo_upgrade_data.py,./src/placeholder_orchestrator.py,import
./scripts/ci_action_selftest.py,./action/cache_key.py,import
./scripts/ci_action_selftest.py,./src/flow_memory.py,import
./scripts/ci_action_selftest.py,./src/rag_learn.py,import
./scripts/ci_generate.py,./src/ci_ignore.py,import
./scripts/ci_generate.py,./src/journey_models.py,import
./scripts/ci_generate.py,./src/provider_config.py,import
./scripts/ci_generate.py,./src/storage.py,import
./scripts/ci_generate.py,./src/ui_pipeline.py,import
./scripts/ci_generate.py,./src/url_guard.py,import
./scripts/debug.py,./src/llm_client.py,import
./scripts/debug.py,./src/orchestrator.py,import
./scripts/debug.py,./src/placeholder_resolver.py,import
./scripts/debug.py,./src/scraper.py,import
./scripts/debug.py,./src/skeleton_parser.py,import
./scripts/debug.py,./src/test_generator.py,import
./scripts/debug/debug_pipeline.py,./src/llm_client.py,import
./scripts/debug/debug_pipeline.py,./src/orchestrator.py,import
./scripts/debug/debug_pipeline.py,./src/placeholder_resolver.py,import
./scripts/debug/debug_pipeline.py,./src/scraper.py,import
./scripts/debug/debug_pipeline.py,./src/skeleton_parser.py,import
./scripts/debug/debug_pipeline.py,./src/test_generator.py,import
./scripts/debug/debug_pipeline.py,./tests/resolver_test_helpers.py,import
./scripts/debug/debug_saucedemo_inventory.py,./src/placeholder_resolver.py,import
./scripts/debug/debug_saucedemo_inventory.py,./src/scraper.py,import
./scripts/debug/debug_saucedemo_inventory.py,./tests/resolver_test_helpers.py,import
./scripts/debug/debug_saucedemo_login.py,./src/placeholder_resolver.py,import
./scripts/debug/debug_saucedemo_login.py,./src/scraper.py,import
./scripts/debug/debug_saucedemo_login.py,./tests/resolver_test_helpers.py,import
./scripts/debug_step_through.py,./src/evidence_tracker.py,import
./scripts/eval/captures/automationexercise_code.py,./src/browser_utils.py,import
./scripts/eval/captures/automationexercise_code.py,./src/evidence_tracker.py,import
./scripts/eval/captures/demoqa_code.py,./src/browser_utils.py,import
./scripts/eval/captures/demoqa_code.py,./src/evidence_tracker.py,import
./scripts/eval/captures/lv_insurance_code.py,./src/browser_utils.py,import
./scripts/eval/captures/lv_insurance_code.py,./src/evidence_tracker.py,import
./scripts/eval/captures/saucedemo_code.py,./src/browser_utils.py,import
./scripts/eval/captures/saucedemo_code.py,./src/evidence_tracker.py,import
./scripts/eval/captures/theinternet_code.py,./src/browser_utils.py,import
./scripts/eval/captures/theinternet_code.py,./src/evidence_tracker.py,import
./scripts/eval/captures_linear_final/demoqa_code.py,./src/browser_utils.py,import
./scripts/eval/captures_linear_final/demoqa_code.py,./src/evidence_tracker.py,import
./scripts/eval/captures_linear_final/lv_insurance_code.py,./src/browser_utils.py,import
./scripts/eval/captures_linear_final/lv_insurance_code.py,./src/evidence_tracker.py,import
./scripts/eval/captures_linear_final/saucedemo_code.py,./src/browser_utils.py,import
./scripts/eval/captures_linear_final/saucedemo_code.py,./src/evidence_tracker.py,import
./scripts/eval/captures_linear_final/theinternet_code.py,./src/browser_utils.py,import
./scripts/eval/captures_linear_final/theinternet_code.py,./src/evidence_tracker.py,import
./scripts/eval/captures_linear_regenerated/demoqa_code.py,./src/browser_utils.py,import
./scripts/eval/captures_linear_regenerated/demoqa_code.py,./src/evidence_tracker.py,import
./scripts/eval/captures_linear_regenerated/lv_insurance_code.py,./src/browser_utils.py,import
./scripts/eval/captures_linear_regenerated/lv_insurance_code.py,./src/evidence_tracker.py,import
./scripts/eval/captures_linear_regenerated/saucedemo_code.py,./src/browser_utils.py,import
./scripts/eval/captures_linear_regenerated/saucedemo_code.py,./src/evidence_tracker.py,import
./scripts/eval/captures_linear_regenerated/theinternet_code.py,./src/browser_utils.py,import
./scripts/eval/captures_linear_regenerated/theinternet_code.py,./src/evidence_tracker.py,import
./scripts/eval/eval_model_baseline.py,./src/llm_client.py,import
./scripts/eval/eval_model_baseline.py,./src/prompt_utils.py,import
./scripts/eval/eval_model_baseline.py,./src/skeleton_parser.py,import
./scripts/eval/eval_model_baseline.py,./src/test_generator.py,import
./scripts/eval/eval_resolver.py,./src/element_matcher.py,import
./scripts/eval/eval_resolver.py,./src/flow_memory.py,import
./scripts/eval/eval_resolver.py,./src/journey_models.py,import
./scripts/eval/eval_resolver.py,./src/placeholder_resolver.py,import
./scripts/eval/eval_resolver.py,./src/placeholder_scorers.py,import
./scripts/eval/eval_resolver.py,./src/rag_retriever.py,import
./scripts/eval/eval_resolver.py,./src/rag_store.py,import
./scripts/eval/eval_resolver.py,./src/scraper.py,import
./scripts/eval/eval_resolver.py,./src/stateful_scraper.py,import
./scripts/eval/eval_resolver.py,./src/storage.py,import
./scripts/eval/eval_runner.py,./scripts/mock_server.py,import
./scripts/eval/eval_runner.py,./src/llm_client.py,import
./scripts/eval/eval_runner.py,./src/orchestrator.py,import
./scripts/eval/eval_runner.py,./src/semantic_candidate_ranker.py,import
./scripts/eval/eval_runner.py,./src/test_generator.py,import
./scripts/eval/flow_holdout_eval.py,./src/flow_memory.py,import
./scripts/eval/flow_holdout_eval.py,./src/rag_learn.py,import
./scripts/eval/refresh_lv_capture.py,./scripts/mock_server.py,import
./scripts/eval/refresh_lv_capture.py,./src/journey_scraper.py,import
./scripts/eval/refresh_lv_capture.py,./src/scraper.py,import
./scripts/eval/uat_tstring_prototype.py,./src/llm_client.py,import
./scripts/eval/uat_tstring_prototype.py,./src/orchestrator.py,import
./scripts/eval/uat_tstring_prototype.py,./src/prompt_builder.py,import
./scripts/eval/uat_tstring_prototype.py,./src/prompt_utils.py,import
./scripts/eval/uat_tstring_prototype.py,./src/test_generator.py,import
./scripts/export_gate.py,./src/export_service.py,import
./scripts/export_gate.py,./src/pipeline_models.py,import
./scripts/maintenance/cli_e2e_validation.py,./src/cli/input_parser.py,import
./scripts/maintenance/cli_e2e_validation.py,./src/cli/test_case_orchestrator.py,import
./scripts/rag_ingest.py,./src/pdf_ingest.py,import
./scripts/rag_ingest.py,./src/rag_bundled.py,import
./scripts/rag_ingest.py,./src/rag_store.py,import
./scripts/rag_ingest.py,./src/storage.py,import
./scripts/reliability_test.py,./src/llm_client.py,import
./scripts/reliability_test.py,./src/orchestrator.py,import
./scripts/reliability_test.py,./src/test_generator.py,import
./scripts/rerun_mock_resolve_learn.py,./scripts/synthesize_stories.py,import
./scripts/scrape_lv_mock.py,./src/scraper.py,import
./scripts/smoke.py,./scripts/audit_egress.py,import
./scripts/smoke.py,./src/artifact_validation.py,import
./scripts/smoke.py,./src/gantt_utils.py,import
./scripts/smoke.py,./src/heatmap_utils.py,import
./scripts/smoke.py,./src/orchestrator.py,import
./scripts/smoke.py,./src/page_object_builder.py,import
./scripts/smoke.py,./src/pipeline_models.py,import
./scripts/smoke.py,./src/placeholder_resolver.py,import
./scripts/smoke.py,./src/skeleton_parser.py,import
./scripts/synthesize_stories.py,./scripts/mock_server.py,import
./scripts/synthesize_stories.py,./src/flow_memory.py,import
./scripts/synthesize_stories.py,./src/llm_client.py,import
./scripts/synthesize_stories.py,./src/orchestrator.py,import
./scripts/synthesize_stories.py,./src/prompt_utils.py,import
./scripts/synthesize_stories.py,./src/rag_learn.py,import
./scripts/synthesize_stories.py,./src/skeleton_parser.py,import
./scripts/synthesize_stories.py,./src/test_generator.py,import
./scripts/uat.py,./src/llm_client.py,import
./scripts/uat.py,./src/orchestrator.py,import
./scripts/uat.py,./src/storage.py,import
./scripts/uat.py,./src/test_generator.py,import
./scripts/uat/uat_automationexercise.py,./src/llm_client.py,import
./scripts/uat/uat_automationexercise.py,./src/orchestrator.py,import
./scripts/uat/uat_automationexercise.py,./src/storage.py,import
./scripts/uat/uat_automationexercise.py,./src/test_generator.py,import
./scripts/uat/uat_test_table.py,./src/llm_client.py,import
./scripts/uat/uat_test_table.py,./src/orchestrator.py,import
./scripts/uat/uat_test_table.py,./src/spec_analyzer.py,import
./scripts/uat/uat_test_table.py,./src/test_generator.py,import
./scripts/uat/uat_test_table.py,./src/test_plan.py,import
./scripts/uat/uat_test_table.py,./src/test_table.py,import
./scripts/validate_report_artifacts.py,./src/artifact_validation.py,import
./scripts/validate_report_artifacts.py,./src/gantt_utils.py,import
./scripts/validate_report_artifacts.py,./src/heatmap_alignment.py,import
./scripts/verify_production.py,./src/flow_memory.py,import
./scripts/verify_production.py,./src/journey_models.py,import
./scripts/verify_production.py,./src/llm_client.py,import
./scripts/verify_production.py,./src/orchestrator.py,import
./scripts/verify_production.py,./src/test_generator.py,import
./src/agents/__init__.py,./src/agents/director.py,import
./src/agents/__init__.py,./src/agents/graph.py,import
./src/agents/__init__.py,./src/agents/ingestion.py,import
./src/agents/__init__.py,./src/agents/pipeline_graph.py,import
./src/agents/__init__.py,./src/agents/pipeline_state.py,import
./src/agents/__init__.py,./src/agents/state.py,import
./src/agents/__init__.py,./src/agents/synthesizer.py,import
./src/agents/director.py,./src/agents/pipeline_state.py,import
./src/agents/generator.py,./src/agents/prompt_safety.py,import
./src/agents/generator.py,./src/agents/state.py,import
./src/agents/generator.py,./src/llm_client.py,import
./src/agents/graph.py,./src/agents/generator.py,import
./src/agents/graph.py,./src/agents/planner.py,import
./src/agents/graph.py,./src/agents/state.py,import
./src/agents/graph.py,./src/agents/validator.py,import
./src/agents/ingestion.py,./src/agents/pipeline_state.py,import
./src/agents/ingestion.py,./src/spec_analyzer.py,import
./src/agents/pipeline_graph.py,./src/agents/director.py,import
./src/agents/pipeline_graph.py,./src/agents/ingestion.py,import
./src/agents/pipeline_graph.py,./src/agents/pipeline_state.py,import
./src/agents/pipeline_graph.py,./src/agents/synthesizer.py,import
./src/agents/pipeline_graph.py,./src/ocr_backends.py,import
./src/agents/planner.py,./src/agents/prompt_safety.py,import
./src/agents/planner.py,./src/agents/state.py,import
./src/agents/planner.py,./src/llm_client.py,import
./src/agents/planner.py,./src/prompt_utils.py,import
./src/agents/synthesizer.py,./src/agents/graph.py,import
./src/agents/synthesizer.py,./src/agents/pipeline_state.py,import
./src/agents/synthesizer.py,./src/skeleton_parser.py,import
./src/agents/validator.py,./src/agents/state.py,import
./src/agents/validator.py,./src/skeleton_parser.py,import
./src/agents/validator.py,./src/skeleton_validator.py,import
./src/artifact_validation.py,./src/gantt_utils.py,import
./src/artifact_validation.py,./src/heatmap_utils.py,import
./src/cart_seeding_scraper.py,./src/form_detector.py,import
./src/cart_seeding_scraper.py,./src/journey_models.py,import
./src/cart_seeding_scraper.py,./src/journey_scraper.py,import
./src/cli/config.py,./src/config.py,import
./src/cli/evidence_generator.py,./src/analyzer.py,import
./src/cli/evidence_generator.py,./src/cli/config.py,import
./src/cli/evidence_generator.py,./src/config.py,import
./src/cli/evidence_generator.py,./src/failure_classifier.py,import
./src/cli/evidence_generator.py,./src/pytest_output_parser.py,import
./src/cli/input_parser.py,./src/cli/config.py,import
./src/cli/main.py,./src/journey_scraper.py,import
./src/cli/main.py,./src/llm_client.py,import
./src/cli/main.py,./src/pipeline_artifact_manager.py,import
./src/cli/main.py,./src/provider_config.py,import
./src/cli/main.py,./src/run_result_persistence.py,import
./src/cli/main.py,./src/settings_store.py,import
./src/cli/menu_renderer.py,./src/pipeline_artifact_manager.py,import
./src/cli/menu_renderer.py,./src/provider_config.py,import
./src/cli/menu_renderer.py,./src/secure_config.py,import
./src/cli/menu_renderer.py,./src/storage.py,import
./src/cli/pipeline_runner.py,./src/cli/evidence_generator.py,import
./src/cli/pipeline_runner.py,./src/evidence_loader.py,import
./src/cli/pipeline_runner.py,./src/export_service.py,import
./src/cli/pipeline_runner.py,./src/failure_classifier.py,import
./src/cli/pipeline_runner.py,./src/gantt_utils.py,import
./src/cli/pipeline_runner.py,./src/heatmap_utils.py,import
./src/cli/pipeline_runner.py,./src/locator_repair.py,import
./src/cli/pipeline_runner.py,./src/pipeline_artifact_manager.py,import
./src/cli/pipeline_runner.py,./src/pipeline_models.py,import
./src/cli/pipeline_runner.py,./src/pipeline_report_service.py,import
./src/cli/pipeline_runner.py,./src/pipeline_run_service.py,import
./src/cli/pipeline_runner.py,./src/pytest_output_parser.py,import
./src/cli/pipeline_runner.py,./src/run_result_persistence.py,import
./src/cli/pipeline_runner.py,./src/self_healing.py,import
./src/cli/pipeline_runner.py,./src/spec_analyzer.py,import
./src/cli/pipeline_runner.py,./src/storage.py,import
./src/cli/pipeline_runner.py,./src/test_table.py,import
./src/cli/pipeline_runner.py,./src/ui_pipeline.py,import
./src/cli/report_generator.py,./src/analyzer.py,import
./src/cli/report_generator.py,./src/cli/config.py,import
./src/cli/report_generator.py,./src/config.py,import
./src/cli/run_results_display.py,./src/failure_classifier.py,import
./src/cli/run_results_display.py,./src/pytest_output_parser.py,import
./src/cli/run_results_display.py,./src/run_history_cli.py,import
./src/cli/session.py,./src/file_utils.py,import
./src/cli/session.py,./src/journey_scraper.py,import
./src/cli/session.py,./src/pipeline_artifact_manager.py,import
./src/cli/session.py,./src/provider_config.py,import
./src/cli/session.py,./src/pytest_output_parser.py,import
./src/cli/session.py,./src/run_result_persistence.py,import
./src/cli/session.py,./src/settings_store.py,import
./src/cli/session.py,./src/spec_analyzer.py,import
./src/cli/session.py,./src/test_plan.py,import
./src/cli/session.py,./src/test_table.py,import
./src/cli/test_case_orchestrator.py,./src/analyzer.py,import
./src/cli/test_case_orchestrator.py,./src/cli/config.py,import
./src/cli/test_case_orchestrator.py,./src/cli/input_parser.py,import
./src/cli/test_case_orchestrator.py,./src/config.py,import
./src/cli/test_case_orchestrator.py,./src/llm_client.py,import
./src/cli/test_case_orchestrator.py,./src/orchestrator.py,import
./src/cli/test_case_orchestrator.py,./src/pipeline_writer.py,import
./src/cli/test_case_orchestrator.py,./src/test_generator.py,import
./src/cli/test_case_orchestrator.py,./src/user_story_parser.py,import
./src/cli/testing_terminal.py,./src/cli/terminal_adapter.py,import
./src/element_matcher.py,./src/intent_matcher.py,import
./src/element_matcher.py,./src/llm_client.py,import
./src/element_matcher.py,./src/locator_builder.py,import
./src/element_matcher.py,./src/placeholder_resolver.py,import
./src/element_matcher.py,./src/placeholder_scorers.py,import
./src/element_matcher.py,./src/role_mapper.py,import
./src/element_matcher.py,./src/semantic_candidate_ranker.py,import
./src/element_matcher.py,./src/semantic_matcher.py,import
./src/evidence_export.py,./src/evidence_index.py,import
./src/evidence_index.py,./src/sqlite_persistence.py,import
./src/evidence_index.py,./src/storage.py,import
./src/evidence_report.py,./src/report_builder.py,import
./src/evidence_tracker.py,./src/browser_utils.py,import
./src/evidence_tracker.py,./src/evidence_serializer.py,import
./src/evidence_tracker.py,./src/failure_reporter.py,import
./src/evidence_tracker.py,./src/hover_click_utils.py,import
./src/evidence_tracker.py,./src/locator_fallback.py,import
./src/evidence_tracker.py,./src/storage.py,import
./src/failure_reporter.py,./src/locator_scorer.py,import
./src/file_utils.py,./src/code_validator.py,import
./src/flow_memory.py,./src/rag_learn.py,import
./src/flow_memory.py,./src/storage.py,import
./src/form_login_utils.py,./src/journey_models.py,import
./src/heatmap_alignment.py,./src/artifact_validation.py,import
./src/heatmap_alignment.py,./src/heatmap_utils.py,import
./src/heatmap_utils.py,./src/report_builder.py,import
./src/intent_matcher.py,./src/semantic_matcher.py,import
./src/journey_executor.py,./src/accessibility_enricher.py,import
./src/journey_executor.py,./src/browser_utils.py,import
./src/journey_executor.py,./src/journey_auth_detector.py,import
./src/journey_executor.py,./src/journey_enrichment.py,import
./src/journey_executor.py,./src/journey_models.py,import
./src/journey_executor.py,./src/scraper.py,import
./src/journey_scraper.py,./src/accessibility_enricher.py,import
./src/journey_scraper.py,./src/browser_utils.py,import
./src/journey_scraper.py,./src/form_login_utils.py,import
./src/journey_scraper.py,./src/journey_enrichment.py,import
./src/journey_scraper.py,./src/journey_executor.py,import
./src/journey_scraper.py,./src/journey_models.py,import
./src/journey_scraper.py,./src/journey_subprocess.py,import
./src/journey_scraper.py,./src/locator_builder.py,import
./src/journey_scraper.py,./src/placeholder_resolver.py,import
./src/journey_scraper.py,./src/placeholder_scorers.py,import
./src/journey_scraper.py,./src/scraper.py,import
./src/journey_scraper.py,./src/url_guard.py,import
./src/journey_subprocess.py,./src/journey_models.py,import
./src/journey_subprocess.py,./src/journey_scraper.py,import
./src/locator_fallback.py,./src/locator_scorer.py,import
./src/ocr_backends.py,./src/pdf_ingest.py,import
./src/ocr_backends.py,./src/settings_store.py,import
./src/orchestrator.py,./src/agents/pipeline_graph.py,import
./src/orchestrator.py,./src/agents/pipeline_state.py,import
./src/orchestrator.py,./src/code_postprocessor.py,import
./src/orchestrator.py,./src/flow_memory.py,import
./src/orchestrator.py,./src/journey_scraper.py,import
./src/orchestrator.py,./src/llm_client.py,import
./src/orchestrator.py,./src/page_object_builder.py,import
./src/orchestrator.py,./src/pipeline_models.py,import
./src/orchestrator.py,./src/placeholder_orchestrator.py,import
./src/orchestrator.py,./src/placeholder_resolver.py,import
./src/orchestrator.py,./src/pom_helpers.py,import
./src/orchestrator.py,./src/prerequisite_injector.py,import
./src/orchestrator.py,./src/prompt_builder.py,import
./src/orchestrator.py,./src/prompt_utils.py,import
./src/orchestrator.py,./src/rag_bundled.py,import
./src/orchestrator.py,./src/rag_retriever.py,import
./src/orchestrator.py,./src/rag_store.py,import
./src/orchestrator.py,./src/scraper.py,import
./src/orchestrator.py,./src/semantic_candidate_ranker.py,import
./src/orchestrator.py,./src/skeleton_parser.py,import
./src/orchestrator.py,./src/skeleton_validator.py,import
./src/orchestrator.py,./src/spec_analyzer.py,import
./src/orchestrator.py,./src/storage.py,import
./src/orchestrator.py,./src/test_generator.py,import
./src/orchestrator.py,./src/test_structure_assembler.py,import
./src/orchestrator.py,./src/url_guard.py,import
./src/orchestrator.py,./src/url_utils.py,import
./src/page_object_builder.py,./src/file_utils.py,import
./src/page_object_builder.py,./src/pipeline_models.py,import
./src/pdf_ingest.py,./src/rag_store.py,import
./src/pipeline_artifact_manager.py,./src/run_result_persistence.py,import
./src/pipeline_report_service.py,./src/coverage_utils.py,import
./src/pipeline_report_service.py,./src/pytest_output_parser.py,import
./src/pipeline_report_service.py,./src/report_utils.py,import
./src/pipeline_run_service.py,./src/flow_memory.py,import
./src/pipeline_run_service.py,./src/pytest_output_parser.py,import
./src/pipeline_run_service.py,./src/run_result_persistence.py,import
./src/pipeline_run_service.py,./src/run_utils.py,import
./src/pipeline_writer.py,./src/code_validator.py,import
./src/pipeline_writer.py,./src/file_utils.py,import
./src/pipeline_writer.py,./src/orchestrator.py,import
./src/pipeline_writer.py,./src/pipeline_artifact_manager.py,import
./src/pipeline_writer.py,./src/pipeline_models.py,import
./src/pipeline_writer.py,./src/storage.py,import
./src/placeholder_orchestrator.py,./src/cart_seeding_scraper.py,import
./src/placeholder_orchestrator.py,./src/code_postprocessor.py,import
./src/placeholder_orchestrator.py,./src/element_matcher.py,import
./src/placeholder_orchestrator.py,./src/flow_memory.py,import
./src/placeholder_orchestrator.py,./src/journey_models.py,import
./src/placeholder_orchestrator.py,./src/locator_builder.py,import
./src/placeholder_orchestrator.py,./src/page_object_builder.py,import
./src/placeholder_orchestrator.py,./src/pipeline_models.py,import
./src/placeholder_orchestrator.py,./src/placeholder_resolver.py,import
./src/placeholder_orchestrator.py,./src/pom_helpers.py,import
./src/placeholder_orchestrator.py,./src/rag_learn.py,import
./src/placeholder_orchestrator.py,./src/rag_retriever.py,import
./src/placeholder_orchestrator.py,./src/role_mapper.py,import
./src/placeholder_orchestrator.py,./src/scraper.py,import
./src/placeholder_orchestrator.py,./src/section_scoper.py,import
./src/placeholder_orchestrator.py,./src/semantic_candidate_ranker.py,import
./src/placeholder_orchestrator.py,./src/skeleton_parser.py,import
./src/placeholder_orchestrator.py,./src/skip_manager.py,import
./src/placeholder_orchestrator.py,./src/stateful_scraper.py,import
./src/placeholder_orchestrator.py,./src/url_inference.py,import
./src/placeholder_orchestrator.py,./src/url_resolver.py,import
./src/placeholder_orchestrator.py,./src/url_utils.py,import
./src/placeholder_resolver.py,./src/intent_matcher.py,import
./src/placeholder_resolver.py,./src/placeholder_scorers.py,import
./src/placeholder_resolver.py,./src/semantic_matcher.py,import
./src/placeholder_scorers.py,./src/semantic_matcher.py,import
./src/pom_helpers.py,./src/page_object_builder.py,import
./src/pom_helpers.py,./src/pipeline_models.py,import
./src/prerequisite_injector.py,./src/pipeline_models.py,import
./src/rag_bundled.py,./src/rag_learn.py,import
./src/rag_bundled.py,./src/rag_store.py,import
./src/rag_bundled.py,./src/storage.py,import
./src/rag_learn.py,./src/rag_bundled.py,import
./src/rag_learn.py,./src/rag_store.py,import
./src/rag_retriever.py,./src/placeholder_scorers.py,import
./src/rag_retriever.py,./src/rag_store.py,import
./src/report_builder.py,./src/coverage_utils.py,import
./src/report_builder.py,./src/evidence_loader.py,import
./src/report_builder.py,./src/pytest_output_parser.py,import
./src/report_formatters.py,./src/report_builder.py,import
./src/report_utils.py,./src/evidence_report.py,import
./src/report_utils.py,./src/heatmap_utils.py,import
./src/report_utils.py,./src/report_builder.py,import
./src/report_utils.py,./src/report_formatters.py,import
./src/run_history_chart.py,./src/run_result_persistence.py,import
./src/run_history_cli.py,./src/run_result_persistence.py,import
./src/run_result_persistence.py,./src/pytest_output_parser.py,import
./src/run_result_persistence.py,./src/sqlite_persistence.py,import
./src/scraper.py,./src/accessibility_enricher.py,import
./src/scraper.py,./src/aria_parser.py,import
./src/scraper.py,./src/browser_utils.py,import
./src/scraper.py,./src/element_enricher.py,import
./src/scraper.py,./src/url_guard.py,import
./src/scraper.py,./src/vision_enricher.py,import
./src/self_healing.py,./src/failure_classifier.py,import
./src/self_healing.py,./src/llm_client.py,import
./src/self_healing.py,./src/pytest_output_parser.py,import
./src/self_healing.py,./src/rag_learn.py,import
./src/settings_store.py,./src/secure_config.py,import
./src/skeleton_parser.py,./src/pipeline_models.py,import
./src/skip_manager.py,./src/pipeline_models.py,import
./src/spec_analyzer.py,./src/llm_client.py,import
./src/sqlite_persistence.py,./src/pytest_output_parser.py,import
./src/sqlite_persistence.py,./src/run_result_persistence.py,import
./src/sqlite_persistence.py,./src/storage.py,import
./src/stateful_scraper.py,./src/accessibility_enricher.py,import
./src/stateful_scraper.py,./src/browser_utils.py,import
./src/stateful_scraper.py,./src/form_login_utils.py,import
./src/stateful_scraper.py,./src/journey_models.py,import
./src/stateful_scraper.py,./src/scraper.py,import
./src/stateful_scraper.py,./src/url_guard.py,import
./src/test_generator.py,./src/agents/graph.py,import
./src/test_generator.py,./src/llm_client.py,import
./src/test_generator.py,./src/prompt_builder.py,import
./src/test_plan.py,./src/spec_analyzer.py,import
./src/test_structure_assembler.py,./src/skeleton_parser.py,import
./src/test_table.py,./src/llm_client.py,import
./src/test_table.py,./src/spec_analyzer.py,import
./src/ui/shared.py,./src/pytest_output_parser.py,import
./src/ui/shared.py,./src/run_result_persistence.py,import
./src/ui/shared.py,./src/ui_pipeline.py,import
./src/ui/ui_downloads.py,./src/ui_pipeline.py,import
./src/ui/ui_evidence.py,./src/evidence_export.py,import
./src/ui/ui_evidence.py,./src/evidence_index.py,import
./src/ui/ui_evidence.py,./src/gantt_utils.py,import
./src/ui/ui_evidence.py,./src/heatmap_utils.py,import
./src/ui/ui_evidence.py,./src/report_utils.py,import
./src/ui/ui_evidence.py,./src/run_history_chart.py,import
./src/ui/ui_evidence.py,./src/run_result_persistence.py,import
./src/ui/ui_evidence.py,./src/storage.py,import
./src/ui/ui_evidence.py,./src/ui_pipeline.py,import
./src/ui/ui_journey.py,./src/journey_scraper.py,import
./src/ui/ui_results.py,./src/cli/evidence_generator.py,import
./src/ui/ui_results.py,./src/pipeline_run_service.py,import
./src/ui/ui_results.py,./src/pytest_output_parser.py,import
./src/ui/ui_results.py,./src/storage.py,import
./src/ui/ui_results.py,./src/ui/shared.py,import
./src/ui/ui_run_comparison.py,./src/pipeline_artifact_manager.py,import
./src/ui/ui_run_comparison.py,./src/run_result_persistence.py,import
./src/ui/ui_run_comparison.py,./src/storage.py,import
./src/ui/ui_run_results.py,./src/coverage_utils.py,import
./src/ui/ui_run_results.py,./src/failure_classifier.py,import
./src/ui/ui_run_results.py,./src/gantt_utils.py,import
./src/ui/ui_run_results.py,./src/locator_repair.py,import
./src/ui/ui_run_results.py,./src/pytest_output_parser.py,import
./src/ui/ui_run_results.py,./src/self_healing.py,import
./src/ui/ui_run_results.py,./src/ui/ui_downloads.py,import
./src/ui/ui_run_results.py,./src/ui/ui_results.py,import
./src/ui/ui_run_results.py,./src/url_utils.py,import
./src/ui/ui_saved_packages.py,./src/pipeline_artifact_manager.py,import
./src/ui/ui_saved_packages.py,./src/pipeline_run_service.py,import
./src/ui/ui_saved_packages.py,./src/pytest_output_parser.py,import
./src/ui/ui_saved_packages.py,./src/run_result_persistence.py,import
./src/ui/ui_saved_packages.py,./src/settings_store.py,import
./src/ui/ui_saved_packages.py,./src/storage.py,import
./src/ui/ui_saved_packages.py,./src/ui/shared.py,import
./src/ui/ui_saved_packages.py,./src/ui/ui_results.py,import
./src/ui/ui_saved_packages.py,./src/ui/ui_sidebar.py,import
./src/ui/ui_sidebar.py,./src/flow_memory.py,import
./src/ui/ui_sidebar.py,./src/provider_config.py,import
./src/ui/ui_sidebar.py,./src/rag_bundled.py,import
./src/ui/ui_sidebar.py,./src/settings_store.py,import
./src/ui_pipeline.py,./src/code_validator.py,import
./src/ui_pipeline.py,./src/journey_models.py,import
./src/ui_pipeline.py,./src/llm_client.py,import
./src/ui_pipeline.py,./src/orchestrator.py,import
./src/ui_pipeline.py,./src/pipeline_report_service.py,import
./src/ui_pipeline.py,./src/pipeline_run_service.py,import
./src/ui_pipeline.py,./src/pipeline_writer.py,import
./src/ui_pipeline.py,./src/provider_config.py,import
./src/ui_pipeline.py,./src/pytest_output_parser.py,import
./src/ui_pipeline.py,./src/spec_analyzer.py,import
./src/ui_pipeline.py,./src/test_generator.py,import
./src/ui_pipeline.py,./src/test_plan.py,import
./src/ui_pipeline.py,./src/test_table.py,import
./src/ui_pipeline.py,./src/user_story_parser.py,import
./src/url_inference.py,./src/placeholder_resolver.py,import
./src/url_resolver.py,./src/url_utils.py,import
./src/vision_enricher.py,./src/llm_client.py,import
./streamlit_app.py,./src/export_service.py,import
./streamlit_app.py,./src/gantt_utils.py,import
./streamlit_app.py,./src/llm_client.py,import
./streamlit_app.py,./src/pipeline_artifact_manager.py,import
./streamlit_app.py,./src/pipeline_models.py,import
./streamlit_app.py,./src/provider_config.py,import
./streamlit_app.py,./src/pytest_output_parser.py,import
./streamlit_app.py,./src/settings_store.py,import
./streamlit_app.py,./src/storage.py,import
./streamlit_app.py,./src/test_plan.py,import
./streamlit_app.py,./src/test_table.py,import
./streamlit_app.py,./src/ui/ui_evidence.py,import
./streamlit_app.py,./src/ui/ui_journey.py,import
./streamlit_app.py,./src/ui/ui_requirements.py,import
./streamlit_app.py,./src/ui/ui_results.py,import
./streamlit_app.py,./src/ui/ui_run_comparison.py,import
./streamlit_app.py,./src/ui/ui_run_results.py,import
./streamlit_app.py,./src/ui/ui_saved_packages.py,import
./streamlit_app.py,./src/ui/ui_sidebar.py,import
./streamlit_app.py,./src/ui_pipeline.py,import
./tests/adversarial/test_overlay_and_error_pages.py,./scripts/mock_server.py,import
./tests/adversarial/test_overlay_and_error_pages.py,./src/evidence_tracker.py,import
./tests/adversarial/test_overlay_and_error_pages.py,./src/placeholder_orchestrator.py,import
./tests/cli/test_orchestrator.py,./src/analyzer.py,import
./tests/cli/test_orchestrator.py,./src/cli/input_parser.py,import
./tests/cli/test_orchestrator.py,./src/config.py,import
./tests/cli/test_orchestrator.py,./src/scraper.py,import
./tests/contract/test_mock_contracts.py,./scripts/mock_server.py,import
./tests/integration/test_learning_loop_e2e.py,./scripts/mock_server.py,import
./tests/integration/test_learning_loop_e2e.py,./src/flow_memory.py,import
./tests/integration/test_learning_loop_e2e.py,./src/pipeline_models.py,import
./tests/integration/test_learning_loop_e2e.py,./src/pipeline_run_service.py,import
./tests/integration/test_learning_loop_e2e.py,./src/placeholder_orchestrator.py,import
./tests/integration/test_learning_loop_e2e.py,./src/rag_learn.py,import
./tests/integration/test_pipeline_end_to_end.py,./src/code_postprocessor.py,import
./tests/integration/test_pipeline_end_to_end.py,./src/llm_client.py,import
./tests/integration/test_pipeline_end_to_end.py,./src/locator_builder.py,import
./tests/integration/test_pipeline_end_to_end.py,./src/orchestrator.py,import
./tests/integration/test_pipeline_end_to_end.py,./src/placeholder_resolver.py,import
./tests/integration/test_pipeline_end_to_end.py,./src/scraper.py,import
./tests/integration/test_pipeline_end_to_end.py,./src/test_generator.py,import
./tests/integration/test_pipeline_end_to_end.py,./tests/resolver_test_helpers.py,import
./tests/integration/test_pom_mode_end_to_end.py,./src/orchestrator.py,import
./tests/resilience/test_persistence_resilience.py,./src/evidence_tracker.py,import
./tests/resilience/test_persistence_resilience.py,./src/pytest_output_parser.py,import
./tests/resilience/test_persistence_resilience.py,./src/settings_store.py,import
./tests/resilience/test_persistence_resilience.py,./src/sqlite_persistence.py,import
./tests/resolver_test_helpers.py,./src/locator_builder.py,import
./tests/resolver_test_helpers.py,./src/placeholder_resolver.py,import
./tests/test_accessibility_enricher.py,./src/accessibility_enricher.py,import
./tests/test_agents_contracts.py,./src/agents/director.py,import
./tests/test_agents_contracts.py,./src/agents/ingestion.py,import
./tests/test_agents_contracts.py,./src/agents/pipeline_state.py,import
./tests/test_agents_contracts.py,./src/agents/synthesizer.py,import
./tests/test_agents_generator.py,./src/agents/generator.py,import
./tests/test_agents_generator.py,./src/agents/state.py,import
./tests/test_agents_graph.py,./src/agents/graph.py,import
./tests/test_agents_graph.py,./src/agents/state.py,import
./tests/test_agents_planner.py,./src/agents/planner.py,import
./tests/test_agents_planner.py,./src/agents/state.py,import
./tests/test_agents_state.py,./src/agents/state.py,import
./tests/test_agents_validator.py,./src/agents/state.py,import
./tests/test_agents_validator.py,./src/agents/validator.py,import
./tests/test_ai037_resolver_fixes.py,./src/element_matcher.py,import
./tests/test_ai037_resolver_fixes.py,./src/locator_builder.py,import
./tests/test_ai037_resolver_fixes.py,./src/placeholder_resolver.py,import
./tests/test_ai037_resolver_fixes.py,./src/placeholder_scorers.py,import
./tests/test_ai037_resolver_fixes.py,./src/semantic_matcher.py,import
./tests/test_aria_parser.py,./src/aria_parser.py,import
./tests/test_artifact_validation.py,./scripts/validate_report_artifacts.py,import
./tests/test_artifact_validation.py,./src/artifact_validation.py,import
./tests/test_artifact_validation.py,./src/gantt_utils.py,import
./tests/test_artifact_validation.py,./src/heatmap_utils.py,import
./tests/test_assertion_polarity.py,./src/code_postprocessor.py,import
./tests/test_assertion_polarity.py,./src/evidence_tracker.py,import
./tests/test_assertion_polarity.py,./src/placeholder_orchestrator.py,import
./tests/test_audit_egress.py,./scripts/audit_egress.py,import
./tests/test_b014_assert_resolution.py,./src/element_matcher.py,import
./tests/test_b014_assert_resolution.py,./src/intent_matcher.py,import
./tests/test_b014_assert_resolution.py,./src/placeholder_orchestrator.py,import
./tests/test_b014_assert_resolution.py,./src/placeholder_scorers.py,import
./tests/test_b016_role_filtering.py,./src/placeholder_orchestrator.py,import
./tests/test_b016_role_filtering.py,./src/role_mapper.py,import
./tests/test_browser_utils.py,./src/browser_utils.py,import
./tests/test_bug_evidence_generator.py,./src/cli/evidence_generator.py,import
./tests/test_bug_evidence_generator.py,./src/pytest_output_parser.py,import
./tests/test_ci_adapt.py,./action/adapt.py,import
./tests/test_ci_cache_key.py,./action/cache_key.py,import
./tests/test_ci_export_junit.py,./action/export_evidence_junit.py,import
./tests/test_ci_flaky_history.py,./action/flaky_history.py,import
./tests/test_ci_flow_memory_stats.py,./action/flow_memory_stats.py,import
./tests/test_ci_flow_memory_stats.py,./src/flow_memory.py,import
./tests/test_ci_flow_memory_stats.py,./src/rag_learn.py,import
./tests/test_ci_generate.py,./scripts/ci_generate.py,import
./tests/test_ci_generate.py,./scripts/fake_llm.py,import
./tests/test_ci_generate.py,./scripts/mock_server.py,import
./tests/test_ci_generate.py,./src/ci_ignore.py,import
./tests/test_ci_generate.py,./src/storage.py,import
./tests/test_ci_github_adapter.py,./ci/platform/github.py,import
./tests/test_ci_gitlab_adapter.py,./ci/platform/gitlab.py,import
./tests/test_ci_ignore.py,./src/ci_ignore.py,import
./tests/test_ci_report.py,./action/report.py,import
./tests/test_ci_slash_commands.py,./scripts/ci_slash_commands.py,import
./tests/test_cli_input_parser.py,./src/cli/input_parser.py,import
./tests/test_cli_journey_builder_fix.py,./src/cli/testing_terminal.py,import
./tests/test_cli_menu_interactive_mock.py,./src/cli/testing_terminal.py,import
./tests/test_cli_pipeline_runner.py,./src/cli/pipeline_runner.py,import
./tests/test_cli_pipeline_runner.py,./src/cli/session.py,import
./tests/test_cli_pipeline_runner.py,./src/pipeline_artifact_manager.py,import
./tests/test_cli_pipeline_runner.py,./src/pipeline_run_service.py,import
./tests/test_cli_pipeline_runner.py,./src/pytest_output_parser.py,import
./tests/test_cli_pipeline_runner.py,./src/spec_analyzer.py,import
./tests/test_cli_pipeline_runner.py,./src/test_plan.py,import
./tests/test_cli_pipeline_runner.py,./src/test_table.py,import
./tests/test_cli_report_generator.py,./src/analyzer.py,import
./tests/test_cli_report_generator.py,./src/cli/report_generator.py,import
./tests/test_cli_report_generator.py,./src/config.py,import
./tests/test_cli_run_results_display.py,./src/cli/run_results_display.py,import
./tests/test_cli_run_results_display.py,./src/failure_classifier.py,import
./tests/test_cli_run_results_display.py,./src/pytest_output_parser.py,import
./tests/test_cli_saved_package_diagnostics.py,./src/cli/pipeline_runner.py,import
./tests/test_cli_test_orchestrator.py,./src/analyzer.py,import
./tests/test_cli_test_orchestrator.py,./src/cli/input_parser.py,import
./tests/test_cli_test_orchestrator.py,./src/cli/test_case_orchestrator.py,import
./tests/test_cli_test_orchestrator.py,./src/config.py,import
./tests/test_code_normalizer.py,./src/code_normalizer.py,import
./tests/test_code_normalizer.py,./src/code_postprocessor.py,import
./tests/test_code_postprocessor_llm_reasoning.py,./src/code_normalizer.py,import
./tests/test_code_postprocessor_llm_reasoning.py,./src/code_postprocessor.py,import
./tests/test_code_postprocessor_llm_reasoning.py,./src/llm_reasoning_filter.py,import
./tests/test_code_postprocessor_llm_reasoning.py,./src/orchestrator.py,import
./tests/test_code_postprocessor_llm_reasoning.py,./src/test_generator.py,import
./tests/test_code_postprocessor_pom_export.py,./src/code_postprocessor.py,import
./tests/test_code_validator.py,./src/code_validator.py,import
./tests/test_compare_model_baselines.py,./scripts/eval/compare_model_baselines.py,import
./tests/test_coverage_utils.py,./src/coverage_utils.py,import
./tests/test_dialog_action_scoping.py,./src/element_matcher.py,import
./tests/test_dialog_action_scoping.py,./src/placeholder_resolver.py,import
./tests/test_dialog_action_scoping.py,./src/placeholder_scorers.py,import
./tests/test_director_persona_routing.py,./src/agents/pipeline_graph.py,import
./tests/test_director_persona_routing.py,./src/agents/pipeline_state.py,import
./tests/test_document_eval_validation.py,./src/agents/ingestion.py,import
./tests/test_document_eval_validation.py,./src/agents/pipeline_graph.py,import
./tests/test_e2e_placeholder_quoting.py,./src/code_postprocessor.py,import
./tests/test_e2e_placeholder_resolution_valid_python.py,./src/code_postprocessor.py,import
./tests/test_e2e_placeholder_resolution_valid_python.py,./src/placeholder_orchestrator.py,import
./tests/test_eval_goto_flow.py,./scripts/eval/eval_resolver.py,import
./tests/test_eval_goto_flow.py,./src/flow_memory.py,import
./tests/test_evidence_export.py,./src/evidence_export.py,import
./tests/test_evidence_export.py,./src/evidence_index.py,import
./tests/test_evidence_export.py,./src/sqlite_persistence.py,import
./tests/test_evidence_index.py,./src/evidence_index.py,import
./tests/test_evidence_index.py,./src/sqlite_persistence.py,import
./tests/test_evidence_loader.py,./src/evidence_loader.py,import
./tests/test_evidence_tracker.py,./src/evidence_tracker.py,import
./tests/test_failure_classifier.py,./src/failure_classifier.py,import
./tests/test_failure_classifier.py,./src/self_healing.py,import
./tests/test_failure_reporter.py,./src/failure_reporter.py,import
./tests/test_flow_memory.py,./src/flow_memory.py,import
./tests/test_flow_memory.py,./src/pipeline_models.py,import
./tests/test_flow_memory.py,./src/placeholder_orchestrator.py,import
./tests/test_gantt_utils.py,./src/gantt_utils.py,import
./tests/test_global_best_resolution.py,./src/placeholder_orchestrator.py,import
./tests/test_heatmap_alignment.py,./src/heatmap_alignment.py,import
./tests/test_heatmap_alignment.py,./src/heatmap_utils.py,import
./tests/test_heatmap_alignment_live.py,./scripts/mock_server.py,import
./tests/test_heatmap_alignment_live.py,./src/evidence_tracker.py,import
./tests/test_heatmap_alignment_live.py,./src/heatmap_alignment.py,import
./tests/test_heatmap_utils.py,./src/evidence_report.py,import
./tests/test_heatmap_utils.py,./src/heatmap_utils.py,import
./tests/test_ingestion_document_mode.py,./src/agents/ingestion.py,import
./tests/test_ingestion_document_mode.py,./src/agents/pipeline_state.py,import
./tests/test_is_run_result.py,./src/pytest_output_parser.py,import
./tests/test_journey_scraper.py,./src/cart_seeding_scraper.py,import
./tests/test_journey_scraper.py,./src/journey_auth_detector.py,import
./tests/test_journey_scraper.py,./src/journey_models.py,import
./tests/test_journey_scraper.py,./src/journey_scraper.py,import
./tests/test_journey_scraper_silent_failure_fix.py,./src/journey_scraper.py,import
./tests/test_journey_scraper_silent_failure_fix.py,./src/locator_builder.py,import
./tests/test_journey_selector_propagation.py,./src/orchestrator.py,import
./tests/test_journey_selector_propagation.py,./src/placeholder_resolver.py,import
./tests/test_llm_client.py,./src/llm_client.py,import
./tests/test_llm_errors.py,./src/llm_errors.py,import
./tests/test_locator_repair.py,./src/locator_repair.py,import
./tests/test_locator_scorer.py,./src/locator_scorer.py,import
./tests/test_normalise_code_newlines.py,./src/file_utils.py,import
./tests/test_ocr_backends.py,./src/agents/pipeline_graph.py,import
./tests/test_ocr_backends.py,./src/agents/pipeline_state.py,import
./tests/test_ocr_backends.py,./src/ocr_backends.py,import
./tests/test_ocr_backends.py,./src/settings_store.py,import
./tests/test_orchestrator.py,./src/journey_scraper.py,import
./tests/test_orchestrator.py,./src/orchestrator.py,import
./tests/test_orchestrator.py,./src/spec_analyzer.py,import
./tests/test_orchestrator.py,./src/test_generator.py,import
./tests/test_orchestrator_dynamic_scrape.py,./src/orchestrator.py,import
./tests/test_orchestrator_dynamic_scrape.py,./src/test_generator.py,import
./tests/test_orchestrator_pom_injection.py,./src/orchestrator.py,import
./tests/test_orchestrator_pom_mode.py,./src/orchestrator.py,import
./tests/test_orchestrator_pom_mode.py,./src/placeholder_orchestrator.py,import
./tests/test_orchestrator_pom_mode.py,./src/test_generator.py,import
./tests/test_page_object_builder.py,./src/page_object_builder.py,import
./tests/test_page_object_builder.py,./src/pipeline_models.py,import
./tests/test_page_requirements_scoping.py,./src/pipeline_models.py,import
./tests/test_page_requirements_scoping.py,./src/placeholder_orchestrator.py,import
./tests/test_page_requirements_scoping.py,./src/url_resolver.py,import
./tests/test_page_state_assertions.py,./src/placeholder_orchestrator.py,import
./tests/test_pdf_ingest.py,./src/pdf_ingest.py,import
./tests/test_pdf_ingest.py,./src/rag_store.py,import
./tests/test_phase4_export.py,./src/code_postprocessor.py,import
./tests/test_phase4_export.py,./src/export_service.py,import
./tests/test_phase4_export.py,./src/pipeline_models.py,import
./tests/test_pipeline_artifact_manager.py,./src/pipeline_artifact_manager.py,import
./tests/test_pipeline_artifact_manager.py,./src/pytest_output_parser.py,import
./tests/test_pipeline_artifact_manager.py,./src/run_result_persistence.py,import
./tests/test_pipeline_artifact_manager.py,./src/sqlite_persistence.py,import
./tests/test_pipeline_graph.py,./src/agents/pipeline_graph.py,import
./tests/test_pipeline_graph.py,./src/agents/pipeline_state.py,import
./tests/test_pipeline_graph_document_mode.py,./src/agents/pipeline_graph.py,import
./tests/test_pipeline_graph_document_mode.py,./src/agents/pipeline_state.py,import
./tests/test_pipeline_models.py,./src/pipeline_models.py,import
./tests/test_pipeline_output_validation.py,./src/code_normalizer.py,import
./tests/test_pipeline_output_validation.py,./src/code_postprocessor.py,import
./tests/test_pipeline_report_service.py,./src/pipeline_report_service.py,import
./tests/test_pipeline_report_service.py,./src/pytest_output_parser.py,import
./tests/test_pipeline_run_service.py,./src/pipeline_run_service.py,import
./tests/test_pipeline_run_service.py,./src/pytest_output_parser.py,import
./tests/test_pipeline_writer.py,./src/orchestrator.py,import
./tests/test_pipeline_writer.py,./src/pipeline_models.py,import
./tests/test_pipeline_writer.py,./src/pipeline_run_service.py,import
./tests/test_pipeline_writer.py,./src/pipeline_writer.py,import
./tests/test_placeholder_orchestrator_pom_mode.py,./src/code_normalizer.py,import
./tests/test_placeholder_orchestrator_pom_mode.py,./src/pipeline_models.py,import
./tests/test_placeholder_orchestrator_pom_mode.py,./src/placeholder_orchestrator.py,import
./tests/test_placeholder_resolution_guardrails.py,./src/code_postprocessor.py,import
./tests/test_placeholder_resolution_guardrails.py,./src/skeleton_parser.py,import
./tests/test_placeholder_resolver.py,./src/placeholder_resolver.py,import
./tests/test_placeholder_resolver.py,./tests/resolver_test_helpers.py,import
./tests/test_placeholder_resolver_text_validation.py,./src/locator_scorer.py,import
./tests/test_placeholder_resolver_text_validation.py,./src/placeholder_resolver.py,import
./tests/test_placeholder_resolver_text_validation.py,./tests/resolver_test_helpers.py,import
./tests/test_placeholder_scorers.py,./src/element_matcher.py,import
./tests/test_placeholder_scorers.py,./src/placeholder_resolver.py,import
./tests/test_placeholder_scorers.py,./src/placeholder_scorers.py,import
./tests/test_placeholder_scorers.py,./src/rag_store.py,import
./tests/test_placeholder_scorers.py,./src/semantic_matcher.py,import
./tests/test_pom_helpers.py,./src/pom_helpers.py,import
./tests/test_prerequisite_injector.py,./src/pipeline_models.py,import
./tests/test_prerequisite_injector.py,./src/prerequisite_injector.py,import
./tests/test_prompt_builder.py,./src/prompt_builder.py,import
./tests/test_prompt_builder.py,./src/prompt_utils.py,import
./tests/test_prompt_utils.py,./src/prompt_utils.py,import
./tests/test_provider_config.py,./src/provider_config.py,import
./tests/test_pytest_output_parser.py,./src/pytest_output_parser.py,import
./tests/test_rag_bundled.py,./src/rag_bundled.py,import
./tests/test_rag_bundled.py,./src/rag_learn.py,import
./tests/test_rag_ingest.py,./scripts/rag_ingest.py,import
./tests/test_rag_ingest.py,./src/rag_store.py,import
./tests/test_rag_learn.py,./src/rag_learn.py,import
./tests/test_rag_learn.py,./src/rag_store.py,import
./tests/test_rag_retriever.py,./src/placeholder_scorers.py,import
./tests/test_rag_retriever.py,./src/rag_retriever.py,import
./tests/test_rag_retriever.py,./src/rag_store.py,import
./tests/test_rag_store.py,./src/rag_store.py,import
./tests/test_report_utils.py,./src/coverage_utils.py,import
./tests/test_report_utils.py,./src/pytest_output_parser.py,import
./tests/test_report_utils.py,./src/report_utils.py,import
./tests/test_retro_ui.py,./src/cli/color.py,import
./tests/test_retro_ui.py,./src/cli/retro_ui.py,import
./tests/test_run_history_chart.py,./src/pytest_output_parser.py,import
./tests/test_run_history_chart.py,./src/run_history_chart.py,import
./tests/test_run_history_chart.py,./src/run_result_persistence.py,import
./tests/test_run_history_chart.py,./src/sqlite_persistence.py,import
./tests/test_run_history_cli.py,./src/run_history_cli.py,import
./tests/test_run_history_cli.py,./src/run_result_persistence.py,import
./tests/test_run_result_persistence.py,./src/pytest_output_parser.py,import
./tests/test_run_result_persistence.py,./src/run_result_persistence.py,import
./tests/test_run_utils.py,./src/run_utils.py,import
./tests/test_scraper.py,./src/scraper.py,import
./tests/test_scraper_ai037.py,./src/scraper.py,import
./tests/test_scraper_screenshot.py,./src/scraper.py,import
./tests/test_scraper_ssrf.py,./src/scraper.py,import
./tests/test_section_scoper.py,./src/section_scoper.py,import
./tests/test_secure_config.py,./src/secure_config.py,import
./tests/test_self_healing.py,./src/failure_classifier.py,import
./tests/test_self_healing.py,./src/pytest_output_parser.py,import
./tests/test_self_healing.py,./src/rag_learn.py,import
./tests/test_self_healing.py,./src/rag_store.py,import
./tests/test_self_healing.py,./src/self_healing.py,import
./tests/test_self_healing_timeout.py,./src/pytest_output_parser.py,import
./tests/test_self_healing_timeout.py,./src/self_healing.py,import
./tests/test_semantic_candidate_ranker.py,./src/element_matcher.py,import
./tests/test_semantic_candidate_ranker.py,./src/placeholder_orchestrator.py,import
./tests/test_semantic_candidate_ranker.py,./src/placeholder_resolver.py,import
./tests/test_semantic_candidate_ranker.py,./src/semantic_candidate_ranker.py,import
./tests/test_settings_store.py,./src/cli/session.py,import
./tests/test_settings_store.py,./src/ocr_backends.py,import
./tests/test_settings_store.py,./src/secure_config.py,import
./tests/test_settings_store.py,./src/settings_store.py,import
./tests/test_skeleton_parser.py,./src/pipeline_models.py,import
./tests/test_skeleton_parser.py,./src/skeleton_parser.py,import
./tests/test_skeleton_prompt_template.py,./src/test_generator.py,import
./tests/test_skeleton_validator.py,./src/skeleton_validator.py,import
./tests/test_skip_repair_pipeline.py,./src/locator_repair.py,import
./tests/test_skip_repair_pipeline.py,./src/ui/ui_run_results.py,import
./tests/test_skip_repair_setup.py,./src/locator_repair.py,import
./tests/test_skip_repair_setup.py,./src/url_utils.py,import
./tests/test_spec_analyzer.py,./src/spec_analyzer.py,import
./tests/test_sqlite_persistence.py,./src/pytest_output_parser.py,import
./tests/test_sqlite_persistence.py,./src/sqlite_persistence.py,import
./tests/test_stateful_scrape_switch.py,./src/placeholder_orchestrator.py,import
./tests/test_stateful_scraper.py,./src/journey_scraper.py,import
./tests/test_stateful_scraper.py,./src/stateful_scraper.py,import
./tests/test_storage.py,./src/storage.py,import
./tests/test_test_plan.py,./src/spec_analyzer.py,import
./tests/test_test_plan.py,./src/test_plan.py,import
./tests/test_test_structure_assembler.py,./src/test_structure_assembler.py,import
./tests/test_test_table.py,./src/spec_analyzer.py,import
./tests/test_test_table.py,./src/test_table.py,import
./tests/test_ui_pipeline_test_table.py,./src/spec_analyzer.py,import
./tests/test_ui_pipeline_test_table.py,./src/test_plan.py,import
./tests/test_ui_pipeline_test_table.py,./src/test_table.py,import
./tests/test_ui_pipeline_test_table.py,./src/ui_pipeline.py,import
./tests/test_ui_provider_config.py,./src/provider_config.py,import
./tests/test_ui_provider_config.py,./src/ui_pipeline.py,import
./tests/test_ui_run_comparison.py,./src/pipeline_run_service.py,import
./tests/test_ui_run_comparison.py,./src/pytest_output_parser.py,import
./tests/test_ui_run_comparison.py,./src/run_result_persistence.py,import
./tests/test_ui_run_comparison.py,./src/ui/ui_run_comparison.py,import
./tests/test_ui_saved_packages.py,./src/pipeline_artifact_manager.py,import
./tests/test_ui_saved_packages.py,./src/ui/ui_saved_packages.py,import
./tests/test_ui_sidebar.py,./src/flow_memory.py,import
./tests/test_ui_sidebar.py,./src/ui/ui_sidebar.py,import
./tests/test_url_guard.py,./src/url_guard.py,import
./tests/test_url_inference.py,./src/url_inference.py,import
./tests/test_url_resolver.py,./src/url_resolver.py,import
./tests/test_url_utils.py,./src/url_resolver.py,import
./tests/test_url_utils.py,./src/url_utils.py,import
./tests/test_user_story_parser.py,./src/user_story_parser.py,import
./tests/test_vision_enriched_scoring.py,./src/placeholder_scorers.py,import
./tests/test_vision_enricher.py,./src/vision_enricher.py,import
./tests/test_vision_enricher_integration.py,./src/scraper.py,import
./tests/test_vision_enricher_integration.py,./src/vision_enricher.py,import
