label,group,size,color
./.clineignore,Configuration,69,#BB8FCE
./.clinerules,Configuration,23,#BB8FCE
./.dockerignore,Configuration,18,#BB8FCE
./.env.example,Configuration,66,#BB8FCE
./.gitignore,Configuration,144,#BB8FCE
./.python-version,Configuration,1,#BB8FCE
./AGENTS.md,Documentation,291,#F7DC6F
./BACKLOG.md,Documentation,2774,#F7DC6F
./CHANGELOG.md,Documentation,368,#F7DC6F
./CONTEXT.md,Documentation,88,#F7DC6F
./CONTRIBUTING.md,Documentation,172,#F7DC6F
./Dockerfile,Configuration,41,#BB8FCE
./LICENSE,Configuration,201,#BB8FCE
./README.md,Documentation,164,#F7DC6F
./SECURITY.md,Documentation,96,#F7DC6F
./build-docs.ps1,Other,21,#AEB6BF
./cli/__init__.py,interface,21,#FF6B6B
./cli/evidence_cli.py,Other,376,#AEB6BF
./cli/main.py,interface,8,#FF6B6B
./docker-compose.yml,Configuration,68,#BB8FCE
./docs/ARCHITECTURE.md,Documentation,657,#F7DC6F
./docs/DEMO_GUIDE.md,Documentation,367,#F7DC6F
./docs/DEMO_GUIDE_PHONE.md,Documentation,47,#F7DC6F
./docs/PROJECT_KNOWLEDGE.md,Documentation,238,#F7DC6F
./docs/PROMPT_EXAMPLES.md,Documentation,143,#F7DC6F
./docs/agents/domain.md,Documentation,8,#F7DC6F
./docs/agents/issue-tracker.md,Documentation,17,#F7DC6F
./docs/agents/triage-labels.md,Documentation,13,#F7DC6F
./docs/analysis/ai042_flow_memory_customer_value.md,Documentation,168,#F7DC6F
./docs/analysis/reliability_diagnostic.md,Documentation,64,#F7DC6F
./docs/analysis/reliability_fixes.md,Documentation,103,#F7DC6F
./docs/archived/FEATURE_SPEC_multi_page_scraping.md,Documentation,285,#F7DC6F
./docs/archived/phase5_frozen.yaml,Other,40,#AEB6BF
./docs/archived/session_02_placeholder_resolver.md,Documentation,38,#F7DC6F
./docs/archived/session_03_orchestrator.md,Documentation,29,#F7DC6F
./docs/archived/session_04_final_polish.md,Documentation,23,#F7DC6F
./docs/archived/session_05_pipeline_rebuild_plan.md,Documentation,300,#F7DC6F
./docs/implementation/refactor_audit_2026-05-20.md,Documentation,132,#F7DC6F
./docs/links.csv,Other,1805,#AEB6BF
./docs/nodes.csv,Other,3168,#AEB6BF
./docs/plans/AI-035_B036_P3_plan.md,Documentation,224,#F7DC6F
./docs/plans/ROADMAP_ROADTO_PRODUCTION.md,Documentation,963,#F7DC6F
./docs/plans/completed/AI-016_plan.md,Documentation,28,#F7DC6F
./docs/plans/completed/AI-017_plan.md,Documentation,26,#F7DC6F
./docs/plans/completed/AI-018_plan.md,Documentation,25,#F7DC6F
./docs/plans/completed/AI-019_plan.md,Documentation,24,#F7DC6F
./docs/plans/completed/AI-020_plan.md,Documentation,25,#F7DC6F
./docs/plans/completed/AI-021_plan.md,Documentation,26,#F7DC6F
./docs/plans/completed/AI-022_plan.md,Documentation,27,#F7DC6F
./docs/plans/completed/AI009_PHASEB_SESSION1.md,Documentation,248,#F7DC6F
./docs/plans/completed/AI009_PHASEB_SESSION2.md,Documentation,130,#F7DC6F
./docs/plans/completed/AI009_PHASEB_SESSION3.md,Documentation,279,#F7DC6F
./docs/plans/completed/AI009_PHASEB_SESSION4.md,Documentation,256,#F7DC6F
./docs/plans/completed/AI019_section1_audit.md,Documentation,32,#F7DC6F
./docs/plans/completed/AI019_section2_prompts.md,Documentation,14,#F7DC6F
./docs/plans/completed/AI019_section3_validation.md,Documentation,18,#F7DC6F
./docs/plans/completed/AI027_SESSION1.md,Documentation,375,#F7DC6F
./docs/plans/completed/AI027_SESSION2.md,Documentation,223,#F7DC6F
./docs/plans/completed/AI027_SESSION3.md,Documentation,365,#F7DC6F
./docs/plans/completed/AI027_SESSION4.md,Documentation,103,#F7DC6F
./docs/plans/completed/AI0IS9_section1_audit.md,Documentation,23,#F7DC6F
./docs/plans/completed/CLI_JOURNEY_BUILDER_FIX.md,Documentation,210,#F7DC6F
./docs/plans/completed/FEATURE_COMPLETION_CHECKLIST.md,Documentation,67,#F7DC6F
./docs/plans/completed/FEATURE_PLAN_enhanced_failure_diagnostics.md,Documentation,177,#F7DC6F
./docs/plans/completed/FEATURE_PLAN_keyword_based_url_resolution.md,Documentation,158,#F7DC6F
./docs/plans/completed/FEATURE_PLAN_pom_with_evidence_tracker.md,Documentation,354,#F7DC6F
./docs/plans/completed/FEATURE_PLAN_test_prerequisite_injection.md,Documentation,279,#F7DC6F
./docs/plans/completed/FRONTEND_TEST_PLAN.md,Documentation,382,#F7DC6F
./docs/plans/completed/PK_CLEANUP_section1_audit.md,Documentation,17,#F7DC6F
./docs/plans/completed/PROJECT_TRAINING_PLAN.md,Documentation,983,#F7DC6F
./docs/plans/completed/REFACTOR_PLAN_2026-04-26.md,Documentation,158,#F7DC6F
./docs/plans/completed/REFACTOR_PLAN_2026-05-10.md,Documentation,497,#F7DC6F
./docs/plans/completed/RESTRUCTURE_PLAN.md,Documentation,266,#F7DC6F
./docs/plans/completed/UAT_FIX_SESSION1.md,Documentation,267,#F7DC6F
./docs/plans/completed/UAT_FIX_SESSION2.md,Documentation,332,#F7DC6F
./docs/plans/completed/UAT_FIX_SESSION3.md,Documentation,146,#F7DC6F
./docs/plans/completed/cline_prompt_delete_page_context_scraper.md,Documentation,106,#F7DC6F
./docs/plans/completed/cline_prompt_split_orchestrator.md,Documentation,182,#F7DC6F
./docs/plans/completed/cline_prompt_split_report_utils.md,Documentation,187,#F7DC6F
./docs/plans/completed/cline_refactor_cli_over_src.md,Documentation,260,#F7DC6F
./docs/plans/completed/implementation_plan.md,Documentation,105,#F7DC6F
./docs/plans/completed/test_suite_performance_plan.md,Documentation,107,#F7DC6F
./docs/private/GTM_STRATEGY.md,Documentation,101,#F7DC6F
./docs/private/ROADMAP.md,Documentation,136,#F7DC6F
./docs/rag_corpus/lv_docs/0042748-2025-car-ipid.pdf,Other,2701,#AEB6BF
./docs/rag_corpus/lv_docs/35880-2023-car-tc.pdf,Other,3829,#AEB6BF
./docs/rag_corpus/lv_docs/40383-2025-Cover-and-limits-v4-1.pdf,Other,4627,#AEB6BF
./docs/rag_corpus/lv_docs/certificate_redacted.md,Documentation,80,#F7DC6F
./docs/rag_corpus/lv_docs/letter_redacted.md,Documentation,67,#F7DC6F
./docs/rag_corpus/lv_docs/lv_underwriting_guide.md,Documentation,295,#F7DC6F
./docs/rag_corpus/lv_docs/schedule_redacted.md,Documentation,159,#F7DC6F
./docs/rag_corpus/playwright/01-locators.md,Documentation,109,#F7DC6F
./docs/rag_corpus/playwright/02-assertions.md,Documentation,88,#F7DC6F
./docs/rag_corpus/playwright/03-actionability.md,Documentation,123,#F7DC6F
./docs/rag_corpus/playwright/04-navigation.md,Documentation,90,#F7DC6F
./docs/reference/agents_archive.md,Documentation,293,#F7DC6F
./docs/reviews/STATE_OF_NATION_2026-05-17.md,Documentation,296,#F7DC6F
./docs/reviews/skip review.md,Documentation,34,#F7DC6F
./docs/sessions/2026-07-27_phase1d_langgraph_validation.md,Documentation,117,#F7DC6F
./docs/sessions/2026-07-29_eval_baseline_restoration.md,Documentation,130,#F7DC6F
./docs/sessions/2026-07-30_handover.md,Documentation,146,#F7DC6F
./docs/sessions/2026-07-30_phase1d_eval_validation.md,Documentation,114,#F7DC6F
./docs/sessions/2026-07-30_scraper_fix_and_pipeline_performance.md,Documentation,105,#F7DC6F
./docs/sessions/2026-07-31_ai037_phase3_journey_guidance.md,Documentation,94,#F7DC6F
./docs/sessions/2026-07-31_ai037_resolver_fixes.md,Documentation,87,#F7DC6F
./docs/sessions/2026-07-31_phase1_complete.md,Documentation,88,#F7DC6F
./docs/sessions/2026-08-02_cli_walkthrough_and_zero_pass_pipeline_fixes.md,Documentation,126,#F7DC6F
./docs/sessions/2026-08-02_semantic_layer_and_cli_quality.md,Documentation,124,#F7DC6F
./docs/sessions/2026-08-03_cli_review_and_fix_batch1.md,Documentation,72,#F7DC6F
./docs/sessions/2026-08-03_export_gate_and_broken_exports.md,Documentation,148,#F7DC6F
./docs/sessions/2026-08-03_saucedemo_checkout_cluster.md,Documentation,55,#F7DC6F
./docs/sessions/2026-08-04_consumer_config_and_self_learning_rag.md,Documentation,48,#F7DC6F
./docs/sessions/2026-08-09_b047_mockserver_training_data_forensics.md,Documentation,279,#F7DC6F
./docs/sessions/2026-08-09_ecommerce_regen_handoff.md,Documentation,81,#F7DC6F
./docs/sessions/2026-08-09_unsloth_training_runbook.md,Documentation,193,#F7DC6F
./docs/sessions/2026-08-10_strix_halo_27b_qlora_field_guide.md,Documentation,114,#F7DC6F
./docs/sessions/2026-08-11_ai043_layer3_heatmap_alignment.md,Documentation,66,#F7DC6F
./docs/sessions/2026-08-12_ai042_flow_memory.md,Documentation,283,#F7DC6F
./docs/specs/FEATURE_SPEC_AI028_evidence_search.md,Documentation,437,#F7DC6F
./docs/specs/FEATURE_SPEC_AI029_workspace_storage.md,Documentation,321,#F7DC6F
./docs/specs/FEATURE_SPEC_AI034_test_table_preflight.md,Documentation,119,#F7DC6F
./docs/specs/FEATURE_SPEC_AI035_self_learning_rag.md,Documentation,164,#F7DC6F
./docs/specs/FEATURE_SPEC_AI036_pom_cache.md,Documentation,381,#F7DC6F
./docs/specs/FEATURE_SPEC_AI037_lv_insurance_resolution_gap.md,Documentation,153,#F7DC6F
./docs/specs/FEATURE_SPEC_B014_assert_resolution.md,Documentation,241,#F7DC6F
./docs/specs/FEATURE_SPEC_B014_step_context_resolution.md,Documentation,301,#F7DC6F
./docs/specs/FEATURE_SPEC_B016_assert_role_filtering.md,Documentation,286,#F7DC6F
./docs/specs/FEATURE_SPEC_B036_consumer_config.md,Documentation,250,#F7DC6F
./docs/specs/FEATURE_SPEC_URL_ASSERT.md,Documentation,188,#F7DC6F
./docs/specs/FEATURE_SPEC_phase1_multi_agent.md,Documentation,552,#F7DC6F
./docs/specs/FEATURE_SPEC_phase2_self_healing.md,Documentation,131,#F7DC6F
./docs/specs/FEATURE_SPEC_phase3_rag.md,Documentation,288,#F7DC6F
./docs/specs/FEATURE_SPEC_phase5_evaluation_harness.md,Documentation,302,#F7DC6F
./docs/specs/FEATURE_SPEC_semantic_scraper.md,Documentation,165,#F7DC6F
./docs/specs/FEATURE_SPEC_sqlite_persistence.md,Documentation,336,#F7DC6F
./docs/specs/completed/FEATURE_SPEC_AI009_phase_b.md,Documentation,320,#F7DC6F
./docs/specs/completed/FEATURE_SPEC_AI010_pom_toggle.md,Documentation,494,#F7DC6F
./docs/specs/completed/FEATURE_SPEC_AI011_run_history_chart.md,Documentation,411,#F7DC6F
./docs/specs/completed/FEATURE_SPEC_AI023_locator_repair.md,Documentation,115,#F7DC6F
./docs/specs/completed/FEATURE_SPEC_AI024_accessibility_tree_enrichment.md,Documentation,245,#F7DC6F
./docs/specs/completed/FEATURE_SPEC_AI026_persist_generated_tests.md,Documentation,428,#F7DC6F
./docs/specs/completed/FEATURE_SPEC_B015_journey_element_selection.md,Documentation,246,#F7DC6F
./docs/specs/completed/FEATURE_SPEC_B0XX_scrape_quality_consistency.md,Documentation,273,#F7DC6F
./docs/specs/completed/FEATURE_SPEC_intelligent_scraping_pipeline.md,Documentation,246,#F7DC6F
./docs/specs/completed/FEATURE_SPEC_journey_scraper_silent_failure.md,Documentation,244,#F7DC6F
./docs/specs/completed/FEATURE_SPEC_multi_provider_llm.md,Documentation,387,#F7DC6F
./docs/specs/completed/FEATURE_SPEC_page_context_scraper.md,Documentation,332,#F7DC6F
./docs/specs/completed/FEATURE_SPEC_remove_pages_needed.md,Documentation,187,#F7DC6F
./docs/specs/completed/FEATURE_SPEC_run_results.md,Documentation,280,#F7DC6F
./docs/specs/completed/FEATURE_SPEC_visual_element_enrichment.md,Documentation,334,#F7DC6F
./docs/walkthrough.md,Documentation,2040,#F7DC6F
./exported_tests/20260724_170134_source/README.md,Documentation,25,#F7DC6F
./exported_tests/20260724_170134_source/conftest.py,Other,7,#AEB6BF
./exported_tests/20260724_170134_source/package_manifest.json,Other,9,#AEB6BF
./exported_tests/20260724_170134_source/pages/__init__.py,Other,0,#AEB6BF
./exported_tests/20260724_170134_source/pages/po_login.py,Other,9,#AEB6BF
./exported_tests/20260724_170134_source/test_login.py,Other,2,#AEB6BF
./exported_tests/20260724_175332_source/README.md,Documentation,25,#F7DC6F
./exported_tests/20260724_175332_source/conftest.py,Other,7,#AEB6BF
./exported_tests/20260724_175332_source/package_manifest.json,Other,9,#AEB6BF
./exported_tests/20260724_175332_source/pages/__init__.py,Other,0,#AEB6BF
./exported_tests/20260724_175332_source/pages/po_login.py,Other,9,#AEB6BF
./exported_tests/20260724_175332_source/test_login.py,Other,2,#AEB6BF
./exported_tests/20260725_135757_source/README.md,Documentation,25,#F7DC6F
./exported_tests/20260725_135757_source/conftest.py,Other,7,#AEB6BF
./exported_tests/20260725_135757_source/pages/__init__.py,Other,0,#AEB6BF
./exported_tests/20260725_135757_source/pages/po_login.py,Other,9,#AEB6BF
./exported_tests/20260725_135757_source/test_login.py,Other,4,#AEB6BF
./exported_tests/20260725_135758_source/README.md,Documentation,25,#F7DC6F
./exported_tests/20260725_135758_source/conftest.py,Other,7,#AEB6BF
./exported_tests/20260725_135758_source/package_manifest.json,Other,9,#AEB6BF
./exported_tests/20260725_135758_source/test_login.py,Other,2,#AEB6BF
./exported_tests/20260726_004415_source/README.md,Documentation,25,#F7DC6F
./exported_tests/20260726_004415_source/conftest.py,Other,7,#AEB6BF
./exported_tests/20260726_004415_source/package_manifest.json,Other,9,#AEB6BF
./exported_tests/20260726_004415_source/pages/__init__.py,Other,0,#AEB6BF
./exported_tests/20260726_004415_source/pages/po_login.py,Other,9,#AEB6BF
./exported_tests/20260726_004415_source/test_login.py,Other,2,#AEB6BF
./exported_tests/20260726_004603_source/README.md,Documentation,25,#F7DC6F
./exported_tests/20260726_004603_source/conftest.py,Other,7,#AEB6BF
./exported_tests/20260726_004603_source/package_manifest.json,Other,9,#AEB6BF
./exported_tests/20260726_004603_source/pages/__init__.py,Other,0,#AEB6BF
./exported_tests/20260726_004603_source/pages/po_login.py,Other,9,#AEB6BF
./exported_tests/20260726_004603_source/test_login.py,Other,2,#AEB6BF
./exported_tests/20260726_005033_source/README.md,Documentation,25,#F7DC6F
./exported_tests/20260726_005033_source/conftest.py,Other,7,#AEB6BF
./exported_tests/20260726_005033_source/package_manifest.json,Other,9,#AEB6BF
./exported_tests/20260726_005033_source/pages/__init__.py,Other,0,#AEB6BF
./exported_tests/20260726_005033_source/pages/po_login.py,Other,9,#AEB6BF
./exported_tests/20260726_005033_source/test_login.py,Other,2,#AEB6BF
./exported_tests/20260726_094905_source/README.md,Documentation,25,#F7DC6F
./exported_tests/20260726_094905_source/conftest.py,Other,7,#AEB6BF
./exported_tests/20260726_094905_source/package_manifest.json,Other,9,#AEB6BF
./exported_tests/20260726_094905_source/pages/__init__.py,Other,0,#AEB6BF
./exported_tests/20260726_094905_source/pages/po_login.py,Other,9,#AEB6BF
./exported_tests/20260726_094905_source/test_login.py,Other,2,#AEB6BF
./exported_tests/20260726_144010_source/README.md,Documentation,25,#F7DC6F
./exported_tests/20260726_144010_source/conftest.py,Other,7,#AEB6BF
./exported_tests/20260726_144010_source/package_manifest.json,Other,9,#AEB6BF
./exported_tests/20260726_144010_source/pages/__init__.py,Other,0,#AEB6BF
./exported_tests/20260726_144010_source/pages/po_login.py,Other,9,#AEB6BF
./exported_tests/20260726_144010_source/test_login.py,Other,2,#AEB6BF
./exported_tests/20260726_144921_source/README.md,Documentation,25,#F7DC6F
./exported_tests/20260726_144921_source/conftest.py,Other,7,#AEB6BF
./exported_tests/20260726_144921_source/package_manifest.json,Other,9,#AEB6BF
./exported_tests/20260726_144921_source/pages/__init__.py,Other,0,#AEB6BF
./exported_tests/20260726_144921_source/pages/po_login.py,Other,9,#AEB6BF
./exported_tests/20260726_144921_source/test_login.py,Other,2,#AEB6BF
./exported_tests/20260726_155859_source/README.md,Documentation,25,#F7DC6F
./exported_tests/20260726_155859_source/conftest.py,Other,7,#AEB6BF
./exported_tests/20260726_155859_source/package_manifest.json,Other,9,#AEB6BF
./exported_tests/20260726_155859_source/pages/__init__.py,Other,0,#AEB6BF
./exported_tests/20260726_155859_source/pages/po_login.py,Other,9,#AEB6BF
./exported_tests/20260726_155859_source/test_login.py,Other,2,#AEB6BF
./exported_tests/20260726_182757_source/README.md,Documentation,25,#F7DC6F
./exported_tests/20260726_182757_source/conftest.py,Other,7,#AEB6BF
./exported_tests/20260726_182757_source/package_manifest.json,Other,9,#AEB6BF
./exported_tests/20260726_182757_source/pages/__init__.py,Other,0,#AEB6BF
./exported_tests/20260726_182757_source/pages/po_login.py,Other,9,#AEB6BF
./exported_tests/20260726_182757_source/test_login.py,Other,2,#AEB6BF
./exported_tests/20260726_200427_source/README.md,Documentation,25,#F7DC6F
./exported_tests/20260726_200427_source/conftest.py,Other,7,#AEB6BF
./exported_tests/20260726_200427_source/package_manifest.json,Other,9,#AEB6BF
./exported_tests/20260726_200427_source/pages/__init__.py,Other,0,#AEB6BF
./exported_tests/20260726_200427_source/pages/po_login.py,Other,9,#AEB6BF
./exported_tests/20260726_200427_source/test_login.py,Other,2,#AEB6BF
./exported_tests/20260726_203020_source/README.md,Documentation,25,#F7DC6F
./exported_tests/20260726_203020_source/conftest.py,Other,7,#AEB6BF
./exported_tests/20260726_203020_source/package_manifest.json,Other,9,#AEB6BF
./exported_tests/20260726_203020_source/pages/__init__.py,Other,0,#AEB6BF
./exported_tests/20260726_203020_source/pages/po_login.py,Other,9,#AEB6BF
./exported_tests/20260726_203020_source/test_login.py,Other,2,#AEB6BF
./exported_tests/20260726_211158_source/README.md,Documentation,25,#F7DC6F
./exported_tests/20260726_211158_source/conftest.py,Other,7,#AEB6BF
./exported_tests/20260726_211158_source/package_manifest.json,Other,9,#AEB6BF
./exported_tests/20260726_211158_source/pages/__init__.py,Other,0,#AEB6BF
./exported_tests/20260726_211158_source/pages/po_login.py,Other,9,#AEB6BF
./exported_tests/20260726_211158_source/test_login.py,Other,2,#AEB6BF
./exported_tests/20260726_213546_source/README.md,Documentation,25,#F7DC6F
./exported_tests/20260726_213546_source/conftest.py,Other,7,#AEB6BF
./exported_tests/20260726_213546_source/package_manifest.json,Other,9,#AEB6BF
./exported_tests/20260726_213546_source/pages/__init__.py,Other,0,#AEB6BF
./exported_tests/20260726_213546_source/pages/po_login.py,Other,9,#AEB6BF
./exported_tests/20260726_213546_source/test_login.py,Other,2,#AEB6BF
./exported_tests/20260726_221136_source/README.md,Documentation,25,#F7DC6F
./exported_tests/20260726_221136_source/conftest.py,Other,7,#AEB6BF
./exported_tests/20260726_221136_source/package_manifest.json,Other,9,#AEB6BF
./exported_tests/20260726_221136_source/pages/__init__.py,Other,0,#AEB6BF
./exported_tests/20260726_221136_source/pages/po_login.py,Other,9,#AEB6BF
./exported_tests/20260726_221136_source/test_login.py,Other,2,#AEB6BF
./exported_tests/20260727_100200_source/README.md,Documentation,25,#F7DC6F
./exported_tests/20260727_100200_source/conftest.py,Other,7,#AEB6BF
./exported_tests/20260727_100200_source/package_manifest.json,Other,9,#AEB6BF
./exported_tests/20260727_100200_source/pages/__init__.py,Other,0,#AEB6BF
./exported_tests/20260727_100200_source/pages/po_login.py,Other,9,#AEB6BF
./exported_tests/20260727_100200_source/test_login.py,Other,2,#AEB6BF
./exported_tests/20260727_105230_source/README.md,Documentation,25,#F7DC6F
./exported_tests/20260727_105230_source/conftest.py,Other,7,#AEB6BF
./exported_tests/20260727_105230_source/package_manifest.json,Other,9,#AEB6BF
./exported_tests/20260727_105230_source/pages/__init__.py,Other,0,#AEB6BF
./exported_tests/20260727_105230_source/pages/po_login.py,Other,9,#AEB6BF
./exported_tests/20260727_105230_source/test_login.py,Other,2,#AEB6BF
./exported_tests/20260727_131156_source/README.md,Documentation,25,#F7DC6F
./exported_tests/20260727_131156_source/conftest.py,Other,7,#AEB6BF
./exported_tests/20260727_131156_source/package_manifest.json,Other,9,#AEB6BF
./exported_tests/20260727_131156_source/pages/__init__.py,Other,0,#AEB6BF
./exported_tests/20260727_131156_source/pages/po_login.py,Other,9,#AEB6BF
./exported_tests/20260727_131156_source/test_login.py,Other,2,#AEB6BF
./exported_tests/20260727_140324_source/README.md,Documentation,25,#F7DC6F
./exported_tests/20260727_140324_source/conftest.py,Other,7,#AEB6BF
./exported_tests/20260727_140324_source/package_manifest.json,Other,9,#AEB6BF
./exported_tests/20260727_140324_source/pages/__init__.py,Other,0,#AEB6BF
./exported_tests/20260727_140324_source/pages/po_login.py,Other,9,#AEB6BF
./exported_tests/20260727_140324_source/test_login.py,Other,2,#AEB6BF
./exported_tests/20260727_143948_source/README.md,Documentation,25,#F7DC6F
./exported_tests/20260727_143948_source/conftest.py,Other,7,#AEB6BF
./exported_tests/20260727_143948_source/package_manifest.json,Other,9,#AEB6BF
./exported_tests/20260727_143948_source/pages/__init__.py,Other,0,#AEB6BF
./exported_tests/20260727_143948_source/pages/po_login.py,Other,9,#AEB6BF
./exported_tests/20260727_143948_source/test_login.py,Other,2,#AEB6BF
./exported_tests/20260727_144324_source/README.md,Documentation,25,#F7DC6F
./exported_tests/20260727_144324_source/conftest.py,Other,7,#AEB6BF
./exported_tests/20260727_144324_source/package_manifest.json,Other,9,#AEB6BF
./exported_tests/20260727_144324_source/pages/__init__.py,Other,0,#AEB6BF
./exported_tests/20260727_144324_source/pages/po_login.py,Other,9,#AEB6BF
./exported_tests/20260727_144324_source/test_login.py,Other,2,#AEB6BF
./exported_tests/20260727_145107_source/README.md,Documentation,25,#F7DC6F
./exported_tests/20260727_145107_source/conftest.py,Other,7,#AEB6BF
./exported_tests/20260727_145107_source/package_manifest.json,Other,9,#AEB6BF
./exported_tests/20260727_145107_source/pages/__init__.py,Other,0,#AEB6BF
./exported_tests/20260727_145107_source/pages/po_login.py,Other,9,#AEB6BF
./exported_tests/20260727_145107_source/test_login.py,Other,2,#AEB6BF
./exported_tests/20260728_134719_source/README.md,Documentation,25,#F7DC6F
./exported_tests/20260728_134719_source/conftest.py,Other,7,#AEB6BF
./exported_tests/20260728_134719_source/package_manifest.json,Other,9,#AEB6BF
./exported_tests/20260728_134719_source/pages/__init__.py,Other,0,#AEB6BF
./exported_tests/20260728_134719_source/pages/po_login.py,Other,9,#AEB6BF
./exported_tests/20260728_134719_source/test_login.py,Other,2,#AEB6BF
./exported_tests/20260728_134856_source/README.md,Documentation,25,#F7DC6F
./exported_tests/20260728_134856_source/conftest.py,Other,7,#AEB6BF
./exported_tests/20260728_134856_source/package_manifest.json,Other,9,#AEB6BF
./exported_tests/20260728_134856_source/pages/__init__.py,Other,0,#AEB6BF
./exported_tests/20260728_134856_source/pages/po_login.py,Other,9,#AEB6BF
./exported_tests/20260728_134856_source/test_login.py,Other,2,#AEB6BF
./exported_tests/20260729_000657_source/README.md,Documentation,25,#F7DC6F
./exported_tests/20260729_000657_source/conftest.py,Other,7,#AEB6BF
./exported_tests/20260729_000657_source/package_manifest.json,Other,9,#AEB6BF
./exported_tests/20260729_000657_source/pages/__init__.py,Other,0,#AEB6BF
./exported_tests/20260729_000657_source/pages/po_login.py,Other,9,#AEB6BF
./exported_tests/20260729_000657_source/test_login.py,Other,2,#AEB6BF
./exported_tests/20260729_113141_source/README.md,Documentation,25,#F7DC6F
./exported_tests/20260729_113141_source/conftest.py,Other,7,#AEB6BF
./exported_tests/20260729_113141_source/package_manifest.json,Other,9,#AEB6BF
./exported_tests/20260729_113141_source/pages/__init__.py,Other,0,#AEB6BF
./exported_tests/20260729_113141_source/pages/po_login.py,Other,9,#AEB6BF
./exported_tests/20260729_113141_source/test_login.py,Other,2,#AEB6BF
./exported_tests/20260729_214441_source/README.md,Documentation,25,#F7DC6F
./exported_tests/20260729_214441_source/conftest.py,Other,7,#AEB6BF
./exported_tests/20260729_214441_source/package_manifest.json,Other,9,#AEB6BF
./exported_tests/20260729_214441_source/pages/__init__.py,Other,0,#AEB6BF
./exported_tests/20260729_214441_source/pages/po_login.py,Other,9,#AEB6BF
./exported_tests/20260729_214441_source/test_login.py,Other,2,#AEB6BF
./exported_tests/20260729_215505_source/README.md,Documentation,25,#F7DC6F
./exported_tests/20260729_215505_source/conftest.py,Other,7,#AEB6BF
./exported_tests/20260729_215505_source/package_manifest.json,Other,9,#AEB6BF
./exported_tests/20260729_215505_source/pages/__init__.py,Other,0,#AEB6BF
./exported_tests/20260729_215505_source/pages/po_login.py,Other,9,#AEB6BF
./exported_tests/20260729_215505_source/test_login.py,Other,2,#AEB6BF
./exported_tests/20260729_223508_source/README.md,Documentation,25,#F7DC6F
./exported_tests/20260729_223508_source/conftest.py,Other,7,#AEB6BF
./exported_tests/20260729_223508_source/package_manifest.json,Other,9,#AEB6BF
./exported_tests/20260729_223508_source/pages/__init__.py,Other,0,#AEB6BF
./exported_tests/20260729_223508_source/pages/po_login.py,Other,9,#AEB6BF
./exported_tests/20260729_223508_source/test_login.py,Other,2,#AEB6BF
./exported_tests/20260729_223717_source/README.md,Documentation,25,#F7DC6F
./exported_tests/20260729_223717_source/conftest.py,Other,7,#AEB6BF
./exported_tests/20260729_223717_source/package_manifest.json,Other,9,#AEB6BF
./exported_tests/20260729_223717_source/pages/__init__.py,Other,0,#AEB6BF
./exported_tests/20260729_223717_source/pages/po_login.py,Other,9,#AEB6BF
./exported_tests/20260729_223717_source/test_login.py,Other,2,#AEB6BF
./exported_tests/20260729_223930_source/README.md,Documentation,25,#F7DC6F
./exported_tests/20260729_223930_source/conftest.py,Other,7,#AEB6BF
./exported_tests/20260729_223930_source/package_manifest.json,Other,9,#AEB6BF
./exported_tests/20260729_223930_source/pages/__init__.py,Other,0,#AEB6BF
./exported_tests/20260729_223930_source/pages/po_login.py,Other,9,#AEB6BF
./exported_tests/20260729_223930_source/test_login.py,Other,2,#AEB6BF
./exported_tests/20260729_224130_source/README.md,Documentation,25,#F7DC6F
./exported_tests/20260729_224130_source/conftest.py,Other,7,#AEB6BF
./exported_tests/20260729_224130_source/package_manifest.json,Other,9,#AEB6BF
./exported_tests/20260729_224130_source/pages/__init__.py,Other,0,#AEB6BF
./exported_tests/20260729_224130_source/pages/po_login.py,Other,9,#AEB6BF
./exported_tests/20260729_224130_source/test_login.py,Other,2,#AEB6BF
./exported_tests/20260729_224323_source/README.md,Documentation,25,#F7DC6F
./exported_tests/20260729_224323_source/conftest.py,Other,7,#AEB6BF
./exported_tests/20260729_224323_source/package_manifest.json,Other,9,#AEB6BF
./exported_tests/20260729_224323_source/pages/__init__.py,Other,0,#AEB6BF
./exported_tests/20260729_224323_source/pages/po_login.py,Other,9,#AEB6BF
./exported_tests/20260729_224323_source/test_login.py,Other,2,#AEB6BF
./exported_tests/20260730_102133_source/README.md,Documentation,25,#F7DC6F
./exported_tests/20260730_102133_source/conftest.py,Other,7,#AEB6BF
./exported_tests/20260730_102133_source/package_manifest.json,Other,9,#AEB6BF
./exported_tests/20260730_102133_source/pages/__init__.py,Other,0,#AEB6BF
./exported_tests/20260730_102133_source/pages/po_login.py,Other,9,#AEB6BF
./exported_tests/20260730_102133_source/test_login.py,Other,2,#AEB6BF
./exported_tests/20260730_135918_source/README.md,Documentation,25,#F7DC6F
./exported_tests/20260730_135918_source/conftest.py,Other,7,#AEB6BF
./exported_tests/20260730_135918_source/package_manifest.json,Other,9,#AEB6BF
./exported_tests/20260730_135918_source/pages/__init__.py,Other,0,#AEB6BF
./exported_tests/20260730_135918_source/pages/po_login.py,Other,9,#AEB6BF
./exported_tests/20260730_135918_source/test_login.py,Other,2,#AEB6BF
./exported_tests/20260730_142140_source/README.md,Documentation,25,#F7DC6F
./exported_tests/20260730_142140_source/conftest.py,Other,7,#AEB6BF
./exported_tests/20260730_142140_source/package_manifest.json,Other,9,#AEB6BF
./exported_tests/20260730_142140_source/pages/__init__.py,Other,0,#AEB6BF
./exported_tests/20260730_142140_source/pages/po_login.py,Other,9,#AEB6BF
./exported_tests/20260730_142140_source/test_login.py,Other,2,#AEB6BF
./exported_tests/20260730_145728_source/README.md,Documentation,25,#F7DC6F
./exported_tests/20260730_145728_source/conftest.py,Other,7,#AEB6BF
./exported_tests/20260730_145728_source/package_manifest.json,Other,9,#AEB6BF
./exported_tests/20260730_145728_source/pages/__init__.py,Other,0,#AEB6BF
./exported_tests/20260730_145728_source/pages/po_login.py,Other,9,#AEB6BF
./exported_tests/20260730_145728_source/test_login.py,Other,2,#AEB6BF
./exported_tests/20260730_194720_source/README.md,Documentation,25,#F7DC6F
./exported_tests/20260730_194720_source/conftest.py,Other,7,#AEB6BF
./exported_tests/20260730_194720_source/package_manifest.json,Other,9,#AEB6BF
./exported_tests/20260730_194720_source/pages/__init__.py,Other,0,#AEB6BF
./exported_tests/20260730_194720_source/pages/po_login.py,Other,9,#AEB6BF
./exported_tests/20260730_194720_source/test_login.py,Other,2,#AEB6BF
./exported_tests/20260730_213443_source/README.md,Documentation,25,#F7DC6F
./exported_tests/20260730_213443_source/conftest.py,Other,7,#AEB6BF
./exported_tests/20260730_213443_source/package_manifest.json,Other,9,#AEB6BF
./exported_tests/20260730_213443_source/pages/__init__.py,Other,0,#AEB6BF
./exported_tests/20260730_213443_source/pages/po_login.py,Other,9,#AEB6BF
./exported_tests/20260730_213443_source/test_login.py,Other,2,#AEB6BF
./exported_tests/20260730_230126_source/README.md,Documentation,25,#F7DC6F
./exported_tests/20260730_230126_source/conftest.py,Other,7,#AEB6BF
./exported_tests/20260730_230126_source/package_manifest.json,Other,9,#AEB6BF
./exported_tests/20260730_230126_source/pages/__init__.py,Other,0,#AEB6BF
./exported_tests/20260730_230126_source/pages/po_login.py,Other,9,#AEB6BF
./exported_tests/20260730_230126_source/test_login.py,Other,2,#AEB6BF
./exported_tests/20260731_005204_source/README.md,Documentation,25,#F7DC6F
./exported_tests/20260731_005204_source/conftest.py,Other,7,#AEB6BF
./exported_tests/20260731_005204_source/package_manifest.json,Other,9,#AEB6BF
./exported_tests/20260731_005204_source/pages/__init__.py,Other,0,#AEB6BF
./exported_tests/20260731_005204_source/pages/po_login.py,Other,9,#AEB6BF
./exported_tests/20260731_005204_source/test_login.py,Other,2,#AEB6BF
./exported_tests/20260731_010723_source/README.md,Documentation,25,#F7DC6F
./exported_tests/20260731_010723_source/conftest.py,Other,7,#AEB6BF
./exported_tests/20260731_010723_source/package_manifest.json,Other,9,#AEB6BF
./exported_tests/20260731_010723_source/pages/__init__.py,Other,0,#AEB6BF
./exported_tests/20260731_010723_source/pages/po_login.py,Other,9,#AEB6BF
./exported_tests/20260731_010723_source/test_login.py,Other,2,#AEB6BF
./exported_tests/20260731_095641_source/README.md,Documentation,25,#F7DC6F
./exported_tests/20260731_095641_source/conftest.py,Other,7,#AEB6BF
./exported_tests/20260731_095641_source/package_manifest.json,Other,9,#AEB6BF
./exported_tests/20260731_095641_source/pages/__init__.py,Other,0,#AEB6BF
./exported_tests/20260731_095641_source/pages/po_login.py,Other,9,#AEB6BF
./exported_tests/20260731_095641_source/test_login.py,Other,2,#AEB6BF
./exported_tests/20260731_100521_source/README.md,Documentation,25,#F7DC6F
./exported_tests/20260731_100521_source/conftest.py,Other,7,#AEB6BF
./exported_tests/20260731_100521_source/package_manifest.json,Other,9,#AEB6BF
./exported_tests/20260731_100521_source/pages/__init__.py,Other,0,#AEB6BF
./exported_tests/20260731_100521_source/pages/po_login.py,Other,9,#AEB6BF
./exported_tests/20260731_100521_source/test_login.py,Other,2,#AEB6BF
./exported_tests/20260731_101327_source/README.md,Documentation,25,#F7DC6F
./exported_tests/20260731_101327_source/conftest.py,Other,7,#AEB6BF
./exported_tests/20260731_101327_source/package_manifest.json,Other,9,#AEB6BF
./exported_tests/20260731_101327_source/pages/__init__.py,Other,0,#AEB6BF
./exported_tests/20260731_101327_source/pages/po_login.py,Other,9,#AEB6BF
./exported_tests/20260731_101327_source/test_login.py,Other,2,#AEB6BF
./exported_tests/20260731_102110_source/README.md,Documentation,25,#F7DC6F
./exported_tests/20260731_102110_source/conftest.py,Other,7,#AEB6BF
./exported_tests/20260731_102110_source/package_manifest.json,Other,9,#AEB6BF
./exported_tests/20260731_102110_source/pages/__init__.py,Other,0,#AEB6BF
./exported_tests/20260731_102110_source/pages/po_login.py,Other,9,#AEB6BF
./exported_tests/20260731_102110_source/test_login.py,Other,2,#AEB6BF
./exported_tests/20260731_103426_source/README.md,Documentation,25,#F7DC6F
./exported_tests/20260731_103426_source/conftest.py,Other,7,#AEB6BF
./exported_tests/20260731_103426_source/package_manifest.json,Other,9,#AEB6BF
./exported_tests/20260731_103426_source/pages/__init__.py,Other,0,#AEB6BF
./exported_tests/20260731_103426_source/pages/po_login.py,Other,9,#AEB6BF
./exported_tests/20260731_103426_source/test_login.py,Other,2,#AEB6BF
./exported_tests/20260731_105658_source/README.md,Documentation,25,#F7DC6F
./exported_tests/20260731_105658_source/conftest.py,Other,7,#AEB6BF
./exported_tests/20260731_105658_source/package_manifest.json,Other,9,#AEB6BF
./exported_tests/20260731_105658_source/pages/__init__.py,Other,0,#AEB6BF
./exported_tests/20260731_105658_source/pages/po_login.py,Other,9,#AEB6BF
./exported_tests/20260731_105658_source/test_login.py,Other,2,#AEB6BF
./exported_tests/20260731_105853_source/README.md,Documentation,25,#F7DC6F
./exported_tests/20260731_105853_source/conftest.py,Other,7,#AEB6BF
./exported_tests/20260731_105853_source/package_manifest.json,Other,9,#AEB6BF
./exported_tests/20260731_105853_source/pages/__init__.py,Other,0,#AEB6BF
./exported_tests/20260731_105853_source/pages/po_login.py,Other,9,#AEB6BF
./exported_tests/20260731_105853_source/test_login.py,Other,2,#AEB6BF
./exported_tests/20260731_110116_source/README.md,Documentation,25,#F7DC6F
./exported_tests/20260731_110116_source/conftest.py,Other,7,#AEB6BF
./exported_tests/20260731_110116_source/package_manifest.json,Other,9,#AEB6BF
./exported_tests/20260731_110116_source/pages/__init__.py,Other,0,#AEB6BF
./exported_tests/20260731_110116_source/pages/po_login.py,Other,9,#AEB6BF
./exported_tests/20260731_110116_source/test_login.py,Other,2,#AEB6BF
./exported_tests/20260731_110814_source/README.md,Documentation,25,#F7DC6F
./exported_tests/20260731_110814_source/conftest.py,Other,7,#AEB6BF
./exported_tests/20260731_110814_source/package_manifest.json,Other,9,#AEB6BF
./exported_tests/20260731_110814_source/pages/__init__.py,Other,0,#AEB6BF
./exported_tests/20260731_110814_source/pages/po_login.py,Other,9,#AEB6BF
./exported_tests/20260731_110814_source/test_login.py,Other,2,#AEB6BF
./exported_tests/20260731_121219_source/README.md,Documentation,25,#F7DC6F
./exported_tests/20260731_121219_source/conftest.py,Other,7,#AEB6BF
./exported_tests/20260731_121219_source/package_manifest.json,Other,9,#AEB6BF
./exported_tests/20260731_121219_source/pages/__init__.py,Other,0,#AEB6BF
./exported_tests/20260731_121219_source/pages/po_login.py,Other,9,#AEB6BF
./exported_tests/20260731_121219_source/test_login.py,Other,2,#AEB6BF
./exported_tests/20260731_162455_source/README.md,Documentation,25,#F7DC6F
./exported_tests/20260731_162455_source/conftest.py,Other,7,#AEB6BF
./exported_tests/20260731_162455_source/package_manifest.json,Other,9,#AEB6BF
./exported_tests/20260731_162455_source/pages/__init__.py,Other,0,#AEB6BF
./exported_tests/20260731_162455_source/pages/po_login.py,Other,9,#AEB6BF
./exported_tests/20260731_162455_source/test_login.py,Other,2,#AEB6BF
./exported_tests/20260731_165140_source/README.md,Documentation,25,#F7DC6F
./exported_tests/20260731_165140_source/conftest.py,Other,7,#AEB6BF
./exported_tests/20260731_165140_source/package_manifest.json,Other,9,#AEB6BF
./exported_tests/20260731_165140_source/pages/__init__.py,Other,0,#AEB6BF
./exported_tests/20260731_165140_source/pages/po_login.py,Other,9,#AEB6BF
./exported_tests/20260731_165140_source/test_login.py,Other,2,#AEB6BF
./exported_tests/20260731_170347_source/README.md,Documentation,25,#F7DC6F
./exported_tests/20260731_170347_source/conftest.py,Other,7,#AEB6BF
./exported_tests/20260731_170347_source/package_manifest.json,Other,9,#AEB6BF
./exported_tests/20260731_170347_source/pages/__init__.py,Other,0,#AEB6BF
./exported_tests/20260731_170347_source/pages/po_login.py,Other,9,#AEB6BF
./exported_tests/20260731_170347_source/test_login.py,Other,2,#AEB6BF
./exported_tests/20260731_174539_source/README.md,Documentation,25,#F7DC6F
./exported_tests/20260731_174539_source/conftest.py,Other,7,#AEB6BF
./exported_tests/20260731_174539_source/package_manifest.json,Other,9,#AEB6BF
./exported_tests/20260731_174539_source/pages/__init__.py,Other,0,#AEB6BF
./exported_tests/20260731_174539_source/pages/po_login.py,Other,9,#AEB6BF
./exported_tests/20260731_174539_source/test_login.py,Other,2,#AEB6BF
./exported_tests/20260731_174850_source/README.md,Documentation,25,#F7DC6F
./exported_tests/20260731_174850_source/conftest.py,Other,7,#AEB6BF
./exported_tests/20260731_174850_source/package_manifest.json,Other,9,#AEB6BF
./exported_tests/20260731_174850_source/pages/__init__.py,Other,0,#AEB6BF
./exported_tests/20260731_174850_source/pages/po_login.py,Other,9,#AEB6BF
./exported_tests/20260731_174850_source/test_login.py,Other,2,#AEB6BF
./exported_tests/20260731_185120_source/README.md,Documentation,25,#F7DC6F
./exported_tests/20260731_185120_source/conftest.py,Other,7,#AEB6BF
./exported_tests/20260731_185120_source/package_manifest.json,Other,9,#AEB6BF
./exported_tests/20260731_185120_source/pages/__init__.py,Other,0,#AEB6BF
./exported_tests/20260731_185120_source/pages/po_login.py,Other,9,#AEB6BF
./exported_tests/20260731_185120_source/test_login.py,Other,2,#AEB6BF
./exported_tests/20260731_204220_source/README.md,Documentation,25,#F7DC6F
./exported_tests/20260731_204220_source/conftest.py,Other,7,#AEB6BF
./exported_tests/20260731_204220_source/package_manifest.json,Other,9,#AEB6BF
./exported_tests/20260731_204220_source/pages/__init__.py,Other,0,#AEB6BF
./exported_tests/20260731_204220_source/pages/po_login.py,Other,9,#AEB6BF
./exported_tests/20260731_204220_source/test_login.py,Other,2,#AEB6BF
./exported_tests/20260731_214913_source/README.md,Documentation,25,#F7DC6F
./exported_tests/20260731_214913_source/conftest.py,Other,7,#AEB6BF
./exported_tests/20260731_214913_source/package_manifest.json,Other,9,#AEB6BF
./exported_tests/20260731_214913_source/pages/__init__.py,Other,0,#AEB6BF
./exported_tests/20260731_214913_source/pages/po_login.py,Other,9,#AEB6BF
./exported_tests/20260731_214913_source/test_login.py,Other,2,#AEB6BF
./exported_tests/20260801_100949_source/README.md,Documentation,25,#F7DC6F
./exported_tests/20260801_100949_source/conftest.py,Other,7,#AEB6BF
./exported_tests/20260801_100949_source/package_manifest.json,Other,9,#AEB6BF
./exported_tests/20260801_100949_source/pages/__init__.py,Other,0,#AEB6BF
./exported_tests/20260801_100949_source/pages/po_login.py,Other,9,#AEB6BF
./exported_tests/20260801_100949_source/test_login.py,Other,2,#AEB6BF
./exported_tests/20260801_101458_source/README.md,Documentation,25,#F7DC6F
./exported_tests/20260801_101458_source/conftest.py,Other,7,#AEB6BF
./exported_tests/20260801_101458_source/package_manifest.json,Other,9,#AEB6BF
./exported_tests/20260801_101458_source/pages/__init__.py,Other,0,#AEB6BF
./exported_tests/20260801_101458_source/pages/po_login.py,Other,9,#AEB6BF
./exported_tests/20260801_101458_source/test_login.py,Other,2,#AEB6BF
./exported_tests/20260801_104448_source/README.md,Documentation,25,#F7DC6F
./exported_tests/20260801_104448_source/conftest.py,Other,7,#AEB6BF
./exported_tests/20260801_104448_source/package_manifest.json,Other,9,#AEB6BF
./exported_tests/20260801_104448_source/pages/__init__.py,Other,0,#AEB6BF
./exported_tests/20260801_104448_source/pages/po_login.py,Other,9,#AEB6BF
./exported_tests/20260801_104448_source/test_login.py,Other,2,#AEB6BF
./exported_tests/20260801_105514_source/README.md,Documentation,25,#F7DC6F
./exported_tests/20260801_105514_source/conftest.py,Other,7,#AEB6BF
./exported_tests/20260801_105514_source/package_manifest.json,Other,9,#AEB6BF
./exported_tests/20260801_105514_source/pages/__init__.py,Other,0,#AEB6BF
./exported_tests/20260801_105514_source/pages/po_login.py,Other,9,#AEB6BF
./exported_tests/20260801_105514_source/test_login.py,Other,2,#AEB6BF
./exported_tests/20260801_110855_source/README.md,Documentation,25,#F7DC6F
./exported_tests/20260801_110855_source/conftest.py,Other,7,#AEB6BF
./exported_tests/20260801_110855_source/package_manifest.json,Other,9,#AEB6BF
./exported_tests/20260801_110855_source/pages/__init__.py,Other,0,#AEB6BF
./exported_tests/20260801_110855_source/pages/po_login.py,Other,9,#AEB6BF
./exported_tests/20260801_110855_source/test_login.py,Other,2,#AEB6BF
./exported_tests/20260801_112646_source/README.md,Documentation,25,#F7DC6F
./exported_tests/20260801_112646_source/conftest.py,Other,7,#AEB6BF
./exported_tests/20260801_112646_source/package_manifest.json,Other,9,#AEB6BF
./exported_tests/20260801_112646_source/pages/__init__.py,Other,0,#AEB6BF
./exported_tests/20260801_112646_source/pages/po_login.py,Other,9,#AEB6BF
./exported_tests/20260801_112646_source/test_login.py,Other,2,#AEB6BF
./exported_tests/20260801_122635_source/README.md,Documentation,25,#F7DC6F
./exported_tests/20260801_122635_source/conftest.py,Other,7,#AEB6BF
./exported_tests/20260801_122635_source/package_manifest.json,Other,9,#AEB6BF
./exported_tests/20260801_122635_source/pages/__init__.py,Other,0,#AEB6BF
./exported_tests/20260801_122635_source/pages/po_login.py,Other,9,#AEB6BF
./exported_tests/20260801_122635_source/test_login.py,Other,2,#AEB6BF
./exported_tests/20260801_124305_source/README.md,Documentation,25,#F7DC6F
./exported_tests/20260801_124305_source/conftest.py,Other,7,#AEB6BF
./exported_tests/20260801_124305_source/package_manifest.json,Other,9,#AEB6BF
./exported_tests/20260801_124305_source/pages/__init__.py,Other,0,#AEB6BF
./exported_tests/20260801_124305_source/pages/po_login.py,Other,9,#AEB6BF
./exported_tests/20260801_124305_source/test_login.py,Other,2,#AEB6BF
./exported_tests/20260801_124832_source/README.md,Documentation,25,#F7DC6F
./exported_tests/20260801_124832_source/conftest.py,Other,7,#AEB6BF
./exported_tests/20260801_124832_source/pages/__init__.py,Other,0,#AEB6BF
./exported_tests/20260801_124832_source/pages/po_login.py,Other,9,#AEB6BF
./exported_tests/20260801_124832_source/test_login.py,Other,4,#AEB6BF
./exported_tests/20260801_124833_source/README.md,Documentation,25,#F7DC6F
./exported_tests/20260801_124833_source/conftest.py,Other,7,#AEB6BF
./exported_tests/20260801_124833_source/package_manifest.json,Other,9,#AEB6BF
./exported_tests/20260801_124833_source/test_login.py,Other,2,#AEB6BF
./exported_tests/20260801_133547_source/README.md,Documentation,25,#F7DC6F
./exported_tests/20260801_133547_source/conftest.py,Other,7,#AEB6BF
./exported_tests/20260801_133547_source/package_manifest.json,Other,9,#AEB6BF
./exported_tests/20260801_133547_source/pages/__init__.py,Other,0,#AEB6BF
./exported_tests/20260801_133547_source/pages/po_login.py,Other,9,#AEB6BF
./exported_tests/20260801_133547_source/test_login.py,Other,2,#AEB6BF
./exported_tests/20260801_134233_source/README.md,Documentation,25,#F7DC6F
./exported_tests/20260801_134233_source/conftest.py,Other,7,#AEB6BF
./exported_tests/20260801_134233_source/package_manifest.json,Other,9,#AEB6BF
./exported_tests/20260801_134233_source/pages/__init__.py,Other,0,#AEB6BF
./exported_tests/20260801_134233_source/pages/po_login.py,Other,9,#AEB6BF
./exported_tests/20260801_134233_source/test_login.py,Other,2,#AEB6BF
./exported_tests/20260801_134701_source/README.md,Documentation,25,#F7DC6F
./exported_tests/20260801_134701_source/conftest.py,Other,7,#AEB6BF
./exported_tests/20260801_134701_source/package_manifest.json,Other,9,#AEB6BF
./exported_tests/20260801_134701_source/pages/__init__.py,Other,0,#AEB6BF
./exported_tests/20260801_134701_source/pages/po_login.py,Other,9,#AEB6BF
./exported_tests/20260801_134701_source/test_login.py,Other,2,#AEB6BF
./exported_tests/20260801_143449_source/README.md,Documentation,25,#F7DC6F
./exported_tests/20260801_143449_source/conftest.py,Other,7,#AEB6BF
./exported_tests/20260801_143449_source/package_manifest.json,Other,9,#AEB6BF
./exported_tests/20260801_143449_source/pages/__init__.py,Other,0,#AEB6BF
./exported_tests/20260801_143449_source/pages/po_login.py,Other,9,#AEB6BF
./exported_tests/20260801_143449_source/test_login.py,Other,2,#AEB6BF
./exported_tests/20260801_144619_source/README.md,Documentation,25,#F7DC6F
./exported_tests/20260801_144619_source/conftest.py,Other,7,#AEB6BF
./exported_tests/20260801_144619_source/package_manifest.json,Other,9,#AEB6BF
./exported_tests/20260801_144619_source/pages/__init__.py,Other,0,#AEB6BF
./exported_tests/20260801_144619_source/pages/po_login.py,Other,9,#AEB6BF
./exported_tests/20260801_144619_source/test_login.py,Other,2,#AEB6BF
./exported_tests/20260801_160452_source/README.md,Documentation,25,#F7DC6F
./exported_tests/20260801_160452_source/conftest.py,Other,7,#AEB6BF
./exported_tests/20260801_160452_source/package_manifest.json,Other,9,#AEB6BF
./exported_tests/20260801_160452_source/pages/__init__.py,Other,0,#AEB6BF
./exported_tests/20260801_160452_source/pages/po_login.py,Other,9,#AEB6BF
./exported_tests/20260801_160452_source/test_login.py,Other,2,#AEB6BF
./exported_tests/20260801_163636_source/README.md,Documentation,25,#F7DC6F
./exported_tests/20260801_163636_source/conftest.py,Other,7,#AEB6BF
./exported_tests/20260801_163636_source/package_manifest.json,Other,9,#AEB6BF
./exported_tests/20260801_163636_source/pages/__init__.py,Other,0,#AEB6BF
./exported_tests/20260801_163636_source/pages/po_login.py,Other,9,#AEB6BF
./exported_tests/20260801_163636_source/test_login.py,Other,2,#AEB6BF
./exported_tests/20260801_180530_source/README.md,Documentation,25,#F7DC6F
./exported_tests/20260801_180530_source/conftest.py,Other,7,#AEB6BF
./exported_tests/20260801_180530_source/package_manifest.json,Other,9,#AEB6BF
./exported_tests/20260801_180530_source/pages/__init__.py,Other,0,#AEB6BF
./exported_tests/20260801_180530_source/pages/po_login.py,Other,9,#AEB6BF
./exported_tests/20260801_180530_source/test_login.py,Other,2,#AEB6BF
./exported_tests/20260801_181417_source/README.md,Documentation,25,#F7DC6F
./exported_tests/20260801_181417_source/conftest.py,Other,7,#AEB6BF
./exported_tests/20260801_181417_source/package_manifest.json,Other,9,#AEB6BF
./exported_tests/20260801_181417_source/pages/__init__.py,Other,0,#AEB6BF
./exported_tests/20260801_181417_source/pages/po_login.py,Other,9,#AEB6BF
./exported_tests/20260801_181417_source/test_login.py,Other,2,#AEB6BF
./exported_tests/20260801_181635_source/README.md,Documentation,25,#F7DC6F
./exported_tests/20260801_181635_source/conftest.py,Other,7,#AEB6BF
./exported_tests/20260801_181635_source/package_manifest.json,Other,9,#AEB6BF
./exported_tests/20260801_181635_source/pages/__init__.py,Other,0,#AEB6BF
./exported_tests/20260801_181635_source/pages/po_login.py,Other,9,#AEB6BF
./exported_tests/20260801_181635_source/test_login.py,Other,2,#AEB6BF
./exported_tests/20260801_182931_source/README.md,Documentation,25,#F7DC6F
./exported_tests/20260801_182931_source/conftest.py,Other,7,#AEB6BF
./exported_tests/20260801_182931_source/package_manifest.json,Other,9,#AEB6BF
./exported_tests/20260801_182931_source/pages/__init__.py,Other,0,#AEB6BF
./exported_tests/20260801_182931_source/pages/po_login.py,Other,9,#AEB6BF
./exported_tests/20260801_182931_source/test_login.py,Other,2,#AEB6BF
./exported_tests/20260801_183938_source/README.md,Documentation,25,#F7DC6F
./exported_tests/20260801_183938_source/conftest.py,Other,7,#AEB6BF
./exported_tests/20260801_183938_source/package_manifest.json,Other,9,#AEB6BF
./exported_tests/20260801_183938_source/pages/__init__.py,Other,0,#AEB6BF
./exported_tests/20260801_183938_source/pages/po_login.py,Other,9,#AEB6BF
./exported_tests/20260801_183938_source/test_login.py,Other,2,#AEB6BF
./exported_tests/20260801_195749_source/README.md,Documentation,25,#F7DC6F
./exported_tests/20260801_195749_source/conftest.py,Other,7,#AEB6BF
./exported_tests/20260801_195749_source/package_manifest.json,Other,9,#AEB6BF
./exported_tests/20260801_195749_source/pages/__init__.py,Other,0,#AEB6BF
./exported_tests/20260801_195749_source/pages/po_login.py,Other,9,#AEB6BF
./exported_tests/20260801_195749_source/test_login.py,Other,2,#AEB6BF
./exported_tests/20260801_212038_source/README.md,Documentation,25,#F7DC6F
./exported_tests/20260801_212038_source/conftest.py,Other,7,#AEB6BF
./exported_tests/20260801_212038_source/package_manifest.json,Other,9,#AEB6BF
./exported_tests/20260801_212038_source/pages/__init__.py,Other,0,#AEB6BF
./exported_tests/20260801_212038_source/pages/po_login.py,Other,9,#AEB6BF
./exported_tests/20260801_212038_source/test_login.py,Other,2,#AEB6BF
./exported_tests/20260801_235058_source/README.md,Documentation,25,#F7DC6F
./exported_tests/20260801_235058_source/conftest.py,Other,7,#AEB6BF
./exported_tests/20260801_235058_source/package_manifest.json,Other,9,#AEB6BF
./exported_tests/20260801_235058_source/pages/__init__.py,Other,0,#AEB6BF
./exported_tests/20260801_235058_source/pages/po_login.py,Other,9,#AEB6BF
./exported_tests/20260801_235058_source/test_login.py,Other,2,#AEB6BF
./exported_tests/20260802_012738_source/README.md,Documentation,25,#F7DC6F
./exported_tests/20260802_012738_source/conftest.py,Other,7,#AEB6BF
./exported_tests/20260802_012738_source/package_manifest.json,Other,9,#AEB6BF
./exported_tests/20260802_012738_source/pages/__init__.py,Other,0,#AEB6BF
./exported_tests/20260802_012738_source/pages/po_login.py,Other,9,#AEB6BF
./exported_tests/20260802_012738_source/test_login.py,Other,2,#AEB6BF
./exported_tests/20260802_105907_source/README.md,Documentation,25,#F7DC6F
./exported_tests/20260802_105907_source/conftest.py,Other,7,#AEB6BF
./exported_tests/20260802_105907_source/pages/__init__.py,Other,0,#AEB6BF
./exported_tests/20260802_105907_source/pages/po_login.py,Other,9,#AEB6BF
./exported_tests/20260802_105907_source/test_login.py,Other,4,#AEB6BF
./exported_tests/20260802_105908_source/README.md,Documentation,25,#F7DC6F
./exported_tests/20260802_105908_source/conftest.py,Other,7,#AEB6BF
./exported_tests/20260802_105908_source/package_manifest.json,Other,9,#AEB6BF
./exported_tests/20260802_105908_source/test_login.py,Other,2,#AEB6BF
./exported_tests/20260802_110001_source/README.md,Documentation,25,#F7DC6F
./exported_tests/20260802_110001_source/conftest.py,Other,7,#AEB6BF
./exported_tests/20260802_110001_source/package_manifest.json,Other,9,#AEB6BF
./exported_tests/20260802_110001_source/pages/__init__.py,Other,0,#AEB6BF
./exported_tests/20260802_110001_source/pages/po_login.py,Other,9,#AEB6BF
./exported_tests/20260802_110001_source/test_login.py,Other,2,#AEB6BF
./exported_tests/20260802_110054_source/README.md,Documentation,25,#F7DC6F
./exported_tests/20260802_110054_source/conftest.py,Other,7,#AEB6BF
./exported_tests/20260802_110054_source/package_manifest.json,Other,9,#AEB6BF
./exported_tests/20260802_110054_source/pages/__init__.py,Other,0,#AEB6BF
./exported_tests/20260802_110054_source/pages/po_login.py,Other,9,#AEB6BF
./exported_tests/20260802_110054_source/test_login.py,Other,2,#AEB6BF
./exported_tests/20260802_112434_source/README.md,Documentation,25,#F7DC6F
./exported_tests/20260802_112434_source/conftest.py,Other,7,#AEB6BF
./exported_tests/20260802_112434_source/pages/__init__.py,Other,0,#AEB6BF
./exported_tests/20260802_112434_source/pages/po_login.py,Other,9,#AEB6BF
./exported_tests/20260802_112434_source/test_login.py,Other,4,#AEB6BF
./exported_tests/20260802_121308_source/README.md,Documentation,25,#F7DC6F
./exported_tests/20260802_121308_source/conftest.py,Other,7,#AEB6BF
./exported_tests/20260802_121308_source/pages/__init__.py,Other,0,#AEB6BF
./exported_tests/20260802_121308_source/pages/po_login.py,Other,9,#AEB6BF
./exported_tests/20260802_121308_source/test_login.py,Other,4,#AEB6BF
./exported_tests/20260802_121309_source/README.md,Documentation,25,#F7DC6F
./exported_tests/20260802_121309_source/conftest.py,Other,7,#AEB6BF
./exported_tests/20260802_121309_source/package_manifest.json,Other,9,#AEB6BF
./exported_tests/20260802_121309_source/test_login.py,Other,2,#AEB6BF
./exported_tests/20260802_125524_source/README.md,Documentation,25,#F7DC6F
./exported_tests/20260802_125524_source/conftest.py,Other,7,#AEB6BF
./exported_tests/20260802_125524_source/package_manifest.json,Other,9,#AEB6BF
./exported_tests/20260802_125524_source/pages/__init__.py,Other,0,#AEB6BF
./exported_tests/20260802_125524_source/pages/po_login.py,Other,9,#AEB6BF
./exported_tests/20260802_125524_source/test_login.py,Other,2,#AEB6BF
./exported_tests/20260802_134218_source/README.md,Documentation,25,#F7DC6F
./exported_tests/20260802_134218_source/conftest.py,Other,7,#AEB6BF
./exported_tests/20260802_134218_source/package_manifest.json,Other,9,#AEB6BF
./exported_tests/20260802_134218_source/pages/__init__.py,Other,0,#AEB6BF
./exported_tests/20260802_134218_source/pages/po_login.py,Other,9,#AEB6BF
./exported_tests/20260802_134218_source/test_login.py,Other,2,#AEB6BF
./exported_tests/20260802_135722_source/README.md,Documentation,25,#F7DC6F
./exported_tests/20260802_135722_source/conftest.py,Other,7,#AEB6BF
./exported_tests/20260802_135722_source/package_manifest.json,Other,9,#AEB6BF
./exported_tests/20260802_135722_source/pages/__init__.py,Other,0,#AEB6BF
./exported_tests/20260802_135722_source/pages/po_login.py,Other,9,#AEB6BF
./exported_tests/20260802_135722_source/test_login.py,Other,2,#AEB6BF
./exported_tests/20260802_135946_source/README.md,Documentation,25,#F7DC6F
./exported_tests/20260802_135946_source/conftest.py,Other,7,#AEB6BF
./exported_tests/20260802_135946_source/package_manifest.json,Other,9,#AEB6BF
./exported_tests/20260802_135946_source/pages/__init__.py,Other,0,#AEB6BF
./exported_tests/20260802_135946_source/pages/po_login.py,Other,9,#AEB6BF
./exported_tests/20260802_135946_source/test_login.py,Other,2,#AEB6BF
./exported_tests/20260802_142431_source/README.md,Documentation,25,#F7DC6F
./exported_tests/20260802_142431_source/conftest.py,Other,7,#AEB6BF
./exported_tests/20260802_142431_source/package_manifest.json,Other,9,#AEB6BF
./exported_tests/20260802_142431_source/pages/__init__.py,Other,0,#AEB6BF
./exported_tests/20260802_142431_source/pages/po_login.py,Other,9,#AEB6BF
./exported_tests/20260802_142431_source/test_login.py,Other,2,#AEB6BF
./exported_tests/20260802_150623_source/README.md,Documentation,25,#F7DC6F
./exported_tests/20260802_150623_source/conftest.py,Other,7,#AEB6BF
./exported_tests/20260802_150623_source/package_manifest.json,Other,9,#AEB6BF
./exported_tests/20260802_150623_source/pages/__init__.py,Other,0,#AEB6BF
./exported_tests/20260802_150623_source/pages/po_login.py,Other,9,#AEB6BF
./exported_tests/20260802_150623_source/test_login.py,Other,2,#AEB6BF
./exported_tests/20260802_155757_source/README.md,Documentation,25,#F7DC6F
./exported_tests/20260802_155757_source/conftest.py,Other,7,#AEB6BF
./exported_tests/20260802_155757_source/package_manifest.json,Other,9,#AEB6BF
./exported_tests/20260802_155757_source/pages/__init__.py,Other,0,#AEB6BF
./exported_tests/20260802_155757_source/pages/po_login.py,Other,9,#AEB6BF
./exported_tests/20260802_155757_source/test_login.py,Other,2,#AEB6BF
./exported_tests/20260802_160158_source/README.md,Documentation,25,#F7DC6F
./exported_tests/20260802_160158_source/conftest.py,Other,7,#AEB6BF
./exported_tests/20260802_160158_source/package_manifest.json,Other,9,#AEB6BF
./exported_tests/20260802_160158_source/pages/__init__.py,Other,0,#AEB6BF
./exported_tests/20260802_160158_source/pages/po_login.py,Other,9,#AEB6BF
./exported_tests/20260802_160158_source/test_login.py,Other,2,#AEB6BF
./exported_tests/20260802_180820_user_story_as_a_shopper_i_want_to_view_product/README.md,Documentation,25,#F7DC6F
./exported_tests/20260802_180820_user_story_as_a_shopper_i_want_to_view_product/conftest.py,Other,7,#AEB6BF
./exported_tests/20260802_181655_user_story_as_a_shopper_i_want_to_view_product/README.md,Documentation,25,#F7DC6F
./exported_tests/20260802_181655_user_story_as_a_shopper_i_want_to_view_product/conftest.py,Other,7,#AEB6BF
./exported_tests/20260802_181655_user_story_as_a_shopper_i_want_to_view_product/package_manifest.json,Other,23,#AEB6BF
./exported_tests/20260802_181655_user_story_as_a_shopper_i_want_to_view_product/scrape_manifest.json,Other,16313,#AEB6BF
./exported_tests/20260802_181655_user_story_as_a_shopper_i_want_to_view_product/test_as_a_shopper_i_want_to_view_product_details_on_the.py,Other,36,#AEB6BF
./exported_tests/20260802_182231_source/README.md,Documentation,25,#F7DC6F
./exported_tests/20260802_182231_source/conftest.py,Other,7,#AEB6BF
./exported_tests/20260802_182231_source/package_manifest.json,Other,9,#AEB6BF
./exported_tests/20260802_182231_source/pages/__init__.py,Other,0,#AEB6BF
./exported_tests/20260802_182231_source/pages/po_login.py,Other,9,#AEB6BF
./exported_tests/20260802_182231_source/test_login.py,Other,2,#AEB6BF
./exported_tests/20260802_193621_source/README.md,Documentation,25,#F7DC6F
./exported_tests/20260802_193621_source/conftest.py,Other,7,#AEB6BF
./exported_tests/20260802_193621_source/pages/__init__.py,Other,0,#AEB6BF
./exported_tests/20260802_193621_source/pages/po_login.py,Other,9,#AEB6BF
./exported_tests/20260802_193621_source/test_login.py,Other,4,#AEB6BF
./exported_tests/20260802_193622_source/README.md,Documentation,25,#F7DC6F
./exported_tests/20260802_193622_source/conftest.py,Other,7,#AEB6BF
./exported_tests/20260802_193622_source/package_manifest.json,Other,9,#AEB6BF
./exported_tests/20260802_193622_source/test_login.py,Other,2,#AEB6BF
./exported_tests/20260802_194342_source/README.md,Documentation,25,#F7DC6F
./exported_tests/20260802_194342_source/conftest.py,Other,7,#AEB6BF
./exported_tests/20260802_194342_source/package_manifest.json,Other,9,#AEB6BF
./exported_tests/20260802_194342_source/pages/__init__.py,Other,0,#AEB6BF
./exported_tests/20260802_194342_source/pages/po_login.py,Other,9,#AEB6BF
./exported_tests/20260802_194342_source/test_login.py,Other,2,#AEB6BF
./exported_tests/20260802_200057_source/README.md,Documentation,25,#F7DC6F
./exported_tests/20260802_200057_source/conftest.py,Other,7,#AEB6BF
./exported_tests/20260802_200057_source/package_manifest.json,Other,9,#AEB6BF
./exported_tests/20260802_200057_source/pages/__init__.py,Other,0,#AEB6BF
./exported_tests/20260802_200057_source/pages/po_login.py,Other,9,#AEB6BF
./exported_tests/20260802_200057_source/test_login.py,Other,2,#AEB6BF
./exported_tests/20260803_000503_source/README.md,Documentation,25,#F7DC6F
./exported_tests/20260803_000503_source/conftest.py,Other,7,#AEB6BF
./exported_tests/20260803_000503_source/package_manifest.json,Other,9,#AEB6BF
./exported_tests/20260803_000503_source/pages/__init__.py,Other,0,#AEB6BF
./exported_tests/20260803_000503_source/pages/po_login.py,Other,9,#AEB6BF
./exported_tests/20260803_000503_source/test_login.py,Other,2,#AEB6BF
./exported_tests/20260803_001306_source/README.md,Documentation,25,#F7DC6F
./exported_tests/20260803_001306_source/conftest.py,Other,7,#AEB6BF
./exported_tests/20260803_001306_source/package_manifest.json,Other,9,#AEB6BF
./exported_tests/20260803_001306_source/pages/__init__.py,Other,0,#AEB6BF
./exported_tests/20260803_001306_source/pages/po_login.py,Other,9,#AEB6BF
./exported_tests/20260803_001306_source/test_login.py,Other,2,#AEB6BF
./exported_tests/20260803_004556_source/README.md,Documentation,25,#F7DC6F
./exported_tests/20260803_004556_source/conftest.py,Other,7,#AEB6BF
./exported_tests/20260803_004556_source/package_manifest.json,Other,9,#AEB6BF
./exported_tests/20260803_004556_source/pages/__init__.py,Other,0,#AEB6BF
./exported_tests/20260803_004556_source/pages/po_login.py,Other,9,#AEB6BF
./exported_tests/20260803_004556_source/test_login.py,Other,2,#AEB6BF
./exported_tests/20260803_004814_source/README.md,Documentation,25,#F7DC6F
./exported_tests/20260803_004814_source/conftest.py,Other,7,#AEB6BF
./exported_tests/20260803_004814_source/package_manifest.json,Other,9,#AEB6BF
./exported_tests/20260803_004814_source/pages/__init__.py,Other,0,#AEB6BF
./exported_tests/20260803_004814_source/pages/po_login.py,Other,9,#AEB6BF
./exported_tests/20260803_004814_source/test_login.py,Other,2,#AEB6BF
./exported_tests/20260803_012917_source/README.md,Documentation,25,#F7DC6F
./exported_tests/20260803_012917_source/conftest.py,Other,7,#AEB6BF
./exported_tests/20260803_012917_source/package_manifest.json,Other,9,#AEB6BF
./exported_tests/20260803_012917_source/pages/__init__.py,Other,0,#AEB6BF
./exported_tests/20260803_012917_source/pages/po_login.py,Other,9,#AEB6BF
./exported_tests/20260803_012917_source/test_login.py,Other,2,#AEB6BF
./exported_tests/20260803_014922_source/README.md,Documentation,25,#F7DC6F
./exported_tests/20260803_014922_source/conftest.py,Other,7,#AEB6BF
./exported_tests/20260803_014922_source/package_manifest.json,Other,9,#AEB6BF
./exported_tests/20260803_014922_source/pages/__init__.py,Other,0,#AEB6BF
./exported_tests/20260803_014922_source/pages/po_login.py,Other,9,#AEB6BF
./exported_tests/20260803_014922_source/test_login.py,Other,2,#AEB6BF
./exported_tests/20260803_015636_source/README.md,Documentation,25,#F7DC6F
./exported_tests/20260803_015636_source/conftest.py,Other,7,#AEB6BF
./exported_tests/20260803_015636_source/package_manifest.json,Other,9,#AEB6BF
./exported_tests/20260803_015636_source/pages/__init__.py,Other,0,#AEB6BF
./exported_tests/20260803_015636_source/pages/po_login.py,Other,9,#AEB6BF
./exported_tests/20260803_015636_source/test_login.py,Other,2,#AEB6BF
./exported_tests/20260803_021038_source/README.md,Documentation,25,#F7DC6F
./exported_tests/20260803_021038_source/conftest.py,Other,7,#AEB6BF
./exported_tests/20260803_021038_source/package_manifest.json,Other,9,#AEB6BF
./exported_tests/20260803_021038_source/pages/__init__.py,Other,0,#AEB6BF
./exported_tests/20260803_021038_source/pages/po_login.py,Other,9,#AEB6BF
./exported_tests/20260803_021038_source/test_login.py,Other,2,#AEB6BF
./exported_tests/20260803_021336_source/README.md,Documentation,25,#F7DC6F
./exported_tests/20260803_021336_source/conftest.py,Other,7,#AEB6BF
./exported_tests/20260803_021336_source/package_manifest.json,Other,9,#AEB6BF
./exported_tests/20260803_021336_source/pages/__init__.py,Other,0,#AEB6BF
./exported_tests/20260803_021336_source/pages/po_login.py,Other,9,#AEB6BF
./exported_tests/20260803_021336_source/test_login.py,Other,2,#AEB6BF
./exported_tests/20260803_024245_source/README.md,Documentation,25,#F7DC6F
./exported_tests/20260803_024245_source/conftest.py,Other,7,#AEB6BF
./exported_tests/20260803_024245_source/package_manifest.json,Other,9,#AEB6BF
./exported_tests/20260803_024245_source/pages/__init__.py,Other,0,#AEB6BF
./exported_tests/20260803_024245_source/pages/po_login.py,Other,9,#AEB6BF
./exported_tests/20260803_024245_source/test_login.py,Other,2,#AEB6BF
./exported_tests/20260803_032528_source/README.md,Documentation,25,#F7DC6F
./exported_tests/20260803_032528_source/conftest.py,Other,7,#AEB6BF
./exported_tests/20260803_032528_source/package_manifest.json,Other,9,#AEB6BF
./exported_tests/20260803_032528_source/pages/__init__.py,Other,0,#AEB6BF
./exported_tests/20260803_032528_source/pages/po_login.py,Other,9,#AEB6BF
./exported_tests/20260803_032528_source/test_login.py,Other,2,#AEB6BF
./exported_tests/20260803_095211_source/README.md,Documentation,25,#F7DC6F
./exported_tests/20260803_095211_source/conftest.py,Other,7,#AEB6BF
./exported_tests/20260803_095211_source/package_manifest.json,Other,9,#AEB6BF
./exported_tests/20260803_095211_source/pages/__init__.py,Other,0,#AEB6BF
./exported_tests/20260803_095211_source/pages/po_login.py,Other,9,#AEB6BF
./exported_tests/20260803_095211_source/test_login.py,Other,2,#AEB6BF
./exported_tests/20260803_121038_source/README.md,Documentation,25,#F7DC6F
./exported_tests/20260803_121038_source/conftest.py,Other,7,#AEB6BF
./exported_tests/20260803_121038_source/package_manifest.json,Other,9,#AEB6BF
./exported_tests/20260803_121038_source/pages/__init__.py,Other,0,#AEB6BF
./exported_tests/20260803_121038_source/pages/po_login.py,Other,9,#AEB6BF
./exported_tests/20260803_121038_source/test_login.py,Other,2,#AEB6BF
./exported_tests/20260803_124504_source/README.md,Documentation,25,#F7DC6F
./exported_tests/20260803_124504_source/conftest.py,Other,7,#AEB6BF
./exported_tests/20260803_124504_source/package_manifest.json,Other,9,#AEB6BF
./exported_tests/20260803_124504_source/pages/__init__.py,Other,0,#AEB6BF
./exported_tests/20260803_124504_source/pages/po_login.py,Other,9,#AEB6BF
./exported_tests/20260803_124504_source/test_login.py,Other,2,#AEB6BF
./exported_tests/20260803_130036_source/README.md,Documentation,25,#F7DC6F
./exported_tests/20260803_130036_source/conftest.py,Other,7,#AEB6BF
./exported_tests/20260803_130036_source/package_manifest.json,Other,9,#AEB6BF
./exported_tests/20260803_130036_source/pages/__init__.py,Other,0,#AEB6BF
./exported_tests/20260803_130036_source/pages/po_login.py,Other,9,#AEB6BF
./exported_tests/20260803_130036_source/test_login.py,Other,2,#AEB6BF
./exported_tests/20260803_131056_source/README.md,Documentation,25,#F7DC6F
./exported_tests/20260803_131056_source/conftest.py,Other,7,#AEB6BF
./exported_tests/20260803_131056_source/package_manifest.json,Other,9,#AEB6BF
./exported_tests/20260803_131056_source/pages/__init__.py,Other,0,#AEB6BF
./exported_tests/20260803_131056_source/pages/po_login.py,Other,9,#AEB6BF
./exported_tests/20260803_131056_source/test_login.py,Other,2,#AEB6BF
./exported_tests/20260803_131534_source/README.md,Documentation,25,#F7DC6F
./exported_tests/20260803_131534_source/conftest.py,Other,7,#AEB6BF
./exported_tests/20260803_131534_source/package_manifest.json,Other,9,#AEB6BF
./exported_tests/20260803_131534_source/pages/__init__.py,Other,0,#AEB6BF
./exported_tests/20260803_131534_source/pages/po_login.py,Other,9,#AEB6BF
./exported_tests/20260803_131534_source/test_login.py,Other,2,#AEB6BF
./exported_tests/20260803_135126_source/README.md,Documentation,25,#F7DC6F
./exported_tests/20260803_135126_source/conftest.py,Other,7,#AEB6BF
./exported_tests/20260803_135126_source/package_manifest.json,Other,9,#AEB6BF
./exported_tests/20260803_135126_source/pages/__init__.py,Other,0,#AEB6BF
./exported_tests/20260803_135126_source/pages/po_login.py,Other,9,#AEB6BF
./exported_tests/20260803_135126_source/test_login.py,Other,2,#AEB6BF
./exported_tests/20260803_142307_source/README.md,Documentation,25,#F7DC6F
./exported_tests/20260803_142307_source/conftest.py,Other,7,#AEB6BF
./exported_tests/20260803_142307_source/package_manifest.json,Other,9,#AEB6BF
./exported_tests/20260803_142307_source/pages/__init__.py,Other,0,#AEB6BF
./exported_tests/20260803_142307_source/pages/po_login.py,Other,9,#AEB6BF
./exported_tests/20260803_142307_source/test_login.py,Other,4,#AEB6BF
./exported_tests/20260803_142317_source/README.md,Documentation,25,#F7DC6F
./exported_tests/20260803_142317_source/conftest.py,Other,7,#AEB6BF
./exported_tests/20260803_142317_source/package_manifest.json,Other,9,#AEB6BF
./exported_tests/20260803_142317_source/pages/__init__.py,Other,0,#AEB6BF
./exported_tests/20260803_142317_source/pages/po_login.py,Other,9,#AEB6BF
./exported_tests/20260803_142317_source/test_login.py,Other,4,#AEB6BF
./exported_tests/20260803_142705_source/README.md,Documentation,25,#F7DC6F
./exported_tests/20260803_142705_source/conftest.py,Other,7,#AEB6BF
./exported_tests/20260803_142705_source/pages/__init__.py,Other,0,#AEB6BF
./exported_tests/20260803_142705_source/pages/po_login.py,Other,9,#AEB6BF
./exported_tests/20260803_142705_source/test_login.py,Other,4,#AEB6BF
./exported_tests/20260803_142705_source_1/README.md,Documentation,25,#F7DC6F
./exported_tests/20260803_142705_source_1/conftest.py,Other,7,#AEB6BF
./exported_tests/20260803_142705_source_1/test_login.py,Other,4,#AEB6BF
./exported_tests/20260803_142705_source_2/README.md,Documentation,25,#F7DC6F
./exported_tests/20260803_142705_source_2/conftest.py,Other,7,#AEB6BF
./exported_tests/20260803_142705_source_2/package_manifest.json,Other,9,#AEB6BF
./exported_tests/20260803_142705_source_2/test_login.py,Other,4,#AEB6BF
./exported_tests/20260803_142719_source/README.md,Documentation,25,#F7DC6F
./exported_tests/20260803_142719_source/conftest.py,Other,7,#AEB6BF
./exported_tests/20260803_142719_source/pages/__init__.py,Other,0,#AEB6BF
./exported_tests/20260803_142719_source/pages/po_login.py,Other,9,#AEB6BF
./exported_tests/20260803_142719_source/test_login.py,Other,4,#AEB6BF
./exported_tests/20260803_142719_source_1/README.md,Documentation,25,#F7DC6F
./exported_tests/20260803_142719_source_1/conftest.py,Other,7,#AEB6BF
./exported_tests/20260803_142719_source_1/test_login.py,Other,4,#AEB6BF
./exported_tests/20260803_142719_source_2/README.md,Documentation,25,#F7DC6F
./exported_tests/20260803_142719_source_2/conftest.py,Other,7,#AEB6BF
./exported_tests/20260803_142719_source_2/package_manifest.json,Other,9,#AEB6BF
./exported_tests/20260803_142719_source_2/test_login.py,Other,4,#AEB6BF
./exported_tests/20260803_142841_source/README.md,Documentation,25,#F7DC6F
./exported_tests/20260803_142841_source/conftest.py,Other,7,#AEB6BF
./exported_tests/20260803_142841_source/pages/__init__.py,Other,0,#AEB6BF
./exported_tests/20260803_142841_source/pages/po_login.py,Other,9,#AEB6BF
./exported_tests/20260803_142841_source/test_login.py,Other,4,#AEB6BF
./exported_tests/20260803_142841_source_1/README.md,Documentation,25,#F7DC6F
./exported_tests/20260803_142841_source_1/conftest.py,Other,7,#AEB6BF
./exported_tests/20260803_142841_source_1/test_login.py,Other,4,#AEB6BF
./exported_tests/20260803_142841_source_2/README.md,Documentation,25,#F7DC6F
./exported_tests/20260803_142841_source_2/conftest.py,Other,7,#AEB6BF
./exported_tests/20260803_142841_source_2/package_manifest.json,Other,9,#AEB6BF
./exported_tests/20260803_142841_source_2/test_login.py,Other,4,#AEB6BF
./exported_tests/20260803_143222_source/README.md,Documentation,25,#F7DC6F
./exported_tests/20260803_143222_source/conftest.py,Other,7,#AEB6BF
./exported_tests/20260803_143222_source/pages/__init__.py,Other,0,#AEB6BF
./exported_tests/20260803_143222_source/pages/po_login.py,Other,9,#AEB6BF
./exported_tests/20260803_143222_source/test_login.py,Other,4,#AEB6BF
./exported_tests/20260803_143222_source_1/README.md,Documentation,25,#F7DC6F
./exported_tests/20260803_143222_source_1/conftest.py,Other,7,#AEB6BF
./exported_tests/20260803_143222_source_1/test_login.py,Other,4,#AEB6BF
./exported_tests/20260803_143222_source_2/README.md,Documentation,25,#F7DC6F
./exported_tests/20260803_143222_source_2/conftest.py,Other,7,#AEB6BF
./exported_tests/20260803_143222_source_2/package_manifest.json,Other,9,#AEB6BF
./exported_tests/20260803_143222_source_2/test_login.py,Other,4,#AEB6BF
./exported_tests/20260803_144514_source/README.md,Documentation,25,#F7DC6F
./exported_tests/20260803_144514_source/conftest.py,Other,7,#AEB6BF
./exported_tests/20260803_144514_source/pages/__init__.py,Other,0,#AEB6BF
./exported_tests/20260803_144514_source/pages/po_login.py,Other,9,#AEB6BF
./exported_tests/20260803_144514_source/test_login.py,Other,4,#AEB6BF
./exported_tests/20260803_144514_source_1/README.md,Documentation,25,#F7DC6F
./exported_tests/20260803_144514_source_1/conftest.py,Other,7,#AEB6BF
./exported_tests/20260803_144514_source_1/test_login.py,Other,4,#AEB6BF
./exported_tests/20260803_144514_source_2/README.md,Documentation,25,#F7DC6F
./exported_tests/20260803_144514_source_2/conftest.py,Other,7,#AEB6BF
./exported_tests/20260803_144514_source_2/package_manifest.json,Other,9,#AEB6BF
./exported_tests/20260803_144514_source_2/test_login.py,Other,4,#AEB6BF
./exported_tests/20260803_161033_source/README.md,Documentation,25,#F7DC6F
./exported_tests/20260803_161033_source/conftest.py,Other,7,#AEB6BF
./exported_tests/20260803_161033_source/pages/__init__.py,Other,0,#AEB6BF
./exported_tests/20260803_161033_source/pages/po_login.py,Other,9,#AEB6BF
./exported_tests/20260803_161033_source/test_login.py,Other,4,#AEB6BF
./exported_tests/20260803_161033_source_1/README.md,Documentation,25,#F7DC6F
./exported_tests/20260803_161033_source_1/conftest.py,Other,7,#AEB6BF
./exported_tests/20260803_161033_source_1/test_login.py,Other,4,#AEB6BF
./exported_tests/20260803_161033_source_2/README.md,Documentation,25,#F7DC6F
./exported_tests/20260803_161033_source_2/conftest.py,Other,7,#AEB6BF
./exported_tests/20260803_161033_source_2/package_manifest.json,Other,9,#AEB6BF
./exported_tests/20260803_161033_source_2/test_login.py,Other,4,#AEB6BF
./exported_tests/20260803_173645_source/README.md,Documentation,25,#F7DC6F
./exported_tests/20260803_173645_source/conftest.py,Other,7,#AEB6BF
./exported_tests/20260803_173645_source/pages/__init__.py,Other,0,#AEB6BF
./exported_tests/20260803_173645_source/pages/po_login.py,Other,9,#AEB6BF
./exported_tests/20260803_173645_source/test_login.py,Other,4,#AEB6BF
./exported_tests/20260803_173645_source_1/README.md,Documentation,25,#F7DC6F
./exported_tests/20260803_173645_source_1/conftest.py,Other,7,#AEB6BF
./exported_tests/20260803_173645_source_1/test_login.py,Other,4,#AEB6BF
./exported_tests/20260803_173645_source_2/README.md,Documentation,25,#F7DC6F
./exported_tests/20260803_173645_source_2/conftest.py,Other,7,#AEB6BF
./exported_tests/20260803_173645_source_2/package_manifest.json,Other,9,#AEB6BF
./exported_tests/20260803_173645_source_2/test_login.py,Other,4,#AEB6BF
./exported_tests/20260803_180929_source/README.md,Documentation,25,#F7DC6F
./exported_tests/20260803_180929_source/conftest.py,Other,7,#AEB6BF
./exported_tests/20260803_180929_source/pages/__init__.py,Other,0,#AEB6BF
./exported_tests/20260803_180929_source/pages/po_login.py,Other,9,#AEB6BF
./exported_tests/20260803_180929_source/test_login.py,Other,4,#AEB6BF
./exported_tests/20260803_180929_source_1/README.md,Documentation,25,#F7DC6F
./exported_tests/20260803_180929_source_1/conftest.py,Other,7,#AEB6BF
./exported_tests/20260803_180929_source_1/test_login.py,Other,4,#AEB6BF
./exported_tests/20260803_180929_source_2/README.md,Documentation,25,#F7DC6F
./exported_tests/20260803_180929_source_2/conftest.py,Other,7,#AEB6BF
./exported_tests/20260803_180929_source_2/package_manifest.json,Other,9,#AEB6BF
./exported_tests/20260803_180929_source_2/test_login.py,Other,4,#AEB6BF
./exported_tests/20260803_184445_source/README.md,Documentation,25,#F7DC6F
./exported_tests/20260803_184445_source/conftest.py,Other,7,#AEB6BF
./exported_tests/20260803_184445_source/pages/__init__.py,Other,0,#AEB6BF
./exported_tests/20260803_184445_source/pages/po_login.py,Other,9,#AEB6BF
./exported_tests/20260803_184445_source/test_login.py,Other,4,#AEB6BF
./exported_tests/20260803_184445_source_1/README.md,Documentation,25,#F7DC6F
./exported_tests/20260803_184445_source_1/conftest.py,Other,7,#AEB6BF
./exported_tests/20260803_184445_source_1/test_login.py,Other,4,#AEB6BF
./exported_tests/20260803_184445_source_2/README.md,Documentation,25,#F7DC6F
./exported_tests/20260803_184445_source_2/conftest.py,Other,7,#AEB6BF
./exported_tests/20260803_184445_source_2/package_manifest.json,Other,9,#AEB6BF
./exported_tests/20260803_184445_source_2/test_login.py,Other,4,#AEB6BF
./exported_tests/20260803_193747_source/README.md,Documentation,25,#F7DC6F
./exported_tests/20260803_193747_source/conftest.py,Other,7,#AEB6BF
./exported_tests/20260803_193747_source/pages/__init__.py,Other,0,#AEB6BF
./exported_tests/20260803_193747_source/pages/po_login.py,Other,9,#AEB6BF
./exported_tests/20260803_193747_source/test_login.py,Other,4,#AEB6BF
./exported_tests/20260803_193747_source_1/README.md,Documentation,25,#F7DC6F
./exported_tests/20260803_193747_source_1/conftest.py,Other,7,#AEB6BF
./exported_tests/20260803_193747_source_1/test_login.py,Other,4,#AEB6BF
./exported_tests/20260803_193747_source_2/README.md,Documentation,25,#F7DC6F
./exported_tests/20260803_193747_source_2/conftest.py,Other,7,#AEB6BF
./exported_tests/20260803_193747_source_2/package_manifest.json,Other,9,#AEB6BF
./exported_tests/20260803_193747_source_2/test_login.py,Other,4,#AEB6BF
./exported_tests/20260803_204213_source/README.md,Documentation,25,#F7DC6F
./exported_tests/20260803_204213_source/conftest.py,Other,7,#AEB6BF
./exported_tests/20260803_204213_source/pages/__init__.py,Other,0,#AEB6BF
./exported_tests/20260803_204213_source/pages/po_login.py,Other,9,#AEB6BF
./exported_tests/20260803_204213_source/test_login.py,Other,4,#AEB6BF
./exported_tests/20260803_204213_source_1/README.md,Documentation,25,#F7DC6F
./exported_tests/20260803_204213_source_1/conftest.py,Other,7,#AEB6BF
./exported_tests/20260803_204213_source_1/test_login.py,Other,4,#AEB6BF
./exported_tests/20260803_204213_source_2/README.md,Documentation,25,#F7DC6F
./exported_tests/20260803_204213_source_2/conftest.py,Other,7,#AEB6BF
./exported_tests/20260803_204213_source_2/package_manifest.json,Other,9,#AEB6BF
./exported_tests/20260803_204213_source_2/test_login.py,Other,4,#AEB6BF
./exported_tests/20260803_224545_source/README.md,Documentation,25,#F7DC6F
./exported_tests/20260803_224545_source/conftest.py,Other,7,#AEB6BF
./exported_tests/20260803_224545_source/pages/__init__.py,Other,0,#AEB6BF
./exported_tests/20260803_224545_source/pages/po_login.py,Other,9,#AEB6BF
./exported_tests/20260803_224545_source/test_login.py,Other,4,#AEB6BF
./exported_tests/20260803_224545_source_1/README.md,Documentation,25,#F7DC6F
./exported_tests/20260803_224545_source_1/conftest.py,Other,7,#AEB6BF
./exported_tests/20260803_224545_source_1/test_login.py,Other,4,#AEB6BF
./exported_tests/20260803_224545_source_2/README.md,Documentation,25,#F7DC6F
./exported_tests/20260803_224545_source_2/conftest.py,Other,7,#AEB6BF
./exported_tests/20260803_224545_source_2/package_manifest.json,Other,9,#AEB6BF
./exported_tests/20260803_224545_source_2/test_login.py,Other,4,#AEB6BF
./exported_tests/20260803_225644_source/README.md,Documentation,25,#F7DC6F
./exported_tests/20260803_225644_source/conftest.py,Other,7,#AEB6BF
./exported_tests/20260803_225644_source/pages/__init__.py,Other,0,#AEB6BF
./exported_tests/20260803_225644_source/pages/po_login.py,Other,9,#AEB6BF
./exported_tests/20260803_225644_source/test_login.py,Other,4,#AEB6BF
./exported_tests/20260803_225644_source_1/README.md,Documentation,25,#F7DC6F
./exported_tests/20260803_225644_source_1/conftest.py,Other,7,#AEB6BF
./exported_tests/20260803_225644_source_1/test_login.py,Other,4,#AEB6BF
./exported_tests/20260803_225644_source_2/README.md,Documentation,25,#F7DC6F
./exported_tests/20260803_225644_source_2/conftest.py,Other,7,#AEB6BF
./exported_tests/20260803_225644_source_2/package_manifest.json,Other,9,#AEB6BF
./exported_tests/20260803_225644_source_2/test_login.py,Other,4,#AEB6BF
./exported_tests/20260803_230646_source/README.md,Documentation,25,#F7DC6F
./exported_tests/20260803_230646_source/conftest.py,Other,7,#AEB6BF
./exported_tests/20260803_230646_source/pages/__init__.py,Other,0,#AEB6BF
./exported_tests/20260803_230646_source/pages/po_login.py,Other,9,#AEB6BF
./exported_tests/20260803_230646_source/test_login.py,Other,4,#AEB6BF
./exported_tests/20260803_230646_source_1/README.md,Documentation,25,#F7DC6F
./exported_tests/20260803_230646_source_1/conftest.py,Other,7,#AEB6BF
./exported_tests/20260803_230646_source_1/test_login.py,Other,4,#AEB6BF
./exported_tests/20260803_230646_source_2/README.md,Documentation,25,#F7DC6F
./exported_tests/20260803_230646_source_2/conftest.py,Other,7,#AEB6BF
./exported_tests/20260803_230646_source_2/package_manifest.json,Other,9,#AEB6BF
./exported_tests/20260803_230646_source_2/test_login.py,Other,4,#AEB6BF
./exported_tests/20260804_101405_source/README.md,Documentation,25,#F7DC6F
./exported_tests/20260804_101405_source/conftest.py,Other,7,#AEB6BF
./exported_tests/20260804_101405_source/pages/__init__.py,Other,0,#AEB6BF
./exported_tests/20260804_101405_source/pages/po_login.py,Other,9,#AEB6BF
./exported_tests/20260804_101405_source/test_login.py,Other,4,#AEB6BF
./exported_tests/20260804_101405_source_1/README.md,Documentation,25,#F7DC6F
./exported_tests/20260804_101405_source_1/conftest.py,Other,7,#AEB6BF
./exported_tests/20260804_101405_source_1/test_login.py,Other,4,#AEB6BF
./exported_tests/20260804_101405_source_2/README.md,Documentation,25,#F7DC6F
./exported_tests/20260804_101405_source_2/conftest.py,Other,7,#AEB6BF
./exported_tests/20260804_101405_source_2/package_manifest.json,Other,9,#AEB6BF
./exported_tests/20260804_101405_source_2/test_login.py,Other,4,#AEB6BF
./exported_tests/20260804_105432_source/README.md,Documentation,25,#F7DC6F
./exported_tests/20260804_105432_source/conftest.py,Other,7,#AEB6BF
./exported_tests/20260804_105432_source/pages/__init__.py,Other,0,#AEB6BF
./exported_tests/20260804_105432_source/pages/po_login.py,Other,9,#AEB6BF
./exported_tests/20260804_105432_source/test_login.py,Other,4,#AEB6BF
./exported_tests/20260804_105432_source_1/README.md,Documentation,25,#F7DC6F
./exported_tests/20260804_105432_source_1/conftest.py,Other,7,#AEB6BF
./exported_tests/20260804_105432_source_1/test_login.py,Other,4,#AEB6BF
./exported_tests/20260804_105432_source_2/README.md,Documentation,25,#F7DC6F
./exported_tests/20260804_105432_source_2/conftest.py,Other,7,#AEB6BF
./exported_tests/20260804_105432_source_2/package_manifest.json,Other,9,#AEB6BF
./exported_tests/20260804_105432_source_2/test_login.py,Other,4,#AEB6BF
./exported_tests/20260804_122600_source/README.md,Documentation,25,#F7DC6F
./exported_tests/20260804_122600_source/conftest.py,Other,7,#AEB6BF
./exported_tests/20260804_122600_source/pages/__init__.py,Other,0,#AEB6BF
./exported_tests/20260804_122600_source/pages/po_login.py,Other,9,#AEB6BF
./exported_tests/20260804_122600_source/test_login.py,Other,4,#AEB6BF
./exported_tests/20260804_122601_source/README.md,Documentation,25,#F7DC6F
./exported_tests/20260804_122601_source/conftest.py,Other,7,#AEB6BF
./exported_tests/20260804_122601_source/test_login.py,Other,4,#AEB6BF
./exported_tests/20260804_122601_source_1/README.md,Documentation,25,#F7DC6F
./exported_tests/20260804_122601_source_1/conftest.py,Other,7,#AEB6BF
./exported_tests/20260804_122601_source_1/package_manifest.json,Other,9,#AEB6BF
./exported_tests/20260804_122601_source_1/test_login.py,Other,4,#AEB6BF
./exported_tests/20260805_124141_source/README.md,Documentation,25,#F7DC6F
./exported_tests/20260805_124141_source/conftest.py,Other,7,#AEB6BF
./exported_tests/20260805_124141_source/pages/__init__.py,Other,0,#AEB6BF
./exported_tests/20260805_124141_source/pages/po_login.py,Other,9,#AEB6BF
./exported_tests/20260805_124141_source/test_login.py,Other,4,#AEB6BF
./exported_tests/20260805_124141_source_1/README.md,Documentation,25,#F7DC6F
./exported_tests/20260805_124141_source_1/conftest.py,Other,7,#AEB6BF
./exported_tests/20260805_124141_source_1/test_login.py,Other,4,#AEB6BF
./exported_tests/20260805_124141_source_2/README.md,Documentation,25,#F7DC6F
./exported_tests/20260805_124141_source_2/conftest.py,Other,7,#AEB6BF
./exported_tests/20260805_124141_source_2/package_manifest.json,Other,9,#AEB6BF
./exported_tests/20260805_124141_source_2/test_login.py,Other,4,#AEB6BF
./exported_tests/20260805_124548_source/README.md,Documentation,25,#F7DC6F
./exported_tests/20260805_124548_source/conftest.py,Other,7,#AEB6BF
./exported_tests/20260805_124548_source/pages/__init__.py,Other,0,#AEB6BF
./exported_tests/20260805_124548_source/pages/po_login.py,Other,9,#AEB6BF
./exported_tests/20260805_124548_source/test_login.py,Other,4,#AEB6BF
./exported_tests/20260805_124548_source_1/README.md,Documentation,25,#F7DC6F
./exported_tests/20260805_124548_source_1/conftest.py,Other,7,#AEB6BF
./exported_tests/20260805_124548_source_1/test_login.py,Other,4,#AEB6BF
./exported_tests/20260805_124548_source_2/README.md,Documentation,25,#F7DC6F
./exported_tests/20260805_124548_source_2/conftest.py,Other,7,#AEB6BF
./exported_tests/20260805_124548_source_2/package_manifest.json,Other,9,#AEB6BF
./exported_tests/20260805_124548_source_2/test_login.py,Other,4,#AEB6BF
./exported_tests/20260805_134643_source/README.md,Documentation,25,#F7DC6F
./exported_tests/20260805_134643_source/conftest.py,Other,7,#AEB6BF
./exported_tests/20260805_134643_source/pages/__init__.py,Other,0,#AEB6BF
./exported_tests/20260805_134643_source/pages/po_login.py,Other,9,#AEB6BF
./exported_tests/20260805_134643_source/test_login.py,Other,4,#AEB6BF
./exported_tests/20260805_134643_source_1/README.md,Documentation,25,#F7DC6F
./exported_tests/20260805_134643_source_1/conftest.py,Other,7,#AEB6BF
./exported_tests/20260805_134643_source_1/test_login.py,Other,4,#AEB6BF
./exported_tests/20260805_134643_source_2/README.md,Documentation,25,#F7DC6F
./exported_tests/20260805_134643_source_2/conftest.py,Other,7,#AEB6BF
./exported_tests/20260805_134643_source_2/package_manifest.json,Other,9,#AEB6BF
./exported_tests/20260805_134643_source_2/test_login.py,Other,4,#AEB6BF
./exported_tests/20260805_141302_source/README.md,Documentation,25,#F7DC6F
./exported_tests/20260805_141302_source/conftest.py,Other,7,#AEB6BF
./exported_tests/20260805_141302_source/pages/__init__.py,Other,0,#AEB6BF
./exported_tests/20260805_141302_source/pages/po_login.py,Other,9,#AEB6BF
./exported_tests/20260805_141302_source/test_login.py,Other,4,#AEB6BF
./exported_tests/20260805_141302_source_1/README.md,Documentation,25,#F7DC6F
./exported_tests/20260805_141302_source_1/conftest.py,Other,7,#AEB6BF
./exported_tests/20260805_141302_source_1/test_login.py,Other,4,#AEB6BF
./exported_tests/20260805_141303_source/README.md,Documentation,25,#F7DC6F
./exported_tests/20260805_141303_source/conftest.py,Other,7,#AEB6BF
./exported_tests/20260805_141303_source/package_manifest.json,Other,9,#AEB6BF
./exported_tests/20260805_141303_source/test_login.py,Other,4,#AEB6BF
./exported_tests/20260805_151508_source/README.md,Documentation,25,#F7DC6F
./exported_tests/20260805_151508_source/conftest.py,Other,7,#AEB6BF
./exported_tests/20260805_151508_source/pages/__init__.py,Other,0,#AEB6BF
./exported_tests/20260805_151508_source/pages/po_login.py,Other,9,#AEB6BF
./exported_tests/20260805_151508_source/test_login.py,Other,4,#AEB6BF
./exported_tests/20260805_151508_source_1/README.md,Documentation,25,#F7DC6F
./exported_tests/20260805_151508_source_1/conftest.py,Other,7,#AEB6BF
./exported_tests/20260805_151508_source_1/test_login.py,Other,4,#AEB6BF
./exported_tests/20260805_151508_source_2/README.md,Documentation,25,#F7DC6F
./exported_tests/20260805_151508_source_2/conftest.py,Other,7,#AEB6BF
./exported_tests/20260805_151508_source_2/package_manifest.json,Other,9,#AEB6BF
./exported_tests/20260805_151508_source_2/test_login.py,Other,4,#AEB6BF
./exported_tests/20260805_194252_source/README.md,Documentation,25,#F7DC6F
./exported_tests/20260805_194252_source/conftest.py,Other,7,#AEB6BF
./exported_tests/20260805_194252_source/pages/__init__.py,Other,0,#AEB6BF
./exported_tests/20260805_194252_source/pages/po_login.py,Other,9,#AEB6BF
./exported_tests/20260805_194252_source/test_login.py,Other,4,#AEB6BF
./exported_tests/20260805_194252_source_1/README.md,Documentation,25,#F7DC6F
./exported_tests/20260805_194252_source_1/conftest.py,Other,7,#AEB6BF
./exported_tests/20260805_194252_source_1/test_login.py,Other,4,#AEB6BF
./exported_tests/20260805_194252_source_2/README.md,Documentation,25,#F7DC6F
./exported_tests/20260805_194252_source_2/conftest.py,Other,7,#AEB6BF
./exported_tests/20260805_194252_source_2/package_manifest.json,Other,9,#AEB6BF
./exported_tests/20260805_194252_source_2/test_login.py,Other,4,#AEB6BF
./exported_tests/20260805_222454_source/README.md,Documentation,25,#F7DC6F
./exported_tests/20260805_222454_source/conftest.py,Other,7,#AEB6BF
./exported_tests/20260805_222454_source/pages/__init__.py,Other,0,#AEB6BF
./exported_tests/20260805_222454_source/pages/po_login.py,Other,9,#AEB6BF
./exported_tests/20260805_222454_source/test_login.py,Other,4,#AEB6BF
./exported_tests/20260805_222454_source_1/README.md,Documentation,25,#F7DC6F
./exported_tests/20260805_222454_source_1/conftest.py,Other,7,#AEB6BF
./exported_tests/20260805_222454_source_1/test_login.py,Other,4,#AEB6BF
./exported_tests/20260805_222454_source_2/README.md,Documentation,25,#F7DC6F
./exported_tests/20260805_222454_source_2/conftest.py,Other,7,#AEB6BF
./exported_tests/20260805_222454_source_2/package_manifest.json,Other,9,#AEB6BF
./exported_tests/20260805_222454_source_2/test_login.py,Other,4,#AEB6BF
./exported_tests/20260806_112334_source/README.md,Documentation,25,#F7DC6F
./exported_tests/20260806_112334_source/conftest.py,Other,7,#AEB6BF
./exported_tests/20260806_112334_source/pages/__init__.py,Other,0,#AEB6BF
./exported_tests/20260806_112334_source/pages/po_login.py,Other,9,#AEB6BF
./exported_tests/20260806_112334_source/test_login.py,Other,4,#AEB6BF
./exported_tests/20260806_112334_source_1/README.md,Documentation,25,#F7DC6F
./exported_tests/20260806_112334_source_1/conftest.py,Other,7,#AEB6BF
./exported_tests/20260806_112334_source_1/test_login.py,Other,4,#AEB6BF
./exported_tests/20260806_112334_source_2/README.md,Documentation,25,#F7DC6F
./exported_tests/20260806_112334_source_2/conftest.py,Other,7,#AEB6BF
./exported_tests/20260806_112334_source_2/package_manifest.json,Other,9,#AEB6BF
./exported_tests/20260806_112334_source_2/test_login.py,Other,4,#AEB6BF
./exported_tests/20260806_125359_source/README.md,Documentation,25,#F7DC6F
./exported_tests/20260806_125359_source/conftest.py,Other,7,#AEB6BF
./exported_tests/20260806_125359_source/pages/__init__.py,Other,0,#AEB6BF
./exported_tests/20260806_125359_source/pages/po_login.py,Other,9,#AEB6BF
./exported_tests/20260806_125359_source/test_login.py,Other,4,#AEB6BF
./exported_tests/20260806_125359_source_1/README.md,Documentation,25,#F7DC6F
./exported_tests/20260806_125359_source_1/conftest.py,Other,7,#AEB6BF
./exported_tests/20260806_125359_source_1/test_login.py,Other,4,#AEB6BF
./exported_tests/20260806_125359_source_2/README.md,Documentation,25,#F7DC6F
./exported_tests/20260806_125359_source_2/conftest.py,Other,7,#AEB6BF
./exported_tests/20260806_125359_source_2/package_manifest.json,Other,9,#AEB6BF
./exported_tests/20260806_125359_source_2/test_login.py,Other,4,#AEB6BF
./exported_tests/20260806_134641_source/README.md,Documentation,25,#F7DC6F
./exported_tests/20260806_134641_source/conftest.py,Other,7,#AEB6BF
./exported_tests/20260806_134641_source/pages/__init__.py,Other,0,#AEB6BF
./exported_tests/20260806_134641_source/pages/po_login.py,Other,9,#AEB6BF
./exported_tests/20260806_134641_source/test_login.py,Other,4,#AEB6BF
./exported_tests/20260806_134641_source_1/README.md,Documentation,25,#F7DC6F
./exported_tests/20260806_134641_source_1/conftest.py,Other,7,#AEB6BF
./exported_tests/20260806_134641_source_1/test_login.py,Other,4,#AEB6BF
./exported_tests/20260806_134641_source_2/README.md,Documentation,25,#F7DC6F
./exported_tests/20260806_134641_source_2/conftest.py,Other,7,#AEB6BF
./exported_tests/20260806_134641_source_2/package_manifest.json,Other,9,#AEB6BF
./exported_tests/20260806_134641_source_2/test_login.py,Other,4,#AEB6BF
./exported_tests/20260806_190628_source/README.md,Documentation,25,#F7DC6F
./exported_tests/20260806_190628_source/conftest.py,Other,7,#AEB6BF
./exported_tests/20260806_190628_source/pages/__init__.py,Other,0,#AEB6BF
./exported_tests/20260806_190628_source/pages/po_login.py,Other,9,#AEB6BF
./exported_tests/20260806_190628_source/test_login.py,Other,4,#AEB6BF
./exported_tests/20260806_190628_source_1/README.md,Documentation,25,#F7DC6F
./exported_tests/20260806_190628_source_1/conftest.py,Other,7,#AEB6BF
./exported_tests/20260806_190628_source_1/test_login.py,Other,4,#AEB6BF
./exported_tests/20260806_190628_source_2/README.md,Documentation,25,#F7DC6F
./exported_tests/20260806_190628_source_2/conftest.py,Other,7,#AEB6BF
./exported_tests/20260806_190628_source_2/package_manifest.json,Other,9,#AEB6BF
./exported_tests/20260806_190628_source_2/test_login.py,Other,4,#AEB6BF
./exported_tests/20260806_191456_source/README.md,Documentation,25,#F7DC6F
./exported_tests/20260806_191456_source/conftest.py,Other,7,#AEB6BF
./exported_tests/20260806_191456_source/pages/__init__.py,Other,0,#AEB6BF
./exported_tests/20260806_191456_source/pages/po_login.py,Other,9,#AEB6BF
./exported_tests/20260806_191456_source/test_login.py,Other,4,#AEB6BF
./exported_tests/20260806_191456_source_1/README.md,Documentation,25,#F7DC6F
./exported_tests/20260806_191456_source_1/conftest.py,Other,7,#AEB6BF
./exported_tests/20260806_191456_source_1/test_login.py,Other,4,#AEB6BF
./exported_tests/20260806_191456_source_2/README.md,Documentation,25,#F7DC6F
./exported_tests/20260806_191456_source_2/conftest.py,Other,7,#AEB6BF
./exported_tests/20260806_191456_source_2/package_manifest.json,Other,9,#AEB6BF
./exported_tests/20260806_191456_source_2/test_login.py,Other,4,#AEB6BF
./exported_tests/20260806_222225_source/README.md,Documentation,25,#F7DC6F
./exported_tests/20260806_222225_source/conftest.py,Other,7,#AEB6BF
./exported_tests/20260806_222225_source/pages/__init__.py,Other,0,#AEB6BF
./exported_tests/20260806_222225_source/pages/po_login.py,Other,9,#AEB6BF
./exported_tests/20260806_222225_source/test_login.py,Other,4,#AEB6BF
./exported_tests/20260806_222225_source_1/README.md,Documentation,25,#F7DC6F
./exported_tests/20260806_222225_source_1/conftest.py,Other,7,#AEB6BF
./exported_tests/20260806_222225_source_1/test_login.py,Other,4,#AEB6BF
./exported_tests/20260806_222225_source_2/README.md,Documentation,25,#F7DC6F
./exported_tests/20260806_222225_source_2/conftest.py,Other,7,#AEB6BF
./exported_tests/20260806_222225_source_2/package_manifest.json,Other,9,#AEB6BF
./exported_tests/20260806_222225_source_2/test_login.py,Other,4,#AEB6BF
./exported_tests/20260806_233133_source/README.md,Documentation,25,#F7DC6F
./exported_tests/20260806_233133_source/conftest.py,Other,7,#AEB6BF
./exported_tests/20260806_233133_source/pages/__init__.py,Other,0,#AEB6BF
./exported_tests/20260806_233133_source/pages/po_login.py,Other,9,#AEB6BF
./exported_tests/20260806_233133_source/test_login.py,Other,4,#AEB6BF
./exported_tests/20260806_233133_source_1/README.md,Documentation,25,#F7DC6F
./exported_tests/20260806_233133_source_1/conftest.py,Other,7,#AEB6BF
./exported_tests/20260806_233133_source_1/test_login.py,Other,4,#AEB6BF
./exported_tests/20260806_233133_source_2/README.md,Documentation,25,#F7DC6F
./exported_tests/20260806_233133_source_2/conftest.py,Other,7,#AEB6BF
./exported_tests/20260806_233133_source_2/package_manifest.json,Other,9,#AEB6BF
./exported_tests/20260806_233133_source_2/test_login.py,Other,4,#AEB6BF
./exported_tests/20260806_235414_source/README.md,Documentation,25,#F7DC6F
./exported_tests/20260806_235414_source/conftest.py,Other,7,#AEB6BF
./exported_tests/20260806_235414_source/pages/__init__.py,Other,0,#AEB6BF
./exported_tests/20260806_235414_source/pages/po_login.py,Other,9,#AEB6BF
./exported_tests/20260806_235414_source/test_login.py,Other,4,#AEB6BF
./exported_tests/20260806_235415_source/README.md,Documentation,25,#F7DC6F
./exported_tests/20260806_235415_source/conftest.py,Other,7,#AEB6BF
./exported_tests/20260806_235415_source/test_login.py,Other,4,#AEB6BF
./exported_tests/20260806_235415_source_1/README.md,Documentation,25,#F7DC6F
./exported_tests/20260806_235415_source_1/conftest.py,Other,7,#AEB6BF
./exported_tests/20260806_235415_source_1/package_manifest.json,Other,9,#AEB6BF
./exported_tests/20260806_235415_source_1/test_login.py,Other,4,#AEB6BF
./exported_tests/20260807_001644_source/README.md,Documentation,25,#F7DC6F
./exported_tests/20260807_001644_source/conftest.py,Other,7,#AEB6BF
./exported_tests/20260807_001644_source/pages/__init__.py,Other,0,#AEB6BF
./exported_tests/20260807_001644_source/pages/po_login.py,Other,9,#AEB6BF
./exported_tests/20260807_001644_source/test_login.py,Other,4,#AEB6BF
./exported_tests/20260807_001644_source_1/README.md,Documentation,25,#F7DC6F
./exported_tests/20260807_001644_source_1/conftest.py,Other,7,#AEB6BF
./exported_tests/20260807_001644_source_1/test_login.py,Other,4,#AEB6BF
./exported_tests/20260807_001644_source_2/README.md,Documentation,25,#F7DC6F
./exported_tests/20260807_001644_source_2/conftest.py,Other,7,#AEB6BF
./exported_tests/20260807_001644_source_2/package_manifest.json,Other,9,#AEB6BF
./exported_tests/20260807_001644_source_2/test_login.py,Other,4,#AEB6BF
./exported_tests/20260807_084946_source/README.md,Documentation,25,#F7DC6F
./exported_tests/20260807_084946_source/conftest.py,Other,7,#AEB6BF
./exported_tests/20260807_084946_source/pages/__init__.py,Other,0,#AEB6BF
./exported_tests/20260807_084946_source/pages/po_login.py,Other,9,#AEB6BF
./exported_tests/20260807_084946_source/test_login.py,Other,4,#AEB6BF
./exported_tests/20260807_084946_source_1/README.md,Documentation,25,#F7DC6F
./exported_tests/20260807_084946_source_1/conftest.py,Other,7,#AEB6BF
./exported_tests/20260807_084946_source_1/test_login.py,Other,4,#AEB6BF
./exported_tests/20260807_084946_source_2/README.md,Documentation,25,#F7DC6F
./exported_tests/20260807_084946_source_2/conftest.py,Other,7,#AEB6BF
./exported_tests/20260807_084946_source_2/package_manifest.json,Other,9,#AEB6BF
./exported_tests/20260807_084946_source_2/test_login.py,Other,4,#AEB6BF
./exported_tests/20260807_090457_source/README.md,Documentation,25,#F7DC6F
./exported_tests/20260807_090457_source/conftest.py,Other,7,#AEB6BF
./exported_tests/20260807_090457_source/pages/__init__.py,Other,0,#AEB6BF
./exported_tests/20260807_090457_source/pages/po_login.py,Other,9,#AEB6BF
./exported_tests/20260807_090457_source/test_login.py,Other,4,#AEB6BF
./exported_tests/20260807_090457_source_1/README.md,Documentation,25,#F7DC6F
./exported_tests/20260807_090457_source_1/conftest.py,Other,7,#AEB6BF
./exported_tests/20260807_090457_source_1/test_login.py,Other,4,#AEB6BF
./exported_tests/20260807_090457_source_2/README.md,Documentation,25,#F7DC6F
./exported_tests/20260807_090457_source_2/conftest.py,Other,7,#AEB6BF
./exported_tests/20260807_090457_source_2/package_manifest.json,Other,9,#AEB6BF
./exported_tests/20260807_090457_source_2/test_login.py,Other,4,#AEB6BF
./exported_tests/20260807_091707_source/README.md,Documentation,25,#F7DC6F
./exported_tests/20260807_091707_source/conftest.py,Other,7,#AEB6BF
./exported_tests/20260807_091707_source/pages/__init__.py,Other,0,#AEB6BF
./exported_tests/20260807_091707_source/pages/po_login.py,Other,9,#AEB6BF
./exported_tests/20260807_091707_source/test_login.py,Other,4,#AEB6BF
./exported_tests/20260807_091707_source_1/README.md,Documentation,25,#F7DC6F
./exported_tests/20260807_091707_source_1/conftest.py,Other,7,#AEB6BF
./exported_tests/20260807_091707_source_1/test_login.py,Other,4,#AEB6BF
./exported_tests/20260807_091707_source_2/README.md,Documentation,25,#F7DC6F
./exported_tests/20260807_091707_source_2/conftest.py,Other,7,#AEB6BF
./exported_tests/20260807_091707_source_2/package_manifest.json,Other,9,#AEB6BF
./exported_tests/20260807_091707_source_2/test_login.py,Other,4,#AEB6BF
./exported_tests/20260807_093232_source/README.md,Documentation,25,#F7DC6F
./exported_tests/20260807_093232_source/conftest.py,Other,7,#AEB6BF
./exported_tests/20260807_093232_source/pages/__init__.py,Other,0,#AEB6BF
./exported_tests/20260807_093232_source/pages/po_login.py,Other,9,#AEB6BF
./exported_tests/20260807_093232_source/test_login.py,Other,4,#AEB6BF
./exported_tests/20260807_093232_source_1/README.md,Documentation,25,#F7DC6F
./exported_tests/20260807_093232_source_1/conftest.py,Other,7,#AEB6BF
./exported_tests/20260807_093232_source_1/test_login.py,Other,4,#AEB6BF
./exported_tests/20260807_093232_source_2/README.md,Documentation,25,#F7DC6F
./exported_tests/20260807_093232_source_2/conftest.py,Other,7,#AEB6BF
./exported_tests/20260807_093232_source_2/package_manifest.json,Other,9,#AEB6BF
./exported_tests/20260807_093232_source_2/test_login.py,Other,4,#AEB6BF
./exported_tests/20260807_130903_source/README.md,Documentation,25,#F7DC6F
./exported_tests/20260807_130903_source/conftest.py,Other,7,#AEB6BF
./exported_tests/20260807_130903_source/pages/__init__.py,Other,0,#AEB6BF
./exported_tests/20260807_130903_source/pages/po_login.py,Other,9,#AEB6BF
./exported_tests/20260807_130903_source/test_login.py,Other,4,#AEB6BF
./exported_tests/20260807_130903_source_1/README.md,Documentation,25,#F7DC6F
./exported_tests/20260807_130903_source_1/conftest.py,Other,7,#AEB6BF
./exported_tests/20260807_130903_source_1/test_login.py,Other,4,#AEB6BF
./exported_tests/20260807_130903_source_2/README.md,Documentation,25,#F7DC6F
./exported_tests/20260807_130903_source_2/conftest.py,Other,7,#AEB6BF
./exported_tests/20260807_130903_source_2/package_manifest.json,Other,9,#AEB6BF
./exported_tests/20260807_130903_source_2/test_login.py,Other,4,#AEB6BF
./exported_tests/20260807_131555_source/README.md,Documentation,25,#F7DC6F
./exported_tests/20260807_131555_source/conftest.py,Other,7,#AEB6BF
./exported_tests/20260807_131555_source/pages/__init__.py,Other,0,#AEB6BF
./exported_tests/20260807_131555_source/pages/po_login.py,Other,9,#AEB6BF
./exported_tests/20260807_131555_source/test_login.py,Other,4,#AEB6BF
./exported_tests/20260807_131555_source_1/README.md,Documentation,25,#F7DC6F
./exported_tests/20260807_131555_source_1/conftest.py,Other,7,#AEB6BF
./exported_tests/20260807_131555_source_1/test_login.py,Other,4,#AEB6BF
./exported_tests/20260807_131555_source_2/README.md,Documentation,25,#F7DC6F
./exported_tests/20260807_131555_source_2/conftest.py,Other,7,#AEB6BF
./exported_tests/20260807_131555_source_2/package_manifest.json,Other,9,#AEB6BF
./exported_tests/20260807_131555_source_2/test_login.py,Other,4,#AEB6BF
./exported_tests/20260807_133841_source/README.md,Documentation,25,#F7DC6F
./exported_tests/20260807_133841_source/conftest.py,Other,7,#AEB6BF
./exported_tests/20260807_133841_source/pages/__init__.py,Other,0,#AEB6BF
./exported_tests/20260807_133841_source/pages/po_login.py,Other,9,#AEB6BF
./exported_tests/20260807_133841_source/test_login.py,Other,4,#AEB6BF
./exported_tests/20260807_133841_source_1/README.md,Documentation,25,#F7DC6F
./exported_tests/20260807_133841_source_1/conftest.py,Other,7,#AEB6BF
./exported_tests/20260807_133841_source_1/test_login.py,Other,4,#AEB6BF
./exported_tests/20260807_133841_source_2/README.md,Documentation,25,#F7DC6F
./exported_tests/20260807_133841_source_2/conftest.py,Other,7,#AEB6BF
./exported_tests/20260807_133841_source_2/package_manifest.json,Other,9,#AEB6BF
./exported_tests/20260807_133841_source_2/test_login.py,Other,4,#AEB6BF
./exported_tests/20260807_140644_source/README.md,Documentation,25,#F7DC6F
./exported_tests/20260807_140644_source/conftest.py,Other,7,#AEB6BF
./exported_tests/20260807_140644_source/pages/__init__.py,Other,0,#AEB6BF
./exported_tests/20260807_140644_source/pages/po_login.py,Other,9,#AEB6BF
./exported_tests/20260807_140644_source/test_login.py,Other,4,#AEB6BF
./exported_tests/20260807_140644_source_1/README.md,Documentation,25,#F7DC6F
./exported_tests/20260807_140644_source_1/conftest.py,Other,7,#AEB6BF
./exported_tests/20260807_140644_source_1/test_login.py,Other,4,#AEB6BF
./exported_tests/20260807_140644_source_2/README.md,Documentation,25,#F7DC6F
./exported_tests/20260807_140644_source_2/conftest.py,Other,7,#AEB6BF
./exported_tests/20260807_140644_source_2/package_manifest.json,Other,9,#AEB6BF
./exported_tests/20260807_140644_source_2/test_login.py,Other,4,#AEB6BF
./exported_tests/20260807_141747_source/README.md,Documentation,25,#F7DC6F
./exported_tests/20260807_141747_source/conftest.py,Other,7,#AEB6BF
./exported_tests/20260807_141747_source/pages/__init__.py,Other,0,#AEB6BF
./exported_tests/20260807_141747_source/pages/po_login.py,Other,9,#AEB6BF
./exported_tests/20260807_141747_source/test_login.py,Other,4,#AEB6BF
./exported_tests/20260807_141747_source_1/README.md,Documentation,25,#F7DC6F
./exported_tests/20260807_141747_source_1/conftest.py,Other,7,#AEB6BF
./exported_tests/20260807_141747_source_1/test_login.py,Other,4,#AEB6BF
./exported_tests/20260807_141747_source_2/README.md,Documentation,25,#F7DC6F
./exported_tests/20260807_141747_source_2/conftest.py,Other,7,#AEB6BF
./exported_tests/20260807_141747_source_2/package_manifest.json,Other,9,#AEB6BF
./exported_tests/20260807_141747_source_2/test_login.py,Other,4,#AEB6BF
./exported_tests/20260807_142357_source/README.md,Documentation,25,#F7DC6F
./exported_tests/20260807_142357_source/conftest.py,Other,7,#AEB6BF
./exported_tests/20260807_142357_source/pages/__init__.py,Other,0,#AEB6BF
./exported_tests/20260807_142357_source/pages/po_login.py,Other,9,#AEB6BF
./exported_tests/20260807_142357_source/test_login.py,Other,4,#AEB6BF
./exported_tests/20260807_142357_source_1/README.md,Documentation,25,#F7DC6F
./exported_tests/20260807_142357_source_1/conftest.py,Other,7,#AEB6BF
./exported_tests/20260807_142357_source_1/test_login.py,Other,4,#AEB6BF
./exported_tests/20260807_142357_source_2/README.md,Documentation,25,#F7DC6F
./exported_tests/20260807_142357_source_2/conftest.py,Other,7,#AEB6BF
./exported_tests/20260807_142357_source_2/package_manifest.json,Other,9,#AEB6BF
./exported_tests/20260807_142357_source_2/test_login.py,Other,4,#AEB6BF
./exported_tests/20260807_142758_source/README.md,Documentation,25,#F7DC6F
./exported_tests/20260807_142758_source/conftest.py,Other,7,#AEB6BF
./exported_tests/20260807_142758_source/pages/__init__.py,Other,0,#AEB6BF
./exported_tests/20260807_142758_source/pages/po_login.py,Other,9,#AEB6BF
./exported_tests/20260807_142758_source/test_login.py,Other,4,#AEB6BF
./exported_tests/20260807_142758_source_1/README.md,Documentation,25,#F7DC6F
./exported_tests/20260807_142758_source_1/conftest.py,Other,7,#AEB6BF
./exported_tests/20260807_142758_source_1/test_login.py,Other,4,#AEB6BF
./exported_tests/20260807_142758_source_2/README.md,Documentation,25,#F7DC6F
./exported_tests/20260807_142758_source_2/conftest.py,Other,7,#AEB6BF
./exported_tests/20260807_142758_source_2/package_manifest.json,Other,9,#AEB6BF
./exported_tests/20260807_142758_source_2/test_login.py,Other,4,#AEB6BF
./exported_tests/20260807_143534_source/README.md,Documentation,25,#F7DC6F
./exported_tests/20260807_143534_source/conftest.py,Other,7,#AEB6BF
./exported_tests/20260807_143534_source/pages/__init__.py,Other,0,#AEB6BF
./exported_tests/20260807_143534_source/pages/po_login.py,Other,9,#AEB6BF
./exported_tests/20260807_143534_source/test_login.py,Other,4,#AEB6BF
./exported_tests/20260807_143534_source_1/README.md,Documentation,25,#F7DC6F
./exported_tests/20260807_143534_source_1/conftest.py,Other,7,#AEB6BF
./exported_tests/20260807_143534_source_1/test_login.py,Other,4,#AEB6BF
./exported_tests/20260807_143534_source_2/README.md,Documentation,25,#F7DC6F
./exported_tests/20260807_143534_source_2/conftest.py,Other,7,#AEB6BF
./exported_tests/20260807_143534_source_2/package_manifest.json,Other,9,#AEB6BF
./exported_tests/20260807_143534_source_2/test_login.py,Other,4,#AEB6BF
./exported_tests/20260807_145317_source/README.md,Documentation,25,#F7DC6F
./exported_tests/20260807_145317_source/conftest.py,Other,7,#AEB6BF
./exported_tests/20260807_145317_source/pages/__init__.py,Other,0,#AEB6BF
./exported_tests/20260807_145317_source/pages/po_login.py,Other,9,#AEB6BF
./exported_tests/20260807_145317_source/test_login.py,Other,4,#AEB6BF
./exported_tests/20260807_145317_source_1/README.md,Documentation,25,#F7DC6F
./exported_tests/20260807_145317_source_1/conftest.py,Other,7,#AEB6BF
./exported_tests/20260807_145317_source_1/test_login.py,Other,4,#AEB6BF
./exported_tests/20260807_145317_source_2/README.md,Documentation,25,#F7DC6F
./exported_tests/20260807_145317_source_2/conftest.py,Other,7,#AEB6BF
./exported_tests/20260807_145317_source_2/package_manifest.json,Other,9,#AEB6BF
./exported_tests/20260807_145317_source_2/test_login.py,Other,4,#AEB6BF
./exported_tests/20260807_183158_source/README.md,Documentation,25,#F7DC6F
./exported_tests/20260807_183158_source/conftest.py,Other,7,#AEB6BF
./exported_tests/20260807_183158_source/pages/__init__.py,Other,0,#AEB6BF
./exported_tests/20260807_183158_source/pages/po_login.py,Other,9,#AEB6BF
./exported_tests/20260807_183158_source/test_login.py,Other,4,#AEB6BF
./exported_tests/20260807_183158_source_1/README.md,Documentation,25,#F7DC6F
./exported_tests/20260807_183158_source_1/conftest.py,Other,7,#AEB6BF
./exported_tests/20260807_183158_source_1/test_login.py,Other,4,#AEB6BF
./exported_tests/20260807_183158_source_2/README.md,Documentation,25,#F7DC6F
./exported_tests/20260807_183158_source_2/conftest.py,Other,7,#AEB6BF
./exported_tests/20260807_183158_source_2/package_manifest.json,Other,9,#AEB6BF
./exported_tests/20260807_183158_source_2/test_login.py,Other,4,#AEB6BF
./exported_tests/20260807_184140_source/README.md,Documentation,25,#F7DC6F
./exported_tests/20260807_184140_source/conftest.py,Other,7,#AEB6BF
./exported_tests/20260807_184140_source/pages/__init__.py,Other,0,#AEB6BF
./exported_tests/20260807_184140_source/pages/po_login.py,Other,9,#AEB6BF
./exported_tests/20260807_184140_source/test_login.py,Other,4,#AEB6BF
./exported_tests/20260807_184140_source_1/README.md,Documentation,25,#F7DC6F
./exported_tests/20260807_184140_source_1/conftest.py,Other,7,#AEB6BF
./exported_tests/20260807_184140_source_1/test_login.py,Other,4,#AEB6BF
./exported_tests/20260807_184140_source_2/README.md,Documentation,25,#F7DC6F
./exported_tests/20260807_184140_source_2/conftest.py,Other,7,#AEB6BF
./exported_tests/20260807_184140_source_2/package_manifest.json,Other,9,#AEB6BF
./exported_tests/20260807_184140_source_2/test_login.py,Other,4,#AEB6BF
./exported_tests/20260807_191230_source/README.md,Documentation,25,#F7DC6F
./exported_tests/20260807_191230_source/conftest.py,Other,7,#AEB6BF
./exported_tests/20260807_191230_source/pages/__init__.py,Other,0,#AEB6BF
./exported_tests/20260807_191230_source/pages/po_login.py,Other,9,#AEB6BF
./exported_tests/20260807_191230_source/test_login.py,Other,4,#AEB6BF
./exported_tests/20260807_191230_source_1/README.md,Documentation,25,#F7DC6F
./exported_tests/20260807_191230_source_1/conftest.py,Other,7,#AEB6BF
./exported_tests/20260807_191230_source_1/test_login.py,Other,4,#AEB6BF
./exported_tests/20260807_191230_source_2/README.md,Documentation,25,#F7DC6F
./exported_tests/20260807_191230_source_2/conftest.py,Other,7,#AEB6BF
./exported_tests/20260807_191230_source_2/package_manifest.json,Other,9,#AEB6BF
./exported_tests/20260807_191230_source_2/test_login.py,Other,4,#AEB6BF
./exported_tests/20260807_192436_source/README.md,Documentation,25,#F7DC6F
./exported_tests/20260807_192436_source/conftest.py,Other,7,#AEB6BF
./exported_tests/20260807_192436_source/pages/__init__.py,Other,0,#AEB6BF
./exported_tests/20260807_192436_source/pages/po_login.py,Other,9,#AEB6BF
./exported_tests/20260807_192436_source/test_login.py,Other,4,#AEB6BF
./exported_tests/20260807_192436_source_1/README.md,Documentation,25,#F7DC6F
./exported_tests/20260807_192436_source_1/conftest.py,Other,7,#AEB6BF
./exported_tests/20260807_192436_source_1/test_login.py,Other,4,#AEB6BF
./exported_tests/20260807_192436_source_2/README.md,Documentation,25,#F7DC6F
./exported_tests/20260807_192436_source_2/conftest.py,Other,7,#AEB6BF
./exported_tests/20260807_192436_source_2/package_manifest.json,Other,9,#AEB6BF
./exported_tests/20260807_192436_source_2/test_login.py,Other,4,#AEB6BF
./exported_tests/20260808_173253_source/README.md,Documentation,25,#F7DC6F
./exported_tests/20260808_173253_source/conftest.py,Other,7,#AEB6BF
./exported_tests/20260808_173253_source/pages/__init__.py,Other,0,#AEB6BF
./exported_tests/20260808_173253_source/pages/po_login.py,Other,9,#AEB6BF
./exported_tests/20260808_173253_source/test_login.py,Other,4,#AEB6BF
./exported_tests/20260808_173253_source_1/README.md,Documentation,25,#F7DC6F
./exported_tests/20260808_173253_source_1/conftest.py,Other,7,#AEB6BF
./exported_tests/20260808_173253_source_1/test_login.py,Other,4,#AEB6BF
./exported_tests/20260808_173253_source_2/README.md,Documentation,25,#F7DC6F
./exported_tests/20260808_173253_source_2/conftest.py,Other,7,#AEB6BF
./exported_tests/20260808_173253_source_2/package_manifest.json,Other,9,#AEB6BF
./exported_tests/20260808_173253_source_2/test_login.py,Other,4,#AEB6BF
./exported_tests/20260808_173407_source/README.md,Documentation,25,#F7DC6F
./exported_tests/20260808_173407_source/conftest.py,Other,7,#AEB6BF
./exported_tests/20260808_173407_source/pages/__init__.py,Other,0,#AEB6BF
./exported_tests/20260808_173407_source/pages/po_login.py,Other,9,#AEB6BF
./exported_tests/20260808_173407_source/test_login.py,Other,4,#AEB6BF
./exported_tests/20260808_173407_source_1/README.md,Documentation,25,#F7DC6F
./exported_tests/20260808_173407_source_1/conftest.py,Other,7,#AEB6BF
./exported_tests/20260808_173407_source_1/test_login.py,Other,4,#AEB6BF
./exported_tests/20260808_173407_source_2/README.md,Documentation,25,#F7DC6F
./exported_tests/20260808_173407_source_2/conftest.py,Other,7,#AEB6BF
./exported_tests/20260808_173407_source_2/package_manifest.json,Other,9,#AEB6BF
./exported_tests/20260808_173407_source_2/test_login.py,Other,4,#AEB6BF
./exported_tests/20260808_181449_source/README.md,Documentation,25,#F7DC6F
./exported_tests/20260808_181449_source/conftest.py,Other,7,#AEB6BF
./exported_tests/20260808_181449_source/pages/__init__.py,Other,0,#AEB6BF
./exported_tests/20260808_181449_source/pages/po_login.py,Other,9,#AEB6BF
./exported_tests/20260808_181449_source/test_login.py,Other,4,#AEB6BF
./exported_tests/20260808_181449_source_1/README.md,Documentation,25,#F7DC6F
./exported_tests/20260808_181449_source_1/conftest.py,Other,7,#AEB6BF
./exported_tests/20260808_181449_source_1/test_login.py,Other,4,#AEB6BF
./exported_tests/20260808_181449_source_2/README.md,Documentation,25,#F7DC6F
./exported_tests/20260808_181449_source_2/conftest.py,Other,7,#AEB6BF
./exported_tests/20260808_181449_source_2/package_manifest.json,Other,9,#AEB6BF
./exported_tests/20260808_181449_source_2/test_login.py,Other,4,#AEB6BF
./exported_tests/20260808_190048_source/README.md,Documentation,25,#F7DC6F
./exported_tests/20260808_190048_source/conftest.py,Other,7,#AEB6BF
./exported_tests/20260808_190048_source/pages/__init__.py,Other,0,#AEB6BF
./exported_tests/20260808_190048_source/pages/po_login.py,Other,9,#AEB6BF
./exported_tests/20260808_190048_source/test_login.py,Other,4,#AEB6BF
./exported_tests/20260808_190048_source_1/README.md,Documentation,25,#F7DC6F
./exported_tests/20260808_190048_source_1/conftest.py,Other,7,#AEB6BF
./exported_tests/20260808_190048_source_1/test_login.py,Other,4,#AEB6BF
./exported_tests/20260808_190048_source_2/README.md,Documentation,25,#F7DC6F
./exported_tests/20260808_190048_source_2/conftest.py,Other,7,#AEB6BF
./exported_tests/20260808_190048_source_2/package_manifest.json,Other,9,#AEB6BF
./exported_tests/20260808_190048_source_2/test_login.py,Other,4,#AEB6BF
./exported_tests/20260809_094304_source/README.md,Documentation,25,#F7DC6F
./exported_tests/20260809_094304_source/conftest.py,Other,7,#AEB6BF
./exported_tests/20260809_094304_source/pages/__init__.py,Other,0,#AEB6BF
./exported_tests/20260809_094304_source/pages/po_login.py,Other,9,#AEB6BF
./exported_tests/20260809_094304_source/test_login.py,Other,4,#AEB6BF
./exported_tests/20260809_094304_source_1/README.md,Documentation,25,#F7DC6F
./exported_tests/20260809_094304_source_1/conftest.py,Other,7,#AEB6BF
./exported_tests/20260809_094304_source_1/test_login.py,Other,4,#AEB6BF
./exported_tests/20260809_094304_source_2/README.md,Documentation,25,#F7DC6F
./exported_tests/20260809_094304_source_2/conftest.py,Other,7,#AEB6BF
./exported_tests/20260809_094304_source_2/package_manifest.json,Other,9,#AEB6BF
./exported_tests/20260809_094304_source_2/test_login.py,Other,4,#AEB6BF
./exported_tests/20260809_094748_source/README.md,Documentation,25,#F7DC6F
./exported_tests/20260809_094748_source/conftest.py,Other,7,#AEB6BF
./exported_tests/20260809_094748_source/pages/__init__.py,Other,0,#AEB6BF
./exported_tests/20260809_094748_source/pages/po_login.py,Other,9,#AEB6BF
./exported_tests/20260809_094748_source/test_login.py,Other,4,#AEB6BF
./exported_tests/20260809_094748_source_1/README.md,Documentation,25,#F7DC6F
./exported_tests/20260809_094748_source_1/conftest.py,Other,7,#AEB6BF
./exported_tests/20260809_094748_source_1/test_login.py,Other,4,#AEB6BF
./exported_tests/20260809_094748_source_2/README.md,Documentation,25,#F7DC6F
./exported_tests/20260809_094748_source_2/conftest.py,Other,7,#AEB6BF
./exported_tests/20260809_094748_source_2/package_manifest.json,Other,9,#AEB6BF
./exported_tests/20260809_094748_source_2/test_login.py,Other,4,#AEB6BF
./exported_tests/20260809_095246_source/README.md,Documentation,25,#F7DC6F
./exported_tests/20260809_095246_source/conftest.py,Other,7,#AEB6BF
./exported_tests/20260809_095246_source/pages/__init__.py,Other,0,#AEB6BF
./exported_tests/20260809_095246_source/pages/po_login.py,Other,9,#AEB6BF
./exported_tests/20260809_095246_source/test_login.py,Other,4,#AEB6BF
./exported_tests/20260809_095246_source_1/README.md,Documentation,25,#F7DC6F
./exported_tests/20260809_095246_source_1/conftest.py,Other,7,#AEB6BF
./exported_tests/20260809_095246_source_1/test_login.py,Other,4,#AEB6BF
./exported_tests/20260809_095246_source_2/README.md,Documentation,25,#F7DC6F
./exported_tests/20260809_095246_source_2/conftest.py,Other,7,#AEB6BF
./exported_tests/20260809_095246_source_2/package_manifest.json,Other,9,#AEB6BF
./exported_tests/20260809_095246_source_2/test_login.py,Other,4,#AEB6BF
./exported_tests/20260809_095754_source/README.md,Documentation,25,#F7DC6F
./exported_tests/20260809_095754_source/conftest.py,Other,7,#AEB6BF
./exported_tests/20260809_095754_source/pages/__init__.py,Other,0,#AEB6BF
./exported_tests/20260809_095754_source/pages/po_login.py,Other,9,#AEB6BF
./exported_tests/20260809_095754_source/test_login.py,Other,4,#AEB6BF
./exported_tests/20260809_095754_source_1/README.md,Documentation,25,#F7DC6F
./exported_tests/20260809_095754_source_1/conftest.py,Other,7,#AEB6BF
./exported_tests/20260809_095754_source_1/test_login.py,Other,4,#AEB6BF
./exported_tests/20260809_095754_source_2/README.md,Documentation,25,#F7DC6F
./exported_tests/20260809_095754_source_2/conftest.py,Other,7,#AEB6BF
./exported_tests/20260809_095754_source_2/package_manifest.json,Other,9,#AEB6BF
./exported_tests/20260809_095754_source_2/test_login.py,Other,4,#AEB6BF
./exported_tests/20260809_100653_source/README.md,Documentation,25,#F7DC6F
./exported_tests/20260809_100653_source/conftest.py,Other,7,#AEB6BF
./exported_tests/20260809_100653_source/pages/__init__.py,Other,0,#AEB6BF
./exported_tests/20260809_100653_source/pages/po_login.py,Other,9,#AEB6BF
./exported_tests/20260809_100653_source/test_login.py,Other,4,#AEB6BF
./exported_tests/20260809_100653_source_1/README.md,Documentation,25,#F7DC6F
./exported_tests/20260809_100653_source_1/conftest.py,Other,7,#AEB6BF
./exported_tests/20260809_100653_source_1/test_login.py,Other,4,#AEB6BF
./exported_tests/20260809_100653_source_2/README.md,Documentation,25,#F7DC6F
./exported_tests/20260809_100653_source_2/conftest.py,Other,7,#AEB6BF
./exported_tests/20260809_100653_source_2/package_manifest.json,Other,9,#AEB6BF
./exported_tests/20260809_100653_source_2/test_login.py,Other,4,#AEB6BF
./exported_tests/20260809_102908_source/README.md,Documentation,25,#F7DC6F
./exported_tests/20260809_102908_source/conftest.py,Other,7,#AEB6BF
./exported_tests/20260809_102908_source/pages/__init__.py,Other,0,#AEB6BF
./exported_tests/20260809_102908_source/pages/po_login.py,Other,9,#AEB6BF
./exported_tests/20260809_102908_source/test_login.py,Other,4,#AEB6BF
./exported_tests/20260809_102908_source_1/README.md,Documentation,25,#F7DC6F
./exported_tests/20260809_102908_source_1/conftest.py,Other,7,#AEB6BF
./exported_tests/20260809_102908_source_1/test_login.py,Other,4,#AEB6BF
./exported_tests/20260809_102908_source_2/README.md,Documentation,25,#F7DC6F
./exported_tests/20260809_102908_source_2/conftest.py,Other,7,#AEB6BF
./exported_tests/20260809_102908_source_2/package_manifest.json,Other,9,#AEB6BF
./exported_tests/20260809_102908_source_2/test_login.py,Other,4,#AEB6BF
./exported_tests/20260809_104459_source/README.md,Documentation,25,#F7DC6F
./exported_tests/20260809_104459_source/conftest.py,Other,7,#AEB6BF
./exported_tests/20260809_104459_source/pages/__init__.py,Other,0,#AEB6BF
./exported_tests/20260809_104459_source/pages/po_login.py,Other,9,#AEB6BF
./exported_tests/20260809_104459_source/test_login.py,Other,4,#AEB6BF
./exported_tests/20260809_104459_source_1/README.md,Documentation,25,#F7DC6F
./exported_tests/20260809_104459_source_1/conftest.py,Other,7,#AEB6BF
./exported_tests/20260809_104459_source_1/test_login.py,Other,4,#AEB6BF
./exported_tests/20260809_104459_source_2/README.md,Documentation,25,#F7DC6F
./exported_tests/20260809_104459_source_2/conftest.py,Other,7,#AEB6BF
./exported_tests/20260809_104459_source_2/package_manifest.json,Other,9,#AEB6BF
./exported_tests/20260809_104459_source_2/test_login.py,Other,4,#AEB6BF
./exported_tests/20260809_151859_source/README.md,Documentation,25,#F7DC6F
./exported_tests/20260809_151859_source/conftest.py,Other,7,#AEB6BF
./exported_tests/20260809_151859_source/pages/__init__.py,Other,0,#AEB6BF
./exported_tests/20260809_151859_source/pages/po_login.py,Other,9,#AEB6BF
./exported_tests/20260809_151859_source/test_login.py,Other,4,#AEB6BF
./exported_tests/20260809_151859_source_1/README.md,Documentation,25,#F7DC6F
./exported_tests/20260809_151859_source_1/conftest.py,Other,7,#AEB6BF
./exported_tests/20260809_151859_source_1/test_login.py,Other,4,#AEB6BF
./exported_tests/20260809_151859_source_2/README.md,Documentation,25,#F7DC6F
./exported_tests/20260809_151859_source_2/conftest.py,Other,7,#AEB6BF
./exported_tests/20260809_151859_source_2/package_manifest.json,Other,9,#AEB6BF
./exported_tests/20260809_151859_source_2/test_login.py,Other,4,#AEB6BF
./exported_tests/20260809_153723_source/README.md,Documentation,25,#F7DC6F
./exported_tests/20260809_153723_source/conftest.py,Other,7,#AEB6BF
./exported_tests/20260809_153723_source/pages/__init__.py,Other,0,#AEB6BF
./exported_tests/20260809_153723_source/pages/po_login.py,Other,9,#AEB6BF
./exported_tests/20260809_153723_source/test_login.py,Other,4,#AEB6BF
./exported_tests/20260809_153723_source_1/README.md,Documentation,25,#F7DC6F
./exported_tests/20260809_153723_source_1/conftest.py,Other,7,#AEB6BF
./exported_tests/20260809_153723_source_1/test_login.py,Other,4,#AEB6BF
./exported_tests/20260809_153723_source_2/README.md,Documentation,25,#F7DC6F
./exported_tests/20260809_153723_source_2/conftest.py,Other,7,#AEB6BF
./exported_tests/20260809_153723_source_2/package_manifest.json,Other,9,#AEB6BF
./exported_tests/20260809_153723_source_2/test_login.py,Other,4,#AEB6BF
./exported_tests/20260809_162633_source/README.md,Documentation,25,#F7DC6F
./exported_tests/20260809_162633_source/conftest.py,Other,7,#AEB6BF
./exported_tests/20260809_162633_source/pages/__init__.py,Other,0,#AEB6BF
./exported_tests/20260809_162633_source/pages/po_login.py,Other,9,#AEB6BF
./exported_tests/20260809_162633_source/test_login.py,Other,4,#AEB6BF
./exported_tests/20260809_162633_source_1/README.md,Documentation,25,#F7DC6F
./exported_tests/20260809_162633_source_1/conftest.py,Other,7,#AEB6BF
./exported_tests/20260809_162633_source_1/test_login.py,Other,4,#AEB6BF
./exported_tests/20260809_162633_source_2/README.md,Documentation,25,#F7DC6F
./exported_tests/20260809_162633_source_2/conftest.py,Other,7,#AEB6BF
./exported_tests/20260809_162633_source_2/package_manifest.json,Other,9,#AEB6BF
./exported_tests/20260809_162633_source_2/test_login.py,Other,4,#AEB6BF
./exported_tests/20260810_100428_source/README.md,Documentation,25,#F7DC6F
./exported_tests/20260810_100428_source/conftest.py,Other,7,#AEB6BF
./exported_tests/20260810_100428_source/pages/__init__.py,Other,0,#AEB6BF
./exported_tests/20260810_100428_source/pages/po_login.py,Other,9,#AEB6BF
./exported_tests/20260810_100428_source/test_login.py,Other,4,#AEB6BF
./exported_tests/20260810_100428_source_1/README.md,Documentation,25,#F7DC6F
./exported_tests/20260810_100428_source_1/conftest.py,Other,7,#AEB6BF
./exported_tests/20260810_100428_source_1/test_login.py,Other,4,#AEB6BF
./exported_tests/20260810_100428_source_2/README.md,Documentation,25,#F7DC6F
./exported_tests/20260810_100428_source_2/conftest.py,Other,7,#AEB6BF
./exported_tests/20260810_100428_source_2/package_manifest.json,Other,9,#AEB6BF
./exported_tests/20260810_100428_source_2/test_login.py,Other,4,#AEB6BF
./exported_tests/20260810_101221_source/README.md,Documentation,25,#F7DC6F
./exported_tests/20260810_101221_source/conftest.py,Other,7,#AEB6BF
./exported_tests/20260810_101221_source/pages/__init__.py,Other,0,#AEB6BF
./exported_tests/20260810_101221_source/pages/po_login.py,Other,9,#AEB6BF
./exported_tests/20260810_101221_source/test_login.py,Other,4,#AEB6BF
./exported_tests/20260810_101221_source_1/README.md,Documentation,25,#F7DC6F
./exported_tests/20260810_101221_source_1/conftest.py,Other,7,#AEB6BF
./exported_tests/20260810_101221_source_1/test_login.py,Other,4,#AEB6BF
./exported_tests/20260810_101221_source_2/README.md,Documentation,25,#F7DC6F
./exported_tests/20260810_101221_source_2/conftest.py,Other,7,#AEB6BF
./exported_tests/20260810_101221_source_2/package_manifest.json,Other,9,#AEB6BF
./exported_tests/20260810_101221_source_2/test_login.py,Other,4,#AEB6BF
./exported_tests/20260811_121341_source/README.md,Documentation,25,#F7DC6F
./exported_tests/20260811_121341_source/conftest.py,Other,7,#AEB6BF
./exported_tests/20260811_121341_source/pages/__init__.py,Other,0,#AEB6BF
./exported_tests/20260811_121341_source/pages/po_login.py,Other,9,#AEB6BF
./exported_tests/20260811_121341_source/test_login.py,Other,4,#AEB6BF
./exported_tests/20260811_121342_source/README.md,Documentation,25,#F7DC6F
./exported_tests/20260811_121342_source/conftest.py,Other,7,#AEB6BF
./exported_tests/20260811_121342_source/test_login.py,Other,4,#AEB6BF
./exported_tests/20260811_121342_source_1/README.md,Documentation,25,#F7DC6F
./exported_tests/20260811_121342_source_1/conftest.py,Other,7,#AEB6BF
./exported_tests/20260811_121342_source_1/package_manifest.json,Other,9,#AEB6BF
./exported_tests/20260811_121342_source_1/test_login.py,Other,4,#AEB6BF
./exported_tests/20260812_135956_source/README.md,Documentation,25,#F7DC6F
./exported_tests/20260812_135956_source/conftest.py,Other,7,#AEB6BF
./exported_tests/20260812_135956_source/pages/__init__.py,Other,0,#AEB6BF
./exported_tests/20260812_135956_source/pages/po_login.py,Other,9,#AEB6BF
./exported_tests/20260812_135956_source/test_login.py,Other,4,#AEB6BF
./exported_tests/20260812_135956_source_1/README.md,Documentation,25,#F7DC6F
./exported_tests/20260812_135956_source_1/conftest.py,Other,7,#AEB6BF
./exported_tests/20260812_135956_source_1/test_login.py,Other,4,#AEB6BF
./exported_tests/20260812_135956_source_2/README.md,Documentation,25,#F7DC6F
./exported_tests/20260812_135956_source_2/conftest.py,Other,7,#AEB6BF
./exported_tests/20260812_135956_source_2/package_manifest.json,Other,9,#AEB6BF
./exported_tests/20260812_135956_source_2/test_login.py,Other,4,#AEB6BF
./exported_tests/20260812_143213_source/README.md,Documentation,25,#F7DC6F
./exported_tests/20260812_143213_source/conftest.py,Other,7,#AEB6BF
./exported_tests/20260812_143213_source/pages/__init__.py,Other,0,#AEB6BF
./exported_tests/20260812_143213_source/pages/po_login.py,Other,9,#AEB6BF
./exported_tests/20260812_143213_source/test_login.py,Other,4,#AEB6BF
./exported_tests/20260812_143214_source/README.md,Documentation,25,#F7DC6F
./exported_tests/20260812_143214_source/conftest.py,Other,7,#AEB6BF
./exported_tests/20260812_143214_source/test_login.py,Other,4,#AEB6BF
./exported_tests/20260812_143214_source_1/README.md,Documentation,25,#F7DC6F
./exported_tests/20260812_143214_source_1/conftest.py,Other,7,#AEB6BF
./exported_tests/20260812_143214_source_1/package_manifest.json,Other,9,#AEB6BF
./exported_tests/20260812_143214_source_1/test_login.py,Other,4,#AEB6BF
./exported_tests/20260812_143700_source/README.md,Documentation,25,#F7DC6F
./exported_tests/20260812_143700_source/conftest.py,Other,7,#AEB6BF
./exported_tests/20260812_143700_source/pages/__init__.py,Other,0,#AEB6BF
./exported_tests/20260812_143700_source/pages/po_login.py,Other,9,#AEB6BF
./exported_tests/20260812_143700_source/test_login.py,Other,4,#AEB6BF
./exported_tests/20260812_143700_source_1/README.md,Documentation,25,#F7DC6F
./exported_tests/20260812_143700_source_1/conftest.py,Other,7,#AEB6BF
./exported_tests/20260812_143700_source_1/test_login.py,Other,4,#AEB6BF
./exported_tests/20260812_143700_source_2/README.md,Documentation,25,#F7DC6F
./exported_tests/20260812_143700_source_2/conftest.py,Other,7,#AEB6BF
./exported_tests/20260812_143700_source_2/package_manifest.json,Other,9,#AEB6BF
./exported_tests/20260812_143700_source_2/test_login.py,Other,4,#AEB6BF
./exported_tests/20260812_144023_source/README.md,Documentation,25,#F7DC6F
./exported_tests/20260812_144023_source/conftest.py,Other,7,#AEB6BF
./exported_tests/20260812_144023_source/pages/__init__.py,Other,0,#AEB6BF
./exported_tests/20260812_144023_source/pages/po_login.py,Other,9,#AEB6BF
./exported_tests/20260812_144023_source/test_login.py,Other,4,#AEB6BF
./exported_tests/20260812_144023_source_1/README.md,Documentation,25,#F7DC6F
./exported_tests/20260812_144023_source_1/conftest.py,Other,7,#AEB6BF
./exported_tests/20260812_144023_source_1/test_login.py,Other,4,#AEB6BF
./exported_tests/20260812_144023_source_2/README.md,Documentation,25,#F7DC6F
./exported_tests/20260812_144023_source_2/conftest.py,Other,7,#AEB6BF
./exported_tests/20260812_144023_source_2/package_manifest.json,Other,9,#AEB6BF
./exported_tests/20260812_144023_source_2/test_login.py,Other,4,#AEB6BF
./exported_tests/20260812_151929_source/README.md,Documentation,25,#F7DC6F
./exported_tests/20260812_151929_source/conftest.py,Other,7,#AEB6BF
./exported_tests/20260812_151929_source/pages/__init__.py,Other,0,#AEB6BF
./exported_tests/20260812_151929_source/pages/po_login.py,Other,9,#AEB6BF
./exported_tests/20260812_151929_source/test_login.py,Other,4,#AEB6BF
./exported_tests/20260812_151929_source_1/README.md,Documentation,25,#F7DC6F
./exported_tests/20260812_151929_source_1/conftest.py,Other,7,#AEB6BF
./exported_tests/20260812_151929_source_1/test_login.py,Other,4,#AEB6BF
./exported_tests/20260812_151929_source_2/README.md,Documentation,25,#F7DC6F
./exported_tests/20260812_151929_source_2/conftest.py,Other,7,#AEB6BF
./exported_tests/20260812_151929_source_2/package_manifest.json,Other,9,#AEB6BF
./exported_tests/20260812_151929_source_2/test_login.py,Other,4,#AEB6BF
./exported_tests/20260812_155019_source/README.md,Documentation,25,#F7DC6F
./exported_tests/20260812_155019_source/conftest.py,Other,7,#AEB6BF
./exported_tests/20260812_155019_source/pages/__init__.py,Other,0,#AEB6BF
./exported_tests/20260812_155019_source/pages/po_login.py,Other,9,#AEB6BF
./exported_tests/20260812_155019_source/test_login.py,Other,4,#AEB6BF
./exported_tests/20260812_155019_source_1/README.md,Documentation,25,#F7DC6F
./exported_tests/20260812_155019_source_1/conftest.py,Other,7,#AEB6BF
./exported_tests/20260812_155019_source_1/test_login.py,Other,4,#AEB6BF
./exported_tests/20260812_155019_source_2/README.md,Documentation,25,#F7DC6F
./exported_tests/20260812_155019_source_2/conftest.py,Other,7,#AEB6BF
./exported_tests/20260812_155019_source_2/package_manifest.json,Other,9,#AEB6BF
./exported_tests/20260812_155019_source_2/test_login.py,Other,4,#AEB6BF
./exported_tests/20260812_162400_source/README.md,Documentation,25,#F7DC6F
./exported_tests/20260812_162400_source/conftest.py,Other,7,#AEB6BF
./exported_tests/20260812_162400_source/pages/__init__.py,Other,0,#AEB6BF
./exported_tests/20260812_162400_source/pages/po_login.py,Other,9,#AEB6BF
./exported_tests/20260812_162400_source/test_login.py,Other,4,#AEB6BF
./exported_tests/20260812_162400_source_1/README.md,Documentation,25,#F7DC6F
./exported_tests/20260812_162400_source_1/conftest.py,Other,7,#AEB6BF
./exported_tests/20260812_162400_source_1/test_login.py,Other,4,#AEB6BF
./exported_tests/20260812_162400_source_2/README.md,Documentation,25,#F7DC6F
./exported_tests/20260812_162400_source_2/conftest.py,Other,7,#AEB6BF
./exported_tests/20260812_162400_source_2/package_manifest.json,Other,9,#AEB6BF
./exported_tests/20260812_162400_source_2/test_login.py,Other,4,#AEB6BF
./exported_tests/20260812_170945_source/README.md,Documentation,25,#F7DC6F
./exported_tests/20260812_170945_source/conftest.py,Other,7,#AEB6BF
./exported_tests/20260812_170945_source/pages/__init__.py,Other,0,#AEB6BF
./exported_tests/20260812_170945_source/pages/po_login.py,Other,9,#AEB6BF
./exported_tests/20260812_170945_source/test_login.py,Other,4,#AEB6BF
./exported_tests/20260812_170945_source_1/README.md,Documentation,25,#F7DC6F
./exported_tests/20260812_170945_source_1/conftest.py,Other,7,#AEB6BF
./exported_tests/20260812_170945_source_1/test_login.py,Other,4,#AEB6BF
./exported_tests/20260812_170945_source_2/README.md,Documentation,25,#F7DC6F
./exported_tests/20260812_170945_source_2/conftest.py,Other,7,#AEB6BF
./exported_tests/20260812_170945_source_2/package_manifest.json,Other,9,#AEB6BF
./exported_tests/20260812_170945_source_2/test_login.py,Other,4,#AEB6BF
./exported_tests/20260812_174021_source/README.md,Documentation,25,#F7DC6F
./exported_tests/20260812_174021_source/conftest.py,Other,7,#AEB6BF
./exported_tests/20260812_174021_source/pages/__init__.py,Other,0,#AEB6BF
./exported_tests/20260812_174021_source/pages/po_login.py,Other,9,#AEB6BF
./exported_tests/20260812_174021_source/test_login.py,Other,4,#AEB6BF
./exported_tests/20260812_174021_source_1/README.md,Documentation,25,#F7DC6F
./exported_tests/20260812_174021_source_1/conftest.py,Other,7,#AEB6BF
./exported_tests/20260812_174021_source_1/test_login.py,Other,4,#AEB6BF
./exported_tests/20260812_174021_source_2/README.md,Documentation,25,#F7DC6F
./exported_tests/20260812_174021_source_2/conftest.py,Other,7,#AEB6BF
./exported_tests/20260812_174021_source_2/package_manifest.json,Other,9,#AEB6BF
./exported_tests/20260812_174021_source_2/test_login.py,Other,4,#AEB6BF
./exported_tests/20260812_175627_source/README.md,Documentation,25,#F7DC6F
./exported_tests/20260812_175627_source/conftest.py,Other,7,#AEB6BF
./exported_tests/20260812_175627_source/pages/__init__.py,Other,0,#AEB6BF
./exported_tests/20260812_175627_source/pages/po_login.py,Other,9,#AEB6BF
./exported_tests/20260812_175627_source/test_login.py,Other,4,#AEB6BF
./exported_tests/20260812_175627_source_1/README.md,Documentation,25,#F7DC6F
./exported_tests/20260812_175627_source_1/conftest.py,Other,7,#AEB6BF
./exported_tests/20260812_175627_source_1/test_login.py,Other,4,#AEB6BF
./exported_tests/20260812_175627_source_2/README.md,Documentation,25,#F7DC6F
./exported_tests/20260812_175627_source_2/conftest.py,Other,7,#AEB6BF
./exported_tests/20260812_175627_source_2/package_manifest.json,Other,9,#AEB6BF
./exported_tests/20260812_175627_source_2/test_login.py,Other,4,#AEB6BF
./exported_tests/20260812_184244_source/README.md,Documentation,25,#F7DC6F
./exported_tests/20260812_184244_source/conftest.py,Other,7,#AEB6BF
./exported_tests/20260812_184244_source/pages/__init__.py,Other,0,#AEB6BF
./exported_tests/20260812_184244_source/pages/po_login.py,Other,9,#AEB6BF
./exported_tests/20260812_184244_source/test_login.py,Other,4,#AEB6BF
./exported_tests/20260812_184244_source_1/README.md,Documentation,25,#F7DC6F
./exported_tests/20260812_184244_source_1/conftest.py,Other,7,#AEB6BF
./exported_tests/20260812_184244_source_1/test_login.py,Other,4,#AEB6BF
./exported_tests/20260812_184244_source_2/README.md,Documentation,25,#F7DC6F
./exported_tests/20260812_184244_source_2/conftest.py,Other,7,#AEB6BF
./exported_tests/20260812_184244_source_2/package_manifest.json,Other,9,#AEB6BF
./exported_tests/20260812_184244_source_2/test_login.py,Other,4,#AEB6BF
./exported_tests/20260812_184905_source/README.md,Documentation,25,#F7DC6F
./exported_tests/20260812_184905_source/conftest.py,Other,7,#AEB6BF
./exported_tests/20260812_184905_source/pages/__init__.py,Other,0,#AEB6BF
./exported_tests/20260812_184905_source/pages/po_login.py,Other,9,#AEB6BF
./exported_tests/20260812_184905_source/test_login.py,Other,4,#AEB6BF
./exported_tests/20260812_184905_source_1/README.md,Documentation,25,#F7DC6F
./exported_tests/20260812_184905_source_1/conftest.py,Other,7,#AEB6BF
./exported_tests/20260812_184905_source_1/test_login.py,Other,4,#AEB6BF
./exported_tests/20260812_184905_source_2/README.md,Documentation,25,#F7DC6F
./exported_tests/20260812_184905_source_2/conftest.py,Other,7,#AEB6BF
./exported_tests/20260812_184905_source_2/package_manifest.json,Other,9,#AEB6BF
./exported_tests/20260812_184905_source_2/test_login.py,Other,4,#AEB6BF
./exported_tests/20260812_190608_source/README.md,Documentation,25,#F7DC6F
./exported_tests/20260812_190608_source/conftest.py,Other,7,#AEB6BF
./exported_tests/20260812_190608_source/pages/__init__.py,Other,0,#AEB6BF
./exported_tests/20260812_190608_source/pages/po_login.py,Other,9,#AEB6BF
./exported_tests/20260812_190608_source/test_login.py,Other,4,#AEB6BF
./exported_tests/20260812_190608_source_1/README.md,Documentation,25,#F7DC6F
./exported_tests/20260812_190608_source_1/conftest.py,Other,7,#AEB6BF
./exported_tests/20260812_190608_source_1/test_login.py,Other,4,#AEB6BF
./exported_tests/20260812_190608_source_2/README.md,Documentation,25,#F7DC6F
./exported_tests/20260812_190608_source_2/conftest.py,Other,7,#AEB6BF
./exported_tests/20260812_190608_source_2/package_manifest.json,Other,9,#AEB6BF
./exported_tests/20260812_190608_source_2/test_login.py,Other,4,#AEB6BF
./exported_tests/20260812_230819_source/README.md,Documentation,25,#F7DC6F
./exported_tests/20260812_230819_source/conftest.py,Other,7,#AEB6BF
./exported_tests/20260812_230819_source/pages/__init__.py,Other,0,#AEB6BF
./exported_tests/20260812_230819_source/pages/po_login.py,Other,9,#AEB6BF
./exported_tests/20260812_230819_source/test_login.py,Other,4,#AEB6BF
./exported_tests/20260812_230819_source_1/README.md,Documentation,25,#F7DC6F
./exported_tests/20260812_230819_source_1/conftest.py,Other,7,#AEB6BF
./exported_tests/20260812_230819_source_1/test_login.py,Other,4,#AEB6BF
./exported_tests/20260812_230819_source_2/README.md,Documentation,25,#F7DC6F
./exported_tests/20260812_230819_source_2/conftest.py,Other,7,#AEB6BF
./exported_tests/20260812_230819_source_2/package_manifest.json,Other,9,#AEB6BF
./exported_tests/20260812_230819_source_2/test_login.py,Other,4,#AEB6BF
./exported_tests/20260812_232027_source/README.md,Documentation,25,#F7DC6F
./exported_tests/20260812_232027_source/conftest.py,Other,7,#AEB6BF
./exported_tests/20260812_232027_source/pages/__init__.py,Other,0,#AEB6BF
./exported_tests/20260812_232027_source/pages/po_login.py,Other,9,#AEB6BF
./exported_tests/20260812_232027_source/test_login.py,Other,4,#AEB6BF
./exported_tests/20260812_232027_source_1/README.md,Documentation,25,#F7DC6F
./exported_tests/20260812_232027_source_1/conftest.py,Other,7,#AEB6BF
./exported_tests/20260812_232027_source_1/test_login.py,Other,4,#AEB6BF
./exported_tests/20260812_232028_source/README.md,Documentation,25,#F7DC6F
./exported_tests/20260812_232028_source/conftest.py,Other,7,#AEB6BF
./exported_tests/20260812_232028_source/package_manifest.json,Other,9,#AEB6BF
./exported_tests/20260812_232028_source/test_login.py,Other,4,#AEB6BF
./exported_tests/20260812_233601_source/README.md,Documentation,25,#F7DC6F
./exported_tests/20260812_233601_source/conftest.py,Other,7,#AEB6BF
./exported_tests/20260812_233601_source/pages/__init__.py,Other,0,#AEB6BF
./exported_tests/20260812_233601_source/pages/po_login.py,Other,9,#AEB6BF
./exported_tests/20260812_233601_source/test_login.py,Other,4,#AEB6BF
./exported_tests/20260812_233601_source_1/README.md,Documentation,25,#F7DC6F
./exported_tests/20260812_233601_source_1/conftest.py,Other,7,#AEB6BF
./exported_tests/20260812_233601_source_1/test_login.py,Other,4,#AEB6BF
./exported_tests/20260812_233601_source_2/README.md,Documentation,25,#F7DC6F
./exported_tests/20260812_233601_source_2/conftest.py,Other,7,#AEB6BF
./exported_tests/20260812_233601_source_2/package_manifest.json,Other,9,#AEB6BF
./exported_tests/20260812_233601_source_2/test_login.py,Other,4,#AEB6BF
./exported_tests/20260813_000657_source/README.md,Documentation,25,#F7DC6F
./exported_tests/20260813_000657_source/conftest.py,Other,7,#AEB6BF
./exported_tests/20260813_000657_source/pages/__init__.py,Other,0,#AEB6BF
./exported_tests/20260813_000657_source/pages/po_login.py,Other,9,#AEB6BF
./exported_tests/20260813_000657_source/test_login.py,Other,4,#AEB6BF
./exported_tests/20260813_000658_source/README.md,Documentation,25,#F7DC6F
./exported_tests/20260813_000658_source/conftest.py,Other,7,#AEB6BF
./exported_tests/20260813_000658_source/test_login.py,Other,4,#AEB6BF
./exported_tests/20260813_000658_source_1/README.md,Documentation,25,#F7DC6F
./exported_tests/20260813_000658_source_1/conftest.py,Other,7,#AEB6BF
./exported_tests/20260813_000658_source_1/package_manifest.json,Other,9,#AEB6BF
./exported_tests/20260813_000658_source_1/test_login.py,Other,4,#AEB6BF
./fix.sh,Configuration,13,#BB8FCE
./fixtures/golden_package/package_manifest.json,Other,10,#AEB6BF
./fixtures/golden_package/pages/cart_page.py,Other,17,#AEB6BF
./fixtures/golden_package/pages/home_page.py,Other,24,#AEB6BF
./fixtures/golden_package/test_golden_flow.py,Other,26,#AEB6BF
./fixtures/golden_site/index.html,Other,11,#AEB6BF
./fixtures/report_golden/gantt_nan/test_nan.evidence.json,Other,1,#AEB6BF
./fixtures/report_golden/heatmap_good/test_good.evidence.json,Other,62,#AEB6BF
./fixtures/report_golden/heatmap_legacy_pixels/test_legacy.evidence.json,Other,45,#AEB6BF
./generated_tests/conftest.py,Other,103,#AEB6BF
./generated_tests/resolved/automationexercise/test_01_as_a_guest_shopper_i_want_to_navigate_to.py,Other,74,#AEB6BF
./generated_tests/resolved/automationexercise/test_01_ragon_sk1_as_a_guest_shopper_i_want_to_navigate_to.py,Other,82,#AEB6BF
./generated_tests/resolved/automationexercise/test_01_ragon_sk2_as_a_guest_shopper_i_want_to_navigate_to.py,Other,101,#AEB6BF
./generated_tests/resolved/automationexercise/test_02_as_a_registered_user_i_want_to_log_in_vi.py,Other,122,#AEB6BF
./generated_tests/resolved/automationexercise/test_02_ragon_sk1_as_a_registered_user_i_want_to_log_in_vi.py,Other,123,#AEB6BF
./generated_tests/resolved/automationexercise/test_02_ragon_sk2_as_a_registered_user_i_want_to_log_in_vi.py,Other,120,#AEB6BF
./generated_tests/resolved/automationexercise/test_03_as_a_cautious_shopper_i_want_to_add_mult.py,Other,134,#AEB6BF
./generated_tests/resolved/automationexercise/test_03_ragon_sk1_as_a_cautious_shopper_i_want_to_add_mult.py,Other,97,#AEB6BF
./generated_tests/resolved/automationexercise/test_03_ragon_sk2_as_a_cautious_shopper_i_want_to_add_mult.py,Other,103,#AEB6BF
./generated_tests/resolved/automationexercise/test_04_as_a_new_user_i_want_to_attempt_to_check.py,Other,58,#AEB6BF
./generated_tests/resolved/automationexercise/test_04_ragon_sk1_as_a_new_user_i_want_to_attempt_to_check.py,Other,57,#AEB6BF
./generated_tests/resolved/automationexercise/test_04_ragon_sk2_as_a_new_user_i_want_to_attempt_to_check.py,Other,75,#AEB6BF
./generated_tests/resolved/automationexercise/test_05_as_a_user_i_want_to_log_in_and_then_add_.py,Other,102,#AEB6BF
./generated_tests/resolved/automationexercise/test_05_ragon_sk1_as_a_user_i_want_to_log_in_and_then_add_.py,Other,125,#AEB6BF
./generated_tests/resolved/automationexercise/test_05_ragon_sk2_as_a_user_i_want_to_log_in_and_then_add_.py,Other,93,#AEB6BF
./generated_tests/resolved/banking_mock/test_01_as_a_registered_customer_i_want_to_enter.py,Other,59,#AEB6BF
./generated_tests/resolved/banking_mock/test_01_ragoff_sk1_as_a_registered_customer_i_want_to_enter.py,Other,56,#AEB6BF
./generated_tests/resolved/banking_mock/test_01_ragoff_sk1_as_a_registered_customer_i_want_to_log_i.py,Other,12,#AEB6BF
./generated_tests/resolved/banking_mock/test_01_ragon_sk1_as_a_registered_customer_i_want_to_enter.py,Other,56,#AEB6BF
./generated_tests/resolved/banking_mock/test_01_ragon_sk1_as_a_registered_customer_i_want_to_log_i.py,Other,12,#AEB6BF
./generated_tests/resolved/banking_mock/test_02_as_a_user_i_want_to_attempt_login_with_i.py,Other,49,#AEB6BF
./generated_tests/resolved/banking_mock/test_02_ragoff_sk1_as_a_user_i_want_to_attempt_login_with_i.py,Other,45,#AEB6BF
./generated_tests/resolved/banking_mock/test_02_ragoff_sk2_as_a_user_i_want_to_attempt_login_with_i.py,Other,45,#AEB6BF
./generated_tests/resolved/banking_mock/test_02_ragoff_sk3_as_a_user_i_want_to_attempt_login_with_i.py,Other,56,#AEB6BF
./generated_tests/resolved/banking_mock/test_02_ragoff_sk4_as_a_user_i_want_to_attempt_login_with_i.py,Other,53,#AEB6BF
./generated_tests/resolved/banking_mock/test_02_ragon_sk1_as_a_user_i_want_to_attempt_login_with_i.py,Other,45,#AEB6BF
./generated_tests/resolved/banking_mock/test_02_ragon_sk2_as_a_user_i_want_to_attempt_login_with_i.py,Other,45,#AEB6BF
./generated_tests/resolved/banking_mock/test_02_ragon_sk3_as_a_user_i_want_to_attempt_login_with_i.py,Other,56,#AEB6BF
./generated_tests/resolved/banking_mock/test_02_ragon_sk4_as_a_user_i_want_to_attempt_login_with_i.py,Other,53,#AEB6BF
./generated_tests/resolved/banking_mock/test_03_as_a_logged_in_customer_i_want_to_transf.py,Other,108,#AEB6BF
./generated_tests/resolved/banking_mock/test_03_ragoff_sk1_as_a_logged_in_customer_i_want_to_transf.py,Other,91,#AEB6BF
./generated_tests/resolved/banking_mock/test_03_ragon_sk1_as_a_logged_in_customer_i_want_to_transf.py,Other,91,#AEB6BF
./generated_tests/resolved/banking_mock/test_04_as_a_logged_in_customer_i_want_to_schedu.py,Other,85,#AEB6BF
./generated_tests/resolved/banking_mock/test_04_ragoff_sk1_as_a_logged_in_customer_i_want_to_schedu.py,Other,96,#AEB6BF
./generated_tests/resolved/banking_mock/test_04_ragon_sk1_as_a_logged_in_customer_i_want_to_schedu.py,Other,96,#AEB6BF
./generated_tests/resolved/banking_mock/test_05_as_a_logged_in_customer_i_want_to_view_m.py,Other,59,#AEB6BF
./generated_tests/resolved/banking_mock/test_05_ragoff_sk1_as_a_logged_in_customer_i_want_to_view_m.py,Other,64,#AEB6BF
./generated_tests/resolved/banking_mock/test_05_ragoff_sk2_as_a_logged_in_customer_i_want_to_view_m.py,Other,62,#AEB6BF
./generated_tests/resolved/banking_mock/test_05_ragon_sk1_as_a_logged_in_customer_i_want_to_view_m.py,Other,64,#AEB6BF
./generated_tests/resolved/banking_mock/test_05_ragon_sk2_as_a_logged_in_customer_i_want_to_view_m.py,Other,62,#AEB6BF
./generated_tests/resolved/demoqa/test_01_as_a_prospective_student_i_want_to_fill_.py,Other,95,#AEB6BF
./generated_tests/resolved/demoqa/test_01_ragon_sk1_as_a_prospective_student_i_want_to_fill_.py,Other,104,#AEB6BF
./generated_tests/resolved/demoqa/test_01_ragon_sk2_as_a_prospective_student_i_want_to_fill_.py,Other,73,#AEB6BF
./generated_tests/resolved/demoqa/test_02_as_a_cautious_user_i_want_to_attempt_sub.py,Other,87,#AEB6BF
./generated_tests/resolved/demoqa/test_02_ragon_sk1_as_a_cautious_user_i_want_to_attempt_sub.py,Other,70,#AEB6BF
./generated_tests/resolved/demoqa/test_02_ragon_sk2_as_a_cautious_user_i_want_to_attempt_sub.py,Other,87,#AEB6BF
./generated_tests/resolved/demoqa/test_03_as_a_user_testing_location_dependencies_.py,Other,80,#AEB6BF
./generated_tests/resolved/demoqa/test_03_ragon_sk1_as_a_user_testing_location_dependencies_.py,Other,78,#AEB6BF
./generated_tests/resolved/demoqa/test_03_ragon_sk2_as_a_user_testing_location_dependencies_.py,Other,81,#AEB6BF
./generated_tests/resolved/demoqa/test_04_as_a_user_checking_email_uniqueness_i_wa.py,Other,71,#AEB6BF
./generated_tests/resolved/demoqa/test_04_ragon_sk1_as_a_user_checking_email_uniqueness_i_wa.py,Other,65,#AEB6BF
./generated_tests/resolved/demoqa/test_04_ragon_sk2_as_a_user_checking_email_uniqueness_i_wa.py,Other,48,#AEB6BF
./generated_tests/resolved/demoqa/test_05_as_a_user_interested_in_multiple_subject.py,Other,89,#AEB6BF
./generated_tests/resolved/demoqa/test_05_ragon_sk1_as_a_user_interested_in_multiple_subject.py,Other,86,#AEB6BF
./generated_tests/resolved/demoqa/test_05_ragon_sk2_as_a_user_interested_in_multiple_subject.py,Other,71,#AEB6BF
./generated_tests/resolved/ecommerce_mock/test_01_as_a_shopper_i_want_to_browse_products_a.py,Other,95,#AEB6BF
./generated_tests/resolved/ecommerce_mock/test_01_ragoff_sk1_as_a_shopper_i_want_to_browse_products_a.py,Other,98,#AEB6BF
./generated_tests/resolved/ecommerce_mock/test_01_ragoff_sk2_as_a_shopper_i_want_to_browse_products_a.py,Other,137,#AEB6BF
./generated_tests/resolved/ecommerce_mock/test_01_ragon_sk1_as_a_shopper_i_want_to_browse_products_a.py,Other,98,#AEB6BF
./generated_tests/resolved/ecommerce_mock/test_01_ragon_sk2_as_a_shopper_i_want_to_browse_products_a.py,Other,140,#AEB6BF
./generated_tests/resolved/ecommerce_mock/test_02_as_a_cautious_user_i_want_to_attempt_che.py,Other,107,#AEB6BF
./generated_tests/resolved/ecommerce_mock/test_02_ragoff_sk1_as_a_cautious_user_i_want_to_attempt_che.py,Other,92,#AEB6BF
./generated_tests/resolved/ecommerce_mock/test_02_ragoff_sk2_as_a_cautious_user_i_want_to_attempt_che.py,Other,130,#AEB6BF
./generated_tests/resolved/ecommerce_mock/test_02_ragon_sk1_as_a_cautious_user_i_want_to_attempt_che.py,Other,92,#AEB6BF
./generated_tests/resolved/ecommerce_mock/test_02_ragon_sk2_as_a_cautious_user_i_want_to_attempt_che.py,Other,138,#AEB6BF
./generated_tests/resolved/ecommerce_mock/test_03_as_a_user_i_want_to_view_the_cart_when_i.py,Other,61,#AEB6BF
./generated_tests/resolved/ecommerce_mock/test_03_ragoff_sk1_as_a_user_i_want_to_view_the_cart_when_i.py,Other,39,#AEB6BF
./generated_tests/resolved/ecommerce_mock/test_03_ragoff_sk2_as_a_user_i_want_to_view_the_cart_when_i.py,Other,53,#AEB6BF
./generated_tests/resolved/ecommerce_mock/test_03_ragon_sk1_as_a_user_i_want_to_view_the_cart_when_i.py,Other,39,#AEB6BF
./generated_tests/resolved/ecommerce_mock/test_03_ragon_sk2_as_a_user_i_want_to_view_the_cart_when_i.py,Other,53,#AEB6BF
./generated_tests/resolved/ecommerce_mock/test_04_as_a_shopper_i_want_to_add_multiple_item.py,Other,71,#AEB6BF
./generated_tests/resolved/ecommerce_mock/test_04_ragoff_sk1_as_a_shopper_i_want_to_add_multiple_item.py,Other,71,#AEB6BF
./generated_tests/resolved/ecommerce_mock/test_04_ragoff_sk2_as_a_shopper_i_want_to_add_multiple_item.py,Other,107,#AEB6BF
./generated_tests/resolved/ecommerce_mock/test_04_ragon_sk1_as_a_shopper_i_want_to_add_multiple_item.py,Other,71,#AEB6BF
./generated_tests/resolved/ecommerce_mock/test_04_ragon_sk2_as_a_shopper_i_want_to_add_multiple_item.py,Other,106,#AEB6BF
./generated_tests/resolved/ecommerce_mock/test_05_as_a_user_i_want_to_attempt_checkout_wit.py,Other,103,#AEB6BF
./generated_tests/resolved/ecommerce_mock/test_05_ragoff_sk1_as_a_user_i_want_to_attempt_checkout_wit.py,Other,96,#AEB6BF
./generated_tests/resolved/ecommerce_mock/test_05_ragoff_sk2_as_a_user_i_want_to_attempt_checkout_wit.py,Other,102,#AEB6BF
./generated_tests/resolved/ecommerce_mock/test_05_ragoff_sk3_as_a_user_i_want_to_attempt_checkout_wit.py,Other,95,#AEB6BF
./generated_tests/resolved/ecommerce_mock/test_05_ragoff_sk4_as_a_user_i_want_to_attempt_checkout_wit.py,Other,122,#AEB6BF
./generated_tests/resolved/ecommerce_mock/test_05_ragon_sk1_as_a_user_i_want_to_attempt_checkout_wit.py,Other,96,#AEB6BF
./generated_tests/resolved/ecommerce_mock/test_05_ragon_sk2_as_a_user_i_want_to_attempt_checkout_wit.py,Other,103,#AEB6BF
./generated_tests/resolved/ecommerce_mock/test_05_ragon_sk3_as_a_user_i_want_to_attempt_checkout_wit.py,Other,95,#AEB6BF
./generated_tests/resolved/ecommerce_mock/test_05_ragon_sk4_as_a_user_i_want_to_attempt_checkout_wit.py,Other,123,#AEB6BF
./generated_tests/resolved/lv_insurance/test_01_as_a_prospective_customer_i_want_to_clic.py,Other,44,#AEB6BF
./generated_tests/resolved/lv_insurance/test_01_ragoff_sk1_as_a_prospective_customer_i_want_to_clic.py,Other,52,#AEB6BF
./generated_tests/resolved/lv_insurance/test_01_ragoff_sk2_as_a_prospective_customer_i_want_to_clic.py,Other,57,#AEB6BF
./generated_tests/resolved/lv_insurance/test_01_ragon_sk1_as_a_prospective_customer_i_want_to_clic.py,Other,52,#AEB6BF
./generated_tests/resolved/lv_insurance/test_01_ragon_sk2_as_a_prospective_customer_i_want_to_clic.py,Other,57,#AEB6BF
./generated_tests/resolved/lv_insurance/test_02_as_a_user_entering_driver_information_i_.py,Other,75,#AEB6BF
./generated_tests/resolved/lv_insurance/test_02_ragoff_sk1_as_a_user_entering_driver_information_i_.py,Other,63,#AEB6BF
./generated_tests/resolved/lv_insurance/test_02_ragoff_sk2_as_a_user_entering_driver_information_i_.py,Other,54,#AEB6BF
./generated_tests/resolved/lv_insurance/test_02_ragon_sk1_as_a_user_entering_driver_information_i_.py,Other,63,#AEB6BF
./generated_tests/resolved/lv_insurance/test_02_ragon_sk2_as_a_user_entering_driver_information_i_.py,Other,54,#AEB6BF
./generated_tests/resolved/lv_insurance/test_03_as_a_cautious_user_i_want_to_attempt_to_.py,Other,44,#AEB6BF
./generated_tests/resolved/lv_insurance/test_03_ragoff_sk1_as_a_cautious_user_i_want_to_attempt_to_.py,Other,59,#AEB6BF
./generated_tests/resolved/lv_insurance/test_03_ragoff_sk2_as_a_cautious_user_i_want_to_attempt_to_.py,Other,82,#AEB6BF
./generated_tests/resolved/lv_insurance/test_03_ragon_sk1_as_a_cautious_user_i_want_to_attempt_to_.py,Other,59,#AEB6BF
./generated_tests/resolved/lv_insurance/test_03_ragon_sk2_as_a_cautious_user_i_want_to_attempt_to_.py,Other,82,#AEB6BF
./generated_tests/resolved/lv_insurance/test_04_as_a_user_reviewing_my_quote_i_want_to_s.py,Other,44,#AEB6BF
./generated_tests/resolved/lv_insurance/test_04_ragoff_sk1_as_a_user_reviewing_my_quote_i_want_to_s.py,Other,72,#AEB6BF
./generated_tests/resolved/lv_insurance/test_04_ragoff_sk2_as_a_user_reviewing_my_quote_i_want_to_s.py,Other,112,#AEB6BF
./generated_tests/resolved/lv_insurance/test_04_ragon_sk1_as_a_user_reviewing_my_quote_i_want_to_s.py,Other,72,#AEB6BF
./generated_tests/resolved/lv_insurance/test_04_ragon_sk2_as_a_user_reviewing_my_quote_i_want_to_s.py,Other,112,#AEB6BF
./generated_tests/resolved/lv_insurance/test_05_as_a_user_exploring_options_i_want_to_na.py,Other,50,#AEB6BF
./generated_tests/resolved/lv_insurance/test_05_ragoff_sk1_as_a_user_exploring_options_i_want_to_na.py,Other,92,#AEB6BF
./generated_tests/resolved/lv_insurance/test_05_ragoff_sk2_as_a_user_exploring_options_i_want_to_na.py,Other,92,#AEB6BF
./generated_tests/resolved/lv_insurance/test_05_ragon_sk1_as_a_user_exploring_options_i_want_to_na.py,Other,92,#AEB6BF
./generated_tests/resolved/lv_insurance/test_05_ragon_sk2_as_a_user_exploring_options_i_want_to_na.py,Other,92,#AEB6BF
./generated_tests/resolved/saucedemo/test_01_as_a_new_customer_i_want_to_log_in_with_.py,Other,103,#AEB6BF
./generated_tests/resolved/saucedemo/test_01_ragon_sk1_as_a_new_customer_i_want_to_log_in_with_.py,Other,107,#AEB6BF
./generated_tests/resolved/saucedemo/test_01_ragon_sk2_as_a_new_customer_i_want_to_log_in_with_.py,Other,105,#AEB6BF
./generated_tests/resolved/saucedemo/test_02_as_a_user_i_want_to_see_an_error_message.py,Other,50,#AEB6BF
./generated_tests/resolved/saucedemo/test_02_ragon_sk1_as_a_user_i_want_to_see_an_error_message.py,Other,47,#AEB6BF
./generated_tests/resolved/saucedemo/test_02_ragon_sk2_as_a_user_i_want_to_see_an_error_message.py,Other,47,#AEB6BF
./generated_tests/resolved/saucedemo/test_03_as_a_shopper_i_want_to_add_multiple_prod.py,Other,128,#AEB6BF
./generated_tests/resolved/saucedemo/test_03_ragon_sk1_as_a_shopper_i_want_to_add_multiple_prod.py,Other,129,#AEB6BF
./generated_tests/resolved/saucedemo/test_03_ragon_sk2_as_a_shopper_i_want_to_add_multiple_prod.py,Other,127,#AEB6BF
./generated_tests/resolved/saucedemo/test_04_as_a_cautious_user_i_want_to_cancel_the_.py,Other,96,#AEB6BF
./generated_tests/resolved/saucedemo/test_04_ragon_sk1_as_a_cautious_user_i_want_to_cancel_the_.py,Other,103,#AEB6BF
./generated_tests/resolved/saucedemo/test_05_as_a_user_i_want_to_attempt_checkout_wit.py,Other,95,#AEB6BF
./generated_tests/resolved/saucedemo/test_05_ragon_sk1_as_a_user_i_want_to_attempt_checkout_wit.py,Other,119,#AEB6BF
./generated_tests/resolved/saucedemo/test_05_ragon_sk2_as_a_user_i_want_to_attempt_checkout_wit.py,Other,97,#AEB6BF
./generated_tests/resolved/saucedemo/test_05_ragon_sk3_as_a_user_i_want_to_attempt_checkout_wit.py,Other,92,#AEB6BF
./generated_tests/resolved/saucedemo/test_05_ragon_sk4_as_a_user_i_want_to_attempt_checkout_wit.py,Other,121,#AEB6BF
./generated_tests/resolved/theinternet/test_01_as_a_user_i_want_to_log_in_with_valid_cr.py,Other,51,#AEB6BF
./generated_tests/resolved/theinternet/test_01_ragon_sk1_as_a_user_i_want_to_log_in_with_valid_cr.py,Other,52,#AEB6BF
./generated_tests/resolved/theinternet/test_01_ragon_sk2_as_a_user_i_want_to_log_in_with_valid_cr.py,Other,51,#AEB6BF
./generated_tests/resolved/theinternet/test_02_as_a_user_i_want_to_attempt_login_with_i.py,Other,52,#AEB6BF
./generated_tests/resolved/theinternet/test_02_ragon_sk1_as_a_user_i_want_to_attempt_login_with_i.py,Other,49,#AEB6BF
./generated_tests/resolved/theinternet/test_02_ragon_sk2_as_a_user_i_want_to_attempt_login_with_i.py,Other,49,#AEB6BF
./generated_tests/resolved/theinternet/test_02_ragon_sk3_as_a_user_i_want_to_attempt_login_with_i.py,Other,52,#AEB6BF
./generated_tests/resolved/theinternet/test_02_ragon_sk4_as_a_user_i_want_to_attempt_login_with_i.py,Other,50,#AEB6BF
./generated_tests/resolved/theinternet/test_03_as_a_user_i_want_to_toggle_checkboxes_on.py,Other,43,#AEB6BF
./generated_tests/resolved/theinternet/test_03_ragon_sk1_as_a_user_i_want_to_toggle_checkboxes_on.py,Other,42,#AEB6BF
./generated_tests/resolved/theinternet/test_03_ragon_sk2_as_a_user_i_want_to_toggle_checkboxes_on.py,Other,42,#AEB6BF
./generated_tests/resolved/theinternet/test_04_as_a_user_i_want_to_select_an_option_fro.py,Other,60,#AEB6BF
./generated_tests/resolved/theinternet/test_04_ragon_sk1_as_a_user_i_want_to_select_an_option_fro.py,Other,53,#AEB6BF
./generated_tests/resolved/theinternet/test_04_ragon_sk2_as_a_user_i_want_to_select_an_option_fro.py,Other,56,#AEB6BF
./generated_tests/resolved/theinternet/test_05_as_a_user_i_want_to_trigger_and_handle_j.py,Other,38,#AEB6BF
./generated_tests/resolved/theinternet/test_05_ragon_sk1_as_a_user_i_want_to_trigger_and_handle_j.py,Other,29,#AEB6BF
./generated_tests/resolved/theinternet/test_05_ragon_sk2_as_a_user_i_want_to_trigger_and_handle_j.py,Other,30,#AEB6BF
./generated_tests/test_20260801_120204_as_a_shopper_on_automationexercise_com_i_want_to/coverage_summary.json,Other,24,#AEB6BF
./generated_tests/test_20260801_120204_as_a_shopper_on_automationexercise_com_i_want_to/package_manifest.json,Other,24,#AEB6BF
./generated_tests/test_20260801_120204_as_a_shopper_on_automationexercise_com_i_want_to/pages/__init__.py,Other,0,#AEB6BF
./generated_tests/test_20260801_120204_as_a_shopper_on_automationexercise_com_i_want_to/pages/cart_page.py,Other,141,#AEB6BF
./generated_tests/test_20260801_120204_as_a_shopper_on_automationexercise_com_i_want_to/pages/home_page.py,Other,363,#AEB6BF
./generated_tests/test_20260801_120204_as_a_shopper_on_automationexercise_com_i_want_to/pages/login_page.py,Other,159,#AEB6BF
./generated_tests/test_20260801_120204_as_a_shopper_on_automationexercise_com_i_want_to/pages/products_page.py,Other,353,#AEB6BF
./generated_tests/test_20260801_120204_as_a_shopper_on_automationexercise_com_i_want_to/report.html,Other,173,#AEB6BF
./generated_tests/test_20260801_120204_as_a_shopper_on_automationexercise_com_i_want_to/report_jira.md,Documentation,90,#F7DC6F
./generated_tests/test_20260801_120204_as_a_shopper_on_automationexercise_com_i_want_to/report_local.md,Documentation,94,#F7DC6F
./generated_tests/test_20260801_120204_as_a_shopper_on_automationexercise_com_i_want_to/scrape_manifest.json,Other,25118,#AEB6BF
./generated_tests/test_20260801_120204_as_a_shopper_on_automationexercise_com_i_want_to/test_as_a_shopper_on_automationexercise_com_i_want_to.py,Other,156,#AEB6BF
./generated_tests/test_20260801_152242_as_a_shopper_on_automationexercise_com_i_want_to/coverage_summary.json,Other,22,#AEB6BF
./generated_tests/test_20260801_152242_as_a_shopper_on_automationexercise_com_i_want_to/package_manifest.json,Other,27,#AEB6BF
./generated_tests/test_20260801_152242_as_a_shopper_on_automationexercise_com_i_want_to/pages/__init__.py,Other,0,#AEB6BF
./generated_tests/test_20260801_152242_as_a_shopper_on_automationexercise_com_i_want_to/pages/cart_page.py,Other,209,#AEB6BF
./generated_tests/test_20260801_152242_as_a_shopper_on_automationexercise_com_i_want_to/pages/generated_page.py,Other,318,#AEB6BF
./generated_tests/test_20260801_152242_as_a_shopper_on_automationexercise_com_i_want_to/pages/home_page.py,Other,502,#AEB6BF
./generated_tests/test_20260801_152242_as_a_shopper_on_automationexercise_com_i_want_to/pages/login_page.py,Other,207,#AEB6BF
./generated_tests/test_20260801_152242_as_a_shopper_on_automationexercise_com_i_want_to/pages/products_page.py,Other,493,#AEB6BF
./generated_tests/test_20260801_152242_as_a_shopper_on_automationexercise_com_i_want_to/report.html,Other,135,#AEB6BF
./generated_tests/test_20260801_152242_as_a_shopper_on_automationexercise_com_i_want_to/report_jira.md,Documentation,56,#F7DC6F
./generated_tests/test_20260801_152242_as_a_shopper_on_automationexercise_com_i_want_to/report_local.md,Documentation,60,#F7DC6F
./generated_tests/test_20260801_152242_as_a_shopper_on_automationexercise_com_i_want_to/scrape_manifest.json,Other,49702,#AEB6BF
./generated_tests/test_20260801_152242_as_a_shopper_on_automationexercise_com_i_want_to/test_as_a_shopper_on_automationexercise_com_i_want_to.py,Other,203,#AEB6BF
./generated_tests/test_20260801_165819_as_a_shopper_on_automationexercise_com_i_want_to/coverage_summary.json,Other,25,#AEB6BF
./generated_tests/test_20260801_165819_as_a_shopper_on_automationexercise_com_i_want_to/package_manifest.json,Other,26,#AEB6BF
./generated_tests/test_20260801_165819_as_a_shopper_on_automationexercise_com_i_want_to/pages/__init__.py,Other,0,#AEB6BF
./generated_tests/test_20260801_165819_as_a_shopper_on_automationexercise_com_i_want_to/pages/cart_page.py,Other,209,#AEB6BF
./generated_tests/test_20260801_165819_as_a_shopper_on_automationexercise_com_i_want_to/pages/generated_page.py,Other,293,#AEB6BF
./generated_tests/test_20260801_165819_as_a_shopper_on_automationexercise_com_i_want_to/pages/home_page.py,Other,506,#AEB6BF
./generated_tests/test_20260801_165819_as_a_shopper_on_automationexercise_com_i_want_to/pages/products_page.py,Other,489,#AEB6BF
./generated_tests/test_20260801_165819_as_a_shopper_on_automationexercise_com_i_want_to/scrape_manifest.json,Other,57020,#AEB6BF
./generated_tests/test_20260801_165819_as_a_shopper_on_automationexercise_com_i_want_to/test_as_a_shopper_on_automationexercise_com_i_want_to.py,Other,275,#AEB6BF
./generated_tests/test_20260801_193602_as_a_shopper_on_automationexercise_com_i_want_to/coverage_summary.json,Other,22,#AEB6BF
./generated_tests/test_20260801_193602_as_a_shopper_on_automationexercise_com_i_want_to/package_manifest.json,Other,28,#AEB6BF
./generated_tests/test_20260801_193602_as_a_shopper_on_automationexercise_com_i_want_to/pages/__init__.py,Other,0,#AEB6BF
./generated_tests/test_20260801_193602_as_a_shopper_on_automationexercise_com_i_want_to/pages/cart_page.py,Other,207,#AEB6BF
./generated_tests/test_20260801_193602_as_a_shopper_on_automationexercise_com_i_want_to/pages/generated_page.py,Other,291,#AEB6BF
./generated_tests/test_20260801_193602_as_a_shopper_on_automationexercise_com_i_want_to/pages/home_page.py,Other,504,#AEB6BF
./generated_tests/test_20260801_193602_as_a_shopper_on_automationexercise_com_i_want_to/pages/products_page.py,Other,485,#AEB6BF
./generated_tests/test_20260801_193602_as_a_shopper_on_automationexercise_com_i_want_to/report.html,Other,156,#AEB6BF
./generated_tests/test_20260801_193602_as_a_shopper_on_automationexercise_com_i_want_to/report_jira.md,Documentation,67,#F7DC6F
./generated_tests/test_20260801_193602_as_a_shopper_on_automationexercise_com_i_want_to/report_local.md,Documentation,71,#F7DC6F
./generated_tests/test_20260801_193602_as_a_shopper_on_automationexercise_com_i_want_to/scrape_manifest.json,Other,61725,#AEB6BF
./generated_tests/test_20260801_193602_as_a_shopper_on_automationexercise_com_i_want_to/test_as_a_shopper_on_automationexercise_com_i_want_to.py,Other,250,#AEB6BF
./generated_tests/test_20260801_204946_as_a_shopper_on_automationexercise_com_i_want_to/coverage_summary.json,Other,15,#AEB6BF
./generated_tests/test_20260801_204946_as_a_shopper_on_automationexercise_com_i_want_to/package_manifest.json,Other,25,#AEB6BF
./generated_tests/test_20260801_204946_as_a_shopper_on_automationexercise_com_i_want_to/pages/__init__.py,Other,0,#AEB6BF
./generated_tests/test_20260801_204946_as_a_shopper_on_automationexercise_com_i_want_to/pages/cart_page.py,Other,214,#AEB6BF
./generated_tests/test_20260801_204946_as_a_shopper_on_automationexercise_com_i_want_to/pages/generated_page.py,Other,314,#AEB6BF
./generated_tests/test_20260801_204946_as_a_shopper_on_automationexercise_com_i_want_to/pages/home_page.py,Other,500,#AEB6BF
./generated_tests/test_20260801_204946_as_a_shopper_on_automationexercise_com_i_want_to/pages/products_page.py,Other,487,#AEB6BF
./generated_tests/test_20260801_204946_as_a_shopper_on_automationexercise_com_i_want_to/scrape_manifest.json,Other,34279,#AEB6BF
./generated_tests/test_20260801_204946_as_a_shopper_on_automationexercise_com_i_want_to/test_as_a_shopper_on_automationexercise_com_i_want_to.py,Other,130,#AEB6BF
./generated_tests/test_20260801_211720_as_a_shopper_on_automationexercise_com_i_want_to/coverage_summary.json,Other,21,#AEB6BF
./generated_tests/test_20260801_211720_as_a_shopper_on_automationexercise_com_i_want_to/package_manifest.json,Other,23,#AEB6BF
./generated_tests/test_20260801_211720_as_a_shopper_on_automationexercise_com_i_want_to/pages/__init__.py,Other,0,#AEB6BF
./generated_tests/test_20260801_211720_as_a_shopper_on_automationexercise_com_i_want_to/pages/generated_page.py,Other,291,#AEB6BF
./generated_tests/test_20260801_211720_as_a_shopper_on_automationexercise_com_i_want_to/pages/home_page.py,Other,528,#AEB6BF
./generated_tests/test_20260801_211720_as_a_shopper_on_automationexercise_com_i_want_to/pages/products_page.py,Other,485,#AEB6BF
./generated_tests/test_20260801_211720_as_a_shopper_on_automationexercise_com_i_want_to/report.html,Other,162,#AEB6BF
./generated_tests/test_20260801_211720_as_a_shopper_on_automationexercise_com_i_want_to/report_jira.md,Documentation,71,#F7DC6F
./generated_tests/test_20260801_211720_as_a_shopper_on_automationexercise_com_i_want_to/report_local.md,Documentation,75,#F7DC6F
./generated_tests/test_20260801_211720_as_a_shopper_on_automationexercise_com_i_want_to/scrape_manifest.json,Other,39509,#AEB6BF
./generated_tests/test_20260801_211720_as_a_shopper_on_automationexercise_com_i_want_to/test_as_a_shopper_on_automationexercise_com_i_want_to.py,Other,161,#AEB6BF
./generated_tests/test_20260802_102151_as_a_shopper_i_want_to_view_product_details_on_the/coverage_summary.json,Other,13,#AEB6BF
./generated_tests/test_20260802_102151_as_a_shopper_i_want_to_view_product_details_on_the/package_manifest.json,Other,21,#AEB6BF
./generated_tests/test_20260802_102151_as_a_shopper_i_want_to_view_product_details_on_the/pages/__init__.py,Other,0,#AEB6BF
./generated_tests/test_20260802_102151_as_a_shopper_i_want_to_view_product_details_on_the/pages/generated_page.py,Other,1640,#AEB6BF
./generated_tests/test_20260802_102151_as_a_shopper_i_want_to_view_product_details_on_the/pages/home_page.py,Other,1801,#AEB6BF
./generated_tests/test_20260802_102151_as_a_shopper_i_want_to_view_product_details_on_the/report.html,Other,81,#AEB6BF
./generated_tests/test_20260802_102151_as_a_shopper_i_want_to_view_product_details_on_the/report_jira.md,Documentation,26,#F7DC6F
./generated_tests/test_20260802_102151_as_a_shopper_i_want_to_view_product_details_on_the/report_local.md,Documentation,30,#F7DC6F
./generated_tests/test_20260802_102151_as_a_shopper_i_want_to_view_product_details_on_the/scrape_manifest.json,Other,116264,#AEB6BF
./generated_tests/test_20260802_102151_as_a_shopper_i_want_to_view_product_details_on_the/test_as_a_shopper_i_want_to_view_product_details_on_the.py,Other,36,#AEB6BF
./generated_tests/test_20260802_103413_as_a_shopper_i_want_to_view_product_details_on_the/coverage_summary.json,Other,13,#AEB6BF
./generated_tests/test_20260802_103413_as_a_shopper_i_want_to_view_product_details_on_the/package_manifest.json,Other,22,#AEB6BF
./generated_tests/test_20260802_103413_as_a_shopper_i_want_to_view_product_details_on_the/pages/__init__.py,Other,0,#AEB6BF
./generated_tests/test_20260802_103413_as_a_shopper_i_want_to_view_product_details_on_the/pages/generated_page.py,Other,316,#AEB6BF
./generated_tests/test_20260802_103413_as_a_shopper_i_want_to_view_product_details_on_the/pages/home_page.py,Other,474,#AEB6BF
./generated_tests/test_20260802_103413_as_a_shopper_i_want_to_view_product_details_on_the/report.html,Other,81,#AEB6BF
./generated_tests/test_20260802_103413_as_a_shopper_i_want_to_view_product_details_on_the/report_jira.md,Documentation,26,#F7DC6F
./generated_tests/test_20260802_103413_as_a_shopper_i_want_to_view_product_details_on_the/report_local.md,Documentation,30,#F7DC6F
./generated_tests/test_20260802_103413_as_a_shopper_i_want_to_view_product_details_on_the/scrape_manifest.json,Other,28940,#AEB6BF
./generated_tests/test_20260802_103413_as_a_shopper_i_want_to_view_product_details_on_the/test_as_a_shopper_i_want_to_view_product_details_on_the.py,Other,40,#AEB6BF
./generated_tests/test_20260802_103954_as_a_shopper_i_want_to_view_product_details_on_the/coverage_summary.json,Other,13,#AEB6BF
./generated_tests/test_20260802_103954_as_a_shopper_i_want_to_view_product_details_on_the/package_manifest.json,Other,21,#AEB6BF
./generated_tests/test_20260802_103954_as_a_shopper_i_want_to_view_product_details_on_the/pages/__init__.py,Other,0,#AEB6BF
./generated_tests/test_20260802_103954_as_a_shopper_i_want_to_view_product_details_on_the/pages/generated_page.py,Other,1640,#AEB6BF
./generated_tests/test_20260802_103954_as_a_shopper_i_want_to_view_product_details_on_the/pages/home_page.py,Other,1801,#AEB6BF
./generated_tests/test_20260802_103954_as_a_shopper_i_want_to_view_product_details_on_the/report.html,Other,81,#AEB6BF
./generated_tests/test_20260802_103954_as_a_shopper_i_want_to_view_product_details_on_the/report_jira.md,Documentation,26,#F7DC6F
./generated_tests/test_20260802_103954_as_a_shopper_i_want_to_view_product_details_on_the/report_local.md,Documentation,30,#F7DC6F
./generated_tests/test_20260802_103954_as_a_shopper_i_want_to_view_product_details_on_the/scrape_manifest.json,Other,116264,#AEB6BF
./generated_tests/test_20260802_103954_as_a_shopper_i_want_to_view_product_details_on_the/test_as_a_shopper_i_want_to_view_product_details_on_the.py,Other,38,#AEB6BF
./generated_tests/test_20260802_172332_as_a_shopper_i_want_to_view_product_details_on_the/coverage_summary.json,Other,13,#AEB6BF
./generated_tests/test_20260802_172332_as_a_shopper_i_want_to_view_product_details_on_the/package_manifest.json,Other,22,#AEB6BF
./generated_tests/test_20260802_172332_as_a_shopper_i_want_to_view_product_details_on_the/pages/__init__.py,Other,0,#AEB6BF
./generated_tests/test_20260802_172332_as_a_shopper_i_want_to_view_product_details_on_the/pages/generated_page.py,Other,347,#AEB6BF
./generated_tests/test_20260802_172332_as_a_shopper_i_want_to_view_product_details_on_the/pages/home_page.py,Other,535,#AEB6BF
./generated_tests/test_20260802_172332_as_a_shopper_i_want_to_view_product_details_on_the/report.html,Other,81,#AEB6BF
./generated_tests/test_20260802_172332_as_a_shopper_i_want_to_view_product_details_on_the/report_jira.md,Documentation,26,#F7DC6F
./generated_tests/test_20260802_172332_as_a_shopper_i_want_to_view_product_details_on_the/report_local.md,Documentation,30,#F7DC6F
./generated_tests/test_20260802_172332_as_a_shopper_i_want_to_view_product_details_on_the/scrape_manifest.json,Other,29472,#AEB6BF
./generated_tests/test_20260802_172332_as_a_shopper_i_want_to_view_product_details_on_the/test_as_a_shopper_i_want_to_view_product_details_on_the.py,Other,51,#AEB6BF
./generated_tests/test_20260802_173908_as_a_shopper_i_want_to_view_product_details_on_the/coverage_summary.json,Other,13,#AEB6BF
./generated_tests/test_20260802_173908_as_a_shopper_i_want_to_view_product_details_on_the/package_manifest.json,Other,22,#AEB6BF
./generated_tests/test_20260802_173908_as_a_shopper_i_want_to_view_product_details_on_the/pages/__init__.py,Other,0,#AEB6BF
./generated_tests/test_20260802_173908_as_a_shopper_i_want_to_view_product_details_on_the/pages/generated_page.py,Other,347,#AEB6BF
./generated_tests/test_20260802_173908_as_a_shopper_i_want_to_view_product_details_on_the/pages/home_page.py,Other,535,#AEB6BF
./generated_tests/test_20260802_173908_as_a_shopper_i_want_to_view_product_details_on_the/report.html,Other,102,#AEB6BF
./generated_tests/test_20260802_173908_as_a_shopper_i_want_to_view_product_details_on_the/report_jira.md,Documentation,45,#F7DC6F
./generated_tests/test_20260802_173908_as_a_shopper_i_want_to_view_product_details_on_the/report_local.md,Documentation,49,#F7DC6F
./generated_tests/test_20260802_173908_as_a_shopper_i_want_to_view_product_details_on_the/scrape_manifest.json,Other,29457,#AEB6BF
./generated_tests/test_20260802_173908_as_a_shopper_i_want_to_view_product_details_on_the/test_as_a_shopper_i_want_to_view_product_details_on_the.py,Other,40,#AEB6BF
./generated_tests/test_20260802_180509_as_a_shopper_i_want_to_view_product_details_on_the/coverage_summary.json,Other,15,#AEB6BF
./generated_tests/test_20260802_180509_as_a_shopper_i_want_to_view_product_details_on_the/package_manifest.json,Other,22,#AEB6BF
./generated_tests/test_20260802_180509_as_a_shopper_i_want_to_view_product_details_on_the/pages/__init__.py,Other,0,#AEB6BF
./generated_tests/test_20260802_180509_as_a_shopper_i_want_to_view_product_details_on_the/pages/generated_page.py,Other,317,#AEB6BF
./generated_tests/test_20260802_180509_as_a_shopper_i_want_to_view_product_details_on_the/pages/home_page.py,Other,505,#AEB6BF
./generated_tests/test_20260802_180509_as_a_shopper_i_want_to_view_product_details_on_the/report.html,Other,81,#AEB6BF
./generated_tests/test_20260802_180509_as_a_shopper_i_want_to_view_product_details_on_the/report_jira.md,Documentation,26,#F7DC6F
./generated_tests/test_20260802_180509_as_a_shopper_i_want_to_view_product_details_on_the/report_local.md,Documentation,30,#F7DC6F
./generated_tests/test_20260802_180509_as_a_shopper_i_want_to_view_product_details_on_the/scrape_manifest.json,Other,19066,#AEB6BF
./generated_tests/test_20260802_180509_as_a_shopper_i_want_to_view_product_details_on_the/test_as_a_shopper_i_want_to_view_product_details_on_the.py,Other,42,#AEB6BF
./generated_tests/test_20260802_181340_as_a_shopper_i_want_to_view_product_details_on_the/coverage_summary.json,Other,13,#AEB6BF
./generated_tests/test_20260802_181340_as_a_shopper_i_want_to_view_product_details_on_the/package_manifest.json,Other,21,#AEB6BF
./generated_tests/test_20260802_181340_as_a_shopper_i_want_to_view_product_details_on_the/pages/__init__.py,Other,0,#AEB6BF
./generated_tests/test_20260802_181340_as_a_shopper_i_want_to_view_product_details_on_the/pages/generated_page.py,Other,347,#AEB6BF
./generated_tests/test_20260802_181340_as_a_shopper_i_want_to_view_product_details_on_the/pages/home_page.py,Other,531,#AEB6BF
./generated_tests/test_20260802_181340_as_a_shopper_i_want_to_view_product_details_on_the/report.html,Other,81,#AEB6BF
./generated_tests/test_20260802_181340_as_a_shopper_i_want_to_view_product_details_on_the/report_jira.md,Documentation,26,#F7DC6F
./generated_tests/test_20260802_181340_as_a_shopper_i_want_to_view_product_details_on_the/report_local.md,Documentation,30,#F7DC6F
./generated_tests/test_20260802_181340_as_a_shopper_i_want_to_view_product_details_on_the/scrape_manifest.json,Other,16313,#AEB6BF
./generated_tests/test_20260802_181340_as_a_shopper_i_want_to_view_product_details_on_the/test_as_a_shopper_i_want_to_view_product_details_on_the.py,Other,39,#AEB6BF
./generated_tests/test_20260803_101815_as_a_customer_i_want_to_browse_products_add_them/coverage_summary.json,Other,23,#AEB6BF
./generated_tests/test_20260803_101815_as_a_customer_i_want_to_browse_products_add_them/package_manifest.json,Other,27,#AEB6BF
./generated_tests/test_20260803_101815_as_a_customer_i_want_to_browse_products_add_them/pages/__init__.py,Other,0,#AEB6BF
./generated_tests/test_20260803_101815_as_a_customer_i_want_to_browse_products_add_them/pages/cart_page.py,Other,238,#AEB6BF
./generated_tests/test_20260803_101815_as_a_customer_i_want_to_browse_products_add_them/pages/checkout_page.py,Other,227,#AEB6BF
./generated_tests/test_20260803_101815_as_a_customer_i_want_to_browse_products_add_them/pages/generated_page.py,Other,347,#AEB6BF
./generated_tests/test_20260803_101815_as_a_customer_i_want_to_browse_products_add_them/pages/home_page.py,Other,535,#AEB6BF
./generated_tests/test_20260803_101815_as_a_customer_i_want_to_browse_products_add_them/pages/products_page.py,Other,520,#AEB6BF
./generated_tests/test_20260803_101815_as_a_customer_i_want_to_browse_products_add_them/scrape_manifest.json,Other,57616,#AEB6BF
./generated_tests/test_20260803_101815_as_a_customer_i_want_to_browse_products_add_them/test_as_a_customer_i_want_to_browse_products_add_them.py,Other,260,#AEB6BF
./generated_tests/test_20260805_095600_as_a_shopper_on_automationexercise_com_i_want_to/coverage_summary.json,Other,25,#AEB6BF
./generated_tests/test_20260805_095600_as_a_shopper_on_automationexercise_com_i_want_to/package_manifest.json,Other,27,#AEB6BF
./generated_tests/test_20260805_095600_as_a_shopper_on_automationexercise_com_i_want_to/pages/__init__.py,Other,0,#AEB6BF
./generated_tests/test_20260805_095600_as_a_shopper_on_automationexercise_com_i_want_to/pages/cart_page.py,Other,237,#AEB6BF
./generated_tests/test_20260805_095600_as_a_shopper_on_automationexercise_com_i_want_to/pages/checkout_page.py,Other,227,#AEB6BF
./generated_tests/test_20260805_095600_as_a_shopper_on_automationexercise_com_i_want_to/pages/generated_page.py,Other,317,#AEB6BF
./generated_tests/test_20260805_095600_as_a_shopper_on_automationexercise_com_i_want_to/pages/home_page.py,Other,515,#AEB6BF
./generated_tests/test_20260805_095600_as_a_shopper_on_automationexercise_com_i_want_to/pages/login_page.py,Other,234,#AEB6BF
./generated_tests/test_20260805_095600_as_a_shopper_on_automationexercise_com_i_want_to/pages/products_page.py,Other,520,#AEB6BF
./generated_tests/test_20260805_095600_as_a_shopper_on_automationexercise_com_i_want_to/report.html,Other,171,#AEB6BF
./generated_tests/test_20260805_095600_as_a_shopper_on_automationexercise_com_i_want_to/report_jira.md,Documentation,76,#F7DC6F
./generated_tests/test_20260805_095600_as_a_shopper_on_automationexercise_com_i_want_to/report_local.md,Documentation,80,#F7DC6F
./generated_tests/test_20260805_095600_as_a_shopper_on_automationexercise_com_i_want_to/scrape_manifest.json,Other,55843,#AEB6BF
./generated_tests/test_20260805_095600_as_a_shopper_on_automationexercise_com_i_want_to/test_as_a_shopper_on_automationexercise_com_i_want_to.py,Other,256,#AEB6BF
./generated_tests/test_20260805_143703_as_a_shopper_on_automationexercise_com_i_want_to/coverage_summary.json,Other,18,#AEB6BF
./generated_tests/test_20260805_143703_as_a_shopper_on_automationexercise_com_i_want_to/package_manifest.json,Other,29,#AEB6BF
./generated_tests/test_20260805_143703_as_a_shopper_on_automationexercise_com_i_want_to/pages/__init__.py,Other,0,#AEB6BF
./generated_tests/test_20260805_143703_as_a_shopper_on_automationexercise_com_i_want_to/pages/cart_page.py,Other,234,#AEB6BF
./generated_tests/test_20260805_143703_as_a_shopper_on_automationexercise_com_i_want_to/pages/checkout_page.py,Other,227,#AEB6BF
./generated_tests/test_20260805_143703_as_a_shopper_on_automationexercise_com_i_want_to/pages/generated_page.py,Other,345,#AEB6BF
./generated_tests/test_20260805_143703_as_a_shopper_on_automationexercise_com_i_want_to/pages/home_page.py,Other,518,#AEB6BF
./generated_tests/test_20260805_143703_as_a_shopper_on_automationexercise_com_i_want_to/pages/login_page.py,Other,234,#AEB6BF
./generated_tests/test_20260805_143703_as_a_shopper_on_automationexercise_com_i_want_to/pages/products_page.py,Other,518,#AEB6BF
./generated_tests/test_20260805_143703_as_a_shopper_on_automationexercise_com_i_want_to/report.html,Other,172,#AEB6BF
./generated_tests/test_20260805_143703_as_a_shopper_on_automationexercise_com_i_want_to/report_jira.md,Documentation,91,#F7DC6F
./generated_tests/test_20260805_143703_as_a_shopper_on_automationexercise_com_i_want_to/report_local.md,Documentation,95,#F7DC6F
./generated_tests/test_20260805_143703_as_a_shopper_on_automationexercise_com_i_want_to/scrape_manifest.json,Other,58479,#AEB6BF
./generated_tests/test_20260805_143703_as_a_shopper_on_automationexercise_com_i_want_to/test_as_a_shopper_on_automationexercise_com_i_want_to.py,Other,236,#AEB6BF
./generated_tests/test_20260805_161801_as_a_shopper_on_automationexercise_com_i_want_to/coverage_summary.json,Other,25,#AEB6BF
./generated_tests/test_20260805_161801_as_a_shopper_on_automationexercise_com_i_want_to/package_manifest.json,Other,29,#AEB6BF
./generated_tests/test_20260805_161801_as_a_shopper_on_automationexercise_com_i_want_to/pages/__init__.py,Other,0,#AEB6BF
./generated_tests/test_20260805_161801_as_a_shopper_on_automationexercise_com_i_want_to/pages/cart_page.py,Other,238,#AEB6BF
./generated_tests/test_20260805_161801_as_a_shopper_on_automationexercise_com_i_want_to/pages/category_page.py,Other,161,#AEB6BF
./generated_tests/test_20260805_161801_as_a_shopper_on_automationexercise_com_i_want_to/pages/checkout_page.py,Other,227,#AEB6BF
./generated_tests/test_20260805_161801_as_a_shopper_on_automationexercise_com_i_want_to/pages/generated_page.py,Other,345,#AEB6BF
./generated_tests/test_20260805_161801_as_a_shopper_on_automationexercise_com_i_want_to/pages/home_page.py,Other,515,#AEB6BF
./generated_tests/test_20260805_161801_as_a_shopper_on_automationexercise_com_i_want_to/pages/products_page.py,Other,545,#AEB6BF
./generated_tests/test_20260805_161801_as_a_shopper_on_automationexercise_com_i_want_to/scrape_manifest.json,Other,63986,#AEB6BF
./generated_tests/test_20260805_161801_as_a_shopper_on_automationexercise_com_i_want_to/test_as_a_shopper_on_automationexercise_com_i_want_to.py,Other,345,#AEB6BF
./generated_tests/test_20260805_181339_as_a_shopper_on_automationexercise_com_i_want_to/coverage_summary.json,Other,26,#AEB6BF
./generated_tests/test_20260805_181339_as_a_shopper_on_automationexercise_com_i_want_to/package_manifest.json,Other,27,#AEB6BF
./generated_tests/test_20260805_181339_as_a_shopper_on_automationexercise_com_i_want_to/pages/__init__.py,Other,0,#AEB6BF
./generated_tests/test_20260805_181339_as_a_shopper_on_automationexercise_com_i_want_to/pages/cart_page.py,Other,231,#AEB6BF
./generated_tests/test_20260805_181339_as_a_shopper_on_automationexercise_com_i_want_to/pages/checkout_page.py,Other,227,#AEB6BF
./generated_tests/test_20260805_181339_as_a_shopper_on_automationexercise_com_i_want_to/pages/generated_page.py,Other,345,#AEB6BF
./generated_tests/test_20260805_181339_as_a_shopper_on_automationexercise_com_i_want_to/pages/home_page.py,Other,515,#AEB6BF
./generated_tests/test_20260805_181339_as_a_shopper_on_automationexercise_com_i_want_to/pages/login_page.py,Other,234,#AEB6BF
./generated_tests/test_20260805_181339_as_a_shopper_on_automationexercise_com_i_want_to/pages/products_page.py,Other,522,#AEB6BF
./generated_tests/test_20260805_181339_as_a_shopper_on_automationexercise_com_i_want_to/report.html,Other,54,#AEB6BF
./generated_tests/test_20260805_181339_as_a_shopper_on_automationexercise_com_i_want_to/report_jira.md,Documentation,9,#F7DC6F
./generated_tests/test_20260805_181339_as_a_shopper_on_automationexercise_com_i_want_to/report_local.md,Documentation,13,#F7DC6F
./generated_tests/test_20260805_181339_as_a_shopper_on_automationexercise_com_i_want_to/scrape_manifest.json,Other,47725,#AEB6BF
./generated_tests/test_20260805_181339_as_a_shopper_on_automationexercise_com_i_want_to/test_as_a_shopper_on_automationexercise_com_i_want_to.py,Other,331,#AEB6BF
./generated_tests/test_20260806_092242_as_a_shopper_on_automationexercise_com_i_want_to/coverage_summary.json,Other,21,#AEB6BF
./generated_tests/test_20260806_092242_as_a_shopper_on_automationexercise_com_i_want_to/package_manifest.json,Other,29,#AEB6BF
./generated_tests/test_20260806_092242_as_a_shopper_on_automationexercise_com_i_want_to/pages/__init__.py,Other,0,#AEB6BF
./generated_tests/test_20260806_092242_as_a_shopper_on_automationexercise_com_i_want_to/pages/basket_page.py,Other,536,#AEB6BF
./generated_tests/test_20260806_092242_as_a_shopper_on_automationexercise_com_i_want_to/pages/cart_page.py,Other,238,#AEB6BF
./generated_tests/test_20260806_092242_as_a_shopper_on_automationexercise_com_i_want_to/pages/checkout_page.py,Other,227,#AEB6BF
./generated_tests/test_20260806_092242_as_a_shopper_on_automationexercise_com_i_want_to/pages/generated_page.py,Other,345,#AEB6BF
./generated_tests/test_20260806_092242_as_a_shopper_on_automationexercise_com_i_want_to/pages/home_page.py,Other,515,#AEB6BF
./generated_tests/test_20260806_092242_as_a_shopper_on_automationexercise_com_i_want_to/pages/products_page.py,Other,543,#AEB6BF
./generated_tests/test_20260806_092242_as_a_shopper_on_automationexercise_com_i_want_to/scrape_manifest.json,Other,73664,#AEB6BF
./generated_tests/test_20260806_092242_as_a_shopper_on_automationexercise_com_i_want_to/test_as_a_shopper_on_automationexercise_com_i_want_to.py,Other,296,#AEB6BF
./generated_tests/test_20260806_100115_as_a_shopper_on_automationexercise_com_i_want_to/coverage_summary.json,Other,25,#AEB6BF
./generated_tests/test_20260806_100115_as_a_shopper_on_automationexercise_com_i_want_to/package_manifest.json,Other,18,#AEB6BF
./generated_tests/test_20260806_100115_as_a_shopper_on_automationexercise_com_i_want_to/pages/__init__.py,Other,0,#AEB6BF
./generated_tests/test_20260806_100115_as_a_shopper_on_automationexercise_com_i_want_to/scrape_manifest.json,Other,693,#AEB6BF
./generated_tests/test_20260806_100115_as_a_shopper_on_automationexercise_com_i_want_to/test_as_a_shopper_on_automationexercise_com_i_want_to.py,Other,48,#AEB6BF
./generated_tests/test_20260806_101250_as_a_shopper_on_automationexercise_com_i_want_to/coverage_summary.json,Other,20,#AEB6BF
./generated_tests/test_20260806_101250_as_a_shopper_on_automationexercise_com_i_want_to/package_manifest.json,Other,27,#AEB6BF
./generated_tests/test_20260806_101250_as_a_shopper_on_automationexercise_com_i_want_to/pages/__init__.py,Other,0,#AEB6BF
./generated_tests/test_20260806_101250_as_a_shopper_on_automationexercise_com_i_want_to/pages/cart_page.py,Other,234,#AEB6BF
./generated_tests/test_20260806_101250_as_a_shopper_on_automationexercise_com_i_want_to/pages/checkout_page.py,Other,227,#AEB6BF
./generated_tests/test_20260806_101250_as_a_shopper_on_automationexercise_com_i_want_to/pages/generated_page.py,Other,345,#AEB6BF
./generated_tests/test_20260806_101250_as_a_shopper_on_automationexercise_com_i_want_to/pages/home_page.py,Other,515,#AEB6BF
./generated_tests/test_20260806_101250_as_a_shopper_on_automationexercise_com_i_want_to/pages/products_page.py,Other,518,#AEB6BF
./generated_tests/test_20260806_101250_as_a_shopper_on_automationexercise_com_i_want_to/report.html,Other,117,#AEB6BF
./generated_tests/test_20260806_101250_as_a_shopper_on_automationexercise_com_i_want_to/report_jira.md,Documentation,46,#F7DC6F
./generated_tests/test_20260806_101250_as_a_shopper_on_automationexercise_com_i_want_to/report_local.md,Documentation,50,#F7DC6F
./generated_tests/test_20260806_101250_as_a_shopper_on_automationexercise_com_i_want_to/scrape_manifest.json,Other,54257,#AEB6BF
./generated_tests/test_20260806_101250_as_a_shopper_on_automationexercise_com_i_want_to/test_as_a_shopper_on_automationexercise_com_i_want_to.py,Other,114,#AEB6BF
./generated_tests/test_20260806_142002_as_a_shopper_on_automationexercise_com_i_want_to/coverage_summary.json,Other,21,#AEB6BF
./generated_tests/test_20260806_142002_as_a_shopper_on_automationexercise_com_i_want_to/package_manifest.json,Other,26,#AEB6BF
./generated_tests/test_20260806_142002_as_a_shopper_on_automationexercise_com_i_want_to/pages/__init__.py,Other,0,#AEB6BF
./generated_tests/test_20260806_142002_as_a_shopper_on_automationexercise_com_i_want_to/pages/cart_page.py,Other,238,#AEB6BF
./generated_tests/test_20260806_142002_as_a_shopper_on_automationexercise_com_i_want_to/pages/checkout_page.py,Other,227,#AEB6BF
./generated_tests/test_20260806_142002_as_a_shopper_on_automationexercise_com_i_want_to/pages/generated_page.py,Other,345,#AEB6BF
./generated_tests/test_20260806_142002_as_a_shopper_on_automationexercise_com_i_want_to/pages/home_page.py,Other,536,#AEB6BF
./generated_tests/test_20260806_142002_as_a_shopper_on_automationexercise_com_i_want_to/pages/products_page.py,Other,541,#AEB6BF
./generated_tests/test_20260806_142002_as_a_shopper_on_automationexercise_com_i_want_to/report.html,Other,63,#AEB6BF
./generated_tests/test_20260806_142002_as_a_shopper_on_automationexercise_com_i_want_to/report_jira.md,Documentation,16,#F7DC6F
./generated_tests/test_20260806_142002_as_a_shopper_on_automationexercise_com_i_want_to/report_local.md,Documentation,20,#F7DC6F
./generated_tests/test_20260806_142002_as_a_shopper_on_automationexercise_com_i_want_to/scrape_manifest.json,Other,40652,#AEB6BF
./generated_tests/test_20260806_142002_as_a_shopper_on_automationexercise_com_i_want_to/test_as_a_shopper_on_automationexercise_com_i_want_to.py,Other,214,#AEB6BF
./generated_tests/verify_automationexercise_20260801_140026/conftest.py,Other,28,#AEB6BF
./generated_tests/verify_automationexercise_20260801_140026/pages/__init__.py,Other,0,#AEB6BF
./generated_tests/verify_automationexercise_20260801_140026/pages/cart_page.py,Other,202,#AEB6BF
./generated_tests/verify_automationexercise_20260801_140026/pages/generated_page.py,Other,318,#AEB6BF
./generated_tests/verify_automationexercise_20260801_140026/pages/home_page.py,Other,502,#AEB6BF
./generated_tests/verify_automationexercise_20260801_140026/pages/kookie20kids_page.py,Other,293,#AEB6BF
./generated_tests/verify_automationexercise_20260801_140026/pages/products_page.py,Other,489,#AEB6BF
./generated_tests/verify_automationexercise_20260801_140026/test_automationexercise.py,Other,96,#AEB6BF
./generated_tests/verify_automationexercise_20260801_140701/conftest.py,Other,28,#AEB6BF
./generated_tests/verify_automationexercise_20260801_140701/pages/__init__.py,Other,0,#AEB6BF
./generated_tests/verify_automationexercise_20260801_140701/pages/home_page.py,Other,1801,#AEB6BF
./generated_tests/verify_automationexercise_20260801_140701/pages/products_page.py,Other,1792,#AEB6BF
./generated_tests/verify_automationexercise_20260801_140701/test_automationexercise.py,Other,76,#AEB6BF
./generated_tests/verify_automationexercise_20260801_141437/conftest.py,Other,28,#AEB6BF
./generated_tests/verify_automationexercise_20260801_141437/pages/__init__.py,Other,0,#AEB6BF
./generated_tests/verify_automationexercise_20260801_141437/pages/cart_page.py,Other,202,#AEB6BF
./generated_tests/verify_automationexercise_20260801_141437/pages/generated_page.py,Other,318,#AEB6BF
./generated_tests/verify_automationexercise_20260801_141437/pages/home_page.py,Other,506,#AEB6BF
./generated_tests/verify_automationexercise_20260801_141437/pages/kookie20kids_page.py,Other,293,#AEB6BF
./generated_tests/verify_automationexercise_20260801_141437/pages/products_page.py,Other,491,#AEB6BF
./generated_tests/verify_automationexercise_20260801_141437/test_automationexercise.py,Other,108,#AEB6BF
./generated_tests/verify_automationexercise_20260801_142101/conftest.py,Other,28,#AEB6BF
./generated_tests/verify_automationexercise_20260801_142101/pages/__init__.py,Other,0,#AEB6BF
./generated_tests/verify_automationexercise_20260801_142101/pages/cart_page.py,Other,202,#AEB6BF
./generated_tests/verify_automationexercise_20260801_142101/pages/generated_page.py,Other,318,#AEB6BF
./generated_tests/verify_automationexercise_20260801_142101/pages/home_page.py,Other,502,#AEB6BF
./generated_tests/verify_automationexercise_20260801_142101/pages/kookie20kids_page.py,Other,293,#AEB6BF
./generated_tests/verify_automationexercise_20260801_142101/pages/products_page.py,Other,491,#AEB6BF
./generated_tests/verify_automationexercise_20260801_142101/test_automationexercise.py,Other,97,#AEB6BF
./generated_tests/verify_automationexercise_20260801_142615/conftest.py,Other,28,#AEB6BF
./generated_tests/verify_automationexercise_20260801_142615/pages/__init__.py,Other,0,#AEB6BF
./generated_tests/verify_automationexercise_20260801_142615/pages/cart_page.py,Other,141,#AEB6BF
./generated_tests/verify_automationexercise_20260801_142615/pages/home_page.py,Other,363,#AEB6BF
./generated_tests/verify_automationexercise_20260801_142615/pages/products_page.py,Other,347,#AEB6BF
./generated_tests/verify_automationexercise_20260801_142615/test_automationexercise.py,Other,83,#AEB6BF
./generated_tests/verify_automationexercise_20260801_144337/conftest.py,Other,28,#AEB6BF
./generated_tests/verify_automationexercise_20260801_144337/pages/__init__.py,Other,0,#AEB6BF
./generated_tests/verify_automationexercise_20260801_144337/pages/cart_page.py,Other,202,#AEB6BF
./generated_tests/verify_automationexercise_20260801_144337/pages/generated_page.py,Other,318,#AEB6BF
./generated_tests/verify_automationexercise_20260801_144337/pages/home_page.py,Other,1801,#AEB6BF
./generated_tests/verify_automationexercise_20260801_144337/pages/kookie20kids_page.py,Other,1612,#AEB6BF
./generated_tests/verify_automationexercise_20260801_144337/pages/products_page.py,Other,1792,#AEB6BF
./generated_tests/verify_automationexercise_20260801_144337/test_automationexercise.py,Other,107,#AEB6BF
./generated_tests/verify_automationexercise_20260801_182143/conftest.py,Other,28,#AEB6BF
./generated_tests/verify_automationexercise_20260801_182143/pages/__init__.py,Other,0,#AEB6BF
./generated_tests/verify_automationexercise_20260801_182143/pages/cart_page.py,Other,202,#AEB6BF
./generated_tests/verify_automationexercise_20260801_182143/pages/generated_page.py,Other,318,#AEB6BF
./generated_tests/verify_automationexercise_20260801_182143/pages/home_page.py,Other,502,#AEB6BF
./generated_tests/verify_automationexercise_20260801_182143/pages/kookie20kids_page.py,Other,293,#AEB6BF
./generated_tests/verify_automationexercise_20260801_182143/pages/products_page.py,Other,487,#AEB6BF
./generated_tests/verify_automationexercise_20260801_182143/test_automationexercise.py,Other,105,#AEB6BF
./generated_tests/verify_automationexercise_20260801_183436/conftest.py,Other,28,#AEB6BF
./generated_tests/verify_automationexercise_20260801_183436/pages/__init__.py,Other,0,#AEB6BF
./generated_tests/verify_automationexercise_20260801_183436/pages/cart_page.py,Other,202,#AEB6BF
./generated_tests/verify_automationexercise_20260801_183436/pages/generated_page.py,Other,318,#AEB6BF
./generated_tests/verify_automationexercise_20260801_183436/pages/home_page.py,Other,509,#AEB6BF
./generated_tests/verify_automationexercise_20260801_183436/pages/kookie20kids_page.py,Other,293,#AEB6BF
./generated_tests/verify_automationexercise_20260801_183436/pages/products_page.py,Other,491,#AEB6BF
./generated_tests/verify_automationexercise_20260801_183436/test_automationexercise.py,Other,106,#AEB6BF
./generated_tests/verify_automationexercise_20260801_184354/conftest.py,Other,28,#AEB6BF
./generated_tests/verify_automationexercise_20260801_184354/pages/__init__.py,Other,0,#AEB6BF
./generated_tests/verify_automationexercise_20260801_184354/pages/cart_page.py,Other,200,#AEB6BF
./generated_tests/verify_automationexercise_20260801_184354/pages/generated_page.py,Other,314,#AEB6BF
./generated_tests/verify_automationexercise_20260801_184354/pages/home_page.py,Other,500,#AEB6BF
./generated_tests/verify_automationexercise_20260801_184354/pages/kookie20kids_page.py,Other,291,#AEB6BF
./generated_tests/verify_automationexercise_20260801_184354/pages/products_page.py,Other,487,#AEB6BF
./generated_tests/verify_automationexercise_20260801_184354/test_automationexercise.py,Other,97,#AEB6BF
./generated_tests/verify_automationexercise_20260801_200200/conftest.py,Other,28,#AEB6BF
./generated_tests/verify_automationexercise_20260801_200200/pages/__init__.py,Other,0,#AEB6BF
./generated_tests/verify_automationexercise_20260801_200200/pages/cart_page.py,Other,200,#AEB6BF
./generated_tests/verify_automationexercise_20260801_200200/pages/home_page.py,Other,504,#AEB6BF
./generated_tests/verify_automationexercise_20260801_200200/pages/kookie20kids_page.py,Other,291,#AEB6BF
./generated_tests/verify_automationexercise_20260801_200200/pages/products_page.py,Other,489,#AEB6BF
./generated_tests/verify_automationexercise_20260801_200200/test_automationexercise.py,Other,97,#AEB6BF
./generated_tests/verify_automationexercise_20260801_212532/conftest.py,Other,28,#AEB6BF
./generated_tests/verify_automationexercise_20260801_212532/pages/__init__.py,Other,0,#AEB6BF
./generated_tests/verify_automationexercise_20260801_212532/pages/cart_page.py,Other,200,#AEB6BF
./generated_tests/verify_automationexercise_20260801_212532/pages/home_page.py,Other,1799,#AEB6BF
./generated_tests/verify_automationexercise_20260801_212532/pages/kookie20kids_page.py,Other,1610,#AEB6BF
./generated_tests/verify_automationexercise_20260801_212532/pages/products_page.py,Other,1790,#AEB6BF
./generated_tests/verify_automationexercise_20260801_212532/test_automationexercise.py,Other,97,#AEB6BF
./generated_tests/verify_automationexercise_20260801_235516/conftest.py,Other,28,#AEB6BF
./generated_tests/verify_automationexercise_20260801_235516/pages/__init__.py,Other,0,#AEB6BF
./generated_tests/verify_automationexercise_20260801_235516/pages/cart_page.py,Other,200,#AEB6BF
./generated_tests/verify_automationexercise_20260801_235516/pages/generated_page.py,Other,314,#AEB6BF
./generated_tests/verify_automationexercise_20260801_235516/pages/home_page.py,Other,504,#AEB6BF
./generated_tests/verify_automationexercise_20260801_235516/pages/kookie20kids_page.py,Other,284,#AEB6BF
./generated_tests/verify_automationexercise_20260801_235516/pages/products_page.py,Other,487,#AEB6BF
./generated_tests/verify_automationexercise_20260801_235516/test_automationexercise.py,Other,120,#AEB6BF
./generated_tests/verify_automationexercise_20260802_110847/conftest.py,Other,28,#AEB6BF
./generated_tests/verify_automationexercise_20260802_110847/pages/__init__.py,Other,0,#AEB6BF
./generated_tests/verify_automationexercise_20260802_110847/pages/cart_page.py,Other,231,#AEB6BF
./generated_tests/verify_automationexercise_20260802_110847/pages/generated_page.py,Other,345,#AEB6BF
./generated_tests/verify_automationexercise_20260802_110847/pages/home_page.py,Other,531,#AEB6BF
./generated_tests/verify_automationexercise_20260802_110847/pages/kookie20kids_page.py,Other,322,#AEB6BF
./generated_tests/verify_automationexercise_20260802_110847/pages/products_page.py,Other,518,#AEB6BF
./generated_tests/verify_automationexercise_20260802_110847/test_automationexercise.py,Other,104,#AEB6BF
./generated_tests/verify_automationexercise_20260802_111728/conftest.py,Other,28,#AEB6BF
./generated_tests/verify_automationexercise_20260802_111728/pages/__init__.py,Other,0,#AEB6BF
./generated_tests/verify_automationexercise_20260802_111728/pages/cart_page.py,Other,231,#AEB6BF
./generated_tests/verify_automationexercise_20260802_111728/pages/generated_page.py,Other,345,#AEB6BF
./generated_tests/verify_automationexercise_20260802_111728/pages/home_page.py,Other,531,#AEB6BF
./generated_tests/verify_automationexercise_20260802_111728/pages/kookie20kids_page.py,Other,322,#AEB6BF
./generated_tests/verify_automationexercise_20260802_111728/pages/products_page.py,Other,518,#AEB6BF
./generated_tests/verify_automationexercise_20260802_111728/test_automationexercise.py,Other,112,#AEB6BF
./generated_tests/verify_automationexercise_20260802_113258/conftest.py,Other,28,#AEB6BF
./generated_tests/verify_automationexercise_20260802_113258/pages/__init__.py,Other,0,#AEB6BF
./generated_tests/verify_automationexercise_20260802_113258/pages/cart_page.py,Other,231,#AEB6BF
./generated_tests/verify_automationexercise_20260802_113258/pages/generated_page.py,Other,345,#AEB6BF
./generated_tests/verify_automationexercise_20260802_113258/pages/home_page.py,Other,505,#AEB6BF
./generated_tests/verify_automationexercise_20260802_113258/pages/kookie20kids_page.py,Other,322,#AEB6BF
./generated_tests/verify_automationexercise_20260802_113258/pages/products_page.py,Other,516,#AEB6BF
./generated_tests/verify_automationexercise_20260802_113258/test_automationexercise.py,Other,107,#AEB6BF
./generated_tests/verify_automationexercise_20260802_114521/conftest.py,Other,28,#AEB6BF
./generated_tests/verify_automationexercise_20260802_114521/pages/__init__.py,Other,0,#AEB6BF
./generated_tests/verify_automationexercise_20260802_114521/pages/home_page.py,Other,531,#AEB6BF
./generated_tests/verify_automationexercise_20260802_114521/pages/products_page.py,Other,522,#AEB6BF
./generated_tests/verify_automationexercise_20260802_114521/test_automationexercise.py,Other,80,#AEB6BF
./generated_tests/verify_automationexercise_20260802_120603/conftest.py,Other,28,#AEB6BF
./generated_tests/verify_automationexercise_20260802_120603/pages/__init__.py,Other,0,#AEB6BF
./generated_tests/verify_automationexercise_20260802_120603/pages/cart_page.py,Other,231,#AEB6BF
./generated_tests/verify_automationexercise_20260802_120603/pages/generated_page.py,Other,345,#AEB6BF
./generated_tests/verify_automationexercise_20260802_120603/pages/home_page.py,Other,538,#AEB6BF
./generated_tests/verify_automationexercise_20260802_120603/pages/kookie20kids_page.py,Other,322,#AEB6BF
./generated_tests/verify_automationexercise_20260802_120603/pages/products_page.py,Other,522,#AEB6BF
./generated_tests/verify_automationexercise_20260802_120603/test_automationexercise.py,Other,121,#AEB6BF
./generated_tests/verify_automationexercise_20260802_140657/conftest.py,Other,28,#AEB6BF
./generated_tests/verify_automationexercise_20260802_140657/pages/__init__.py,Other,0,#AEB6BF
./generated_tests/verify_automationexercise_20260802_140657/pages/cart_page.py,Other,231,#AEB6BF
./generated_tests/verify_automationexercise_20260802_140657/pages/generated_page.py,Other,345,#AEB6BF
./generated_tests/verify_automationexercise_20260802_140657/pages/home_page.py,Other,538,#AEB6BF
./generated_tests/verify_automationexercise_20260802_140657/pages/kookie20kids_page.py,Other,322,#AEB6BF
./generated_tests/verify_automationexercise_20260802_140657/pages/products_page.py,Other,516,#AEB6BF
./generated_tests/verify_automationexercise_20260802_140657/test_automationexercise.py,Other,120,#AEB6BF
./generated_tests/verify_automationexercise_20260802_143142/conftest.py,Other,28,#AEB6BF
./generated_tests/verify_automationexercise_20260802_143142/pages/__init__.py,Other,0,#AEB6BF
./generated_tests/verify_automationexercise_20260802_143142/pages/cart_page.py,Other,231,#AEB6BF
./generated_tests/verify_automationexercise_20260802_143142/pages/generated_page.py,Other,345,#AEB6BF
./generated_tests/verify_automationexercise_20260802_143142/pages/home_page.py,Other,535,#AEB6BF
./generated_tests/verify_automationexercise_20260802_143142/pages/kookie20kids_page.py,Other,322,#AEB6BF
./generated_tests/verify_automationexercise_20260802_143142/pages/products_page.py,Other,524,#AEB6BF
./generated_tests/verify_automationexercise_20260802_143142/test_automationexercise.py,Other,122,#AEB6BF
./generated_tests/verify_automationexercise_20260802_151305/conftest.py,Other,28,#AEB6BF
./generated_tests/verify_automationexercise_20260802_151305/pages/__init__.py,Other,0,#AEB6BF
./generated_tests/verify_automationexercise_20260802_151305/pages/cart_page.py,Other,231,#AEB6BF
./generated_tests/verify_automationexercise_20260802_151305/pages/generated_page.py,Other,345,#AEB6BF
./generated_tests/verify_automationexercise_20260802_151305/pages/home_page.py,Other,538,#AEB6BF
./generated_tests/verify_automationexercise_20260802_151305/pages/kookie20kids_page.py,Other,322,#AEB6BF
./generated_tests/verify_automationexercise_20260802_151305/pages/products_page.py,Other,520,#AEB6BF
./generated_tests/verify_automationexercise_20260802_151305/test_automationexercise.py,Other,115,#AEB6BF
./generated_tests/verify_automationexercise_20260803_023938/conftest.py,Other,28,#AEB6BF
./generated_tests/verify_automationexercise_20260803_023938/pages/__init__.py,Other,0,#AEB6BF
./generated_tests/verify_automationexercise_20260803_023938/pages/cart_page.py,Other,231,#AEB6BF
./generated_tests/verify_automationexercise_20260803_023938/pages/checkout_page.py,Other,227,#AEB6BF
./generated_tests/verify_automationexercise_20260803_023938/pages/generated_page.py,Other,345,#AEB6BF
./generated_tests/verify_automationexercise_20260803_023938/pages/home_page.py,Other,531,#AEB6BF
./generated_tests/verify_automationexercise_20260803_023938/pages/products_page.py,Other,520,#AEB6BF
./generated_tests/verify_automationexercise_20260803_023938/test_automationexercise.py,Other,167,#AEB6BF
./generated_tests/verify_automationexercise_20260803_024857/conftest.py,Other,28,#AEB6BF
./generated_tests/verify_automationexercise_20260803_024857/pages/__init__.py,Other,0,#AEB6BF
./generated_tests/verify_automationexercise_20260803_024857/pages/cart_page.py,Other,231,#AEB6BF
./generated_tests/verify_automationexercise_20260803_024857/pages/checkout_page.py,Other,227,#AEB6BF
./generated_tests/verify_automationexercise_20260803_024857/pages/generated_page.py,Other,345,#AEB6BF
./generated_tests/verify_automationexercise_20260803_024857/pages/home_page.py,Other,535,#AEB6BF
./generated_tests/verify_automationexercise_20260803_024857/pages/products_page.py,Other,520,#AEB6BF
./generated_tests/verify_automationexercise_20260803_024857/test_automationexercise.py,Other,163,#AEB6BF
./generated_tests/verify_automationexercise_20260803_025938/conftest.py,Other,28,#AEB6BF
./generated_tests/verify_automationexercise_20260803_025938/pages/__init__.py,Other,0,#AEB6BF
./generated_tests/verify_automationexercise_20260803_025938/pages/cart_page.py,Other,231,#AEB6BF
./generated_tests/verify_automationexercise_20260803_025938/pages/checkout_page.py,Other,227,#AEB6BF
./generated_tests/verify_automationexercise_20260803_025938/pages/generated_page.py,Other,345,#AEB6BF
./generated_tests/verify_automationexercise_20260803_025938/pages/home_page.py,Other,535,#AEB6BF
./generated_tests/verify_automationexercise_20260803_025938/pages/products_page.py,Other,520,#AEB6BF
./generated_tests/verify_automationexercise_20260803_025938/test_automationexercise.py,Other,107,#AEB6BF
./generated_tests/verify_automationexercise_20260803_031654/conftest.py,Other,28,#AEB6BF
./generated_tests/verify_automationexercise_20260803_031654/pages/__init__.py,Other,0,#AEB6BF
./generated_tests/verify_automationexercise_20260803_031654/pages/cart_page.py,Other,231,#AEB6BF
./generated_tests/verify_automationexercise_20260803_031654/pages/checkout_page.py,Other,227,#AEB6BF
./generated_tests/verify_automationexercise_20260803_031654/pages/generated_page.py,Other,345,#AEB6BF
./generated_tests/verify_automationexercise_20260803_031654/pages/home_page.py,Other,535,#AEB6BF
./generated_tests/verify_automationexercise_20260803_031654/pages/products_page.py,Other,522,#AEB6BF
./generated_tests/verify_automationexercise_20260803_031654/test_automationexercise.py,Other,112,#AEB6BF
./generated_tests/verify_automationexercise_20260803_032242/conftest.py,Other,28,#AEB6BF
./generated_tests/verify_automationexercise_20260803_032242/pages/__init__.py,Other,0,#AEB6BF
./generated_tests/verify_automationexercise_20260803_032242/pages/cart_page.py,Other,231,#AEB6BF
./generated_tests/verify_automationexercise_20260803_032242/pages/generated_page.py,Other,345,#AEB6BF
./generated_tests/verify_automationexercise_20260803_032242/pages/home_page.py,Other,531,#AEB6BF
./generated_tests/verify_automationexercise_20260803_032242/pages/kookie20kids_page.py,Other,322,#AEB6BF
./generated_tests/verify_automationexercise_20260803_032242/pages/products_page.py,Other,520,#AEB6BF
./generated_tests/verify_automationexercise_20260803_032242/test_automationexercise.py,Other,111,#AEB6BF
./generated_tests/verify_automationexercise_20260803_194811/conftest.py,Other,28,#AEB6BF
./generated_tests/verify_automationexercise_20260803_194811/pages/__init__.py,Other,0,#AEB6BF
./generated_tests/verify_automationexercise_20260803_194811/pages/cart_page.py,Other,236,#AEB6BF
./generated_tests/verify_automationexercise_20260803_194811/pages/checkout_page.py,Other,227,#AEB6BF
./generated_tests/verify_automationexercise_20260803_194811/pages/generated_page.py,Other,345,#AEB6BF
./generated_tests/verify_automationexercise_20260803_194811/pages/home_page.py,Other,552,#AEB6BF
./generated_tests/verify_automationexercise_20260803_194811/pages/products_page.py,Other,518,#AEB6BF
./generated_tests/verify_automationexercise_20260803_194811/test_automationexercise.py,Other,99,#AEB6BF
./kanban.html,Other,819,#AEB6BF
./launch_cli.sh,Configuration,41,#BB8FCE
./launch_dev.sh,Configuration,85,#BB8FCE
./launch_ui.sh,Configuration,51,#BB8FCE
./markdown_docs/README.md,Documentation,115,#F7DC6F
./markdown_docs/cli/__init__.py.md,Documentation,71,#F7DC6F
./markdown_docs/cli/evidence_cli.py.md,Documentation,46,#F7DC6F
./markdown_docs/cli/main.py.md,Documentation,54,#F7DC6F
./markdown_docs/scripts/3d map/audit_3d_map.py.md,Documentation,40,#F7DC6F
./markdown_docs/scripts/3d map/generate_3d_map.py.md,Documentation,64,#F7DC6F
./markdown_docs/scripts/archive/debug_scripts/probe_saucedemo_spa_404.py.md,Documentation,13,#F7DC6F
./markdown_docs/scripts/archive/debug_scripts/replay_saucedemo_checkout.py.md,Documentation,11,#F7DC6F
./markdown_docs/scripts/archive/debug_scripts/verify_saucedemo_stateful_scrape.py.md,Documentation,10,#F7DC6F
./markdown_docs/scripts/archive/debug_scripts/verify_saucedemo_upgrade_data.py.md,Documentation,11,#F7DC6F
./markdown_docs/scripts/eval_harness.py.md,Documentation,29,#F7DC6F
./markdown_docs/scripts/eval_runner.py.md,Documentation,34,#F7DC6F
./markdown_docs/scripts/rag_ingest.py.md,Documentation,80,#F7DC6F
./markdown_docs/scripts/verify_production.py.md,Documentation,31,#F7DC6F
./markdown_docs/src/README.md,Documentation,135,#F7DC6F
./markdown_docs/src/__init__.py.md,Documentation,52,#F7DC6F
./markdown_docs/src/accessibility_enricher.py.md,Documentation,67,#F7DC6F
./markdown_docs/src/agents/__init__.py.md,Documentation,42,#F7DC6F
./markdown_docs/src/agents/director.py.md,Documentation,40,#F7DC6F
./markdown_docs/src/agents/generator.py.md,Documentation,34,#F7DC6F
./markdown_docs/src/agents/graph.py.md,Documentation,57,#F7DC6F
./markdown_docs/src/agents/ingestion.py.md,Documentation,35,#F7DC6F
./markdown_docs/src/agents/pipeline_graph.py.md,Documentation,57,#F7DC6F
./markdown_docs/src/agents/pipeline_state.py.md,Documentation,65,#F7DC6F
./markdown_docs/src/agents/planner.py.md,Documentation,34,#F7DC6F
./markdown_docs/src/agents/prompt_safety.py.md,Documentation,22,#F7DC6F
./markdown_docs/src/agents/state.py.md,Documentation,26,#F7DC6F
./markdown_docs/src/agents/synthesizer.py.md,Documentation,44,#F7DC6F
./markdown_docs/src/agents/validator.py.md,Documentation,33,#F7DC6F
./markdown_docs/src/analyzer.py.md,Documentation,435,#F7DC6F
./markdown_docs/src/aria_parser.py.md,Documentation,39,#F7DC6F
./markdown_docs/src/artifact_validation.py.md,Documentation,101,#F7DC6F
./markdown_docs/src/browser_utils.py.md,Documentation,204,#F7DC6F
./markdown_docs/src/cart_seeding_scraper.py.md,Documentation,13,#F7DC6F
./markdown_docs/src/cli/__init__.py.md,Documentation,20,#F7DC6F
./markdown_docs/src/cli/color.py.md,Documentation,35,#F7DC6F
./markdown_docs/src/cli/config.py.md,Documentation,20,#F7DC6F
./markdown_docs/src/cli/evidence_generator.py.md,Documentation,124,#F7DC6F
./markdown_docs/src/cli/input_parser.py.md,Documentation,123,#F7DC6F
./markdown_docs/src/cli/main.py.md,Documentation,100,#F7DC6F
./markdown_docs/src/cli/menu_renderer.py.md,Documentation,135,#F7DC6F
./markdown_docs/src/cli/pipeline_runner.py.md,Documentation,142,#F7DC6F
./markdown_docs/src/cli/report_generator.py.md,Documentation,74,#F7DC6F
./markdown_docs/src/cli/retro_ui.py.md,Documentation,88,#F7DC6F
./markdown_docs/src/cli/run_results_display.py.md,Documentation,70,#F7DC6F
./markdown_docs/src/cli/session.py.md,Documentation,109,#F7DC6F
./markdown_docs/src/cli/terminal_adapter.py.md,Documentation,49,#F7DC6F
./markdown_docs/src/cli/test_case_orchestrator.py.md,Documentation,93,#F7DC6F
./markdown_docs/src/cli/testing_terminal.py.md,Documentation,44,#F7DC6F
./markdown_docs/src/code_normalizer.py.md,Documentation,438,#F7DC6F
./markdown_docs/src/code_postprocessor.py.md,Documentation,257,#F7DC6F
./markdown_docs/src/code_validator.py.md,Documentation,49,#F7DC6F
./markdown_docs/src/config.py.md,Documentation,218,#F7DC6F
./markdown_docs/src/coverage_utils.py.md,Documentation,69,#F7DC6F
./markdown_docs/src/element_enricher.py.md,Documentation,29,#F7DC6F
./markdown_docs/src/element_matcher.py.md,Documentation,51,#F7DC6F
./markdown_docs/src/evidence_export.py.md,Documentation,21,#F7DC6F
./markdown_docs/src/evidence_index.py.md,Documentation,26,#F7DC6F
./markdown_docs/src/evidence_loader.py.md,Documentation,22,#F7DC6F
./markdown_docs/src/evidence_report.py.md,Documentation,69,#F7DC6F
./markdown_docs/src/evidence_serializer.py.md,Documentation,28,#F7DC6F
./markdown_docs/src/evidence_tracker.py.md,Documentation,67,#F7DC6F
./markdown_docs/src/export_service.py.md,Documentation,291,#F7DC6F
./markdown_docs/src/failure_classifier.py.md,Documentation,55,#F7DC6F
./markdown_docs/src/failure_reporter.py.md,Documentation,30,#F7DC6F
./markdown_docs/src/file_utils.py.md,Documentation,23,#F7DC6F
./markdown_docs/src/flow_memory.py.md,Documentation,118,#F7DC6F
./markdown_docs/src/form_detector.py.md,Documentation,245,#F7DC6F
./markdown_docs/src/form_login_utils.py.md,Documentation,237,#F7DC6F
./markdown_docs/src/gantt_utils.py.md,Documentation,36,#F7DC6F
./markdown_docs/src/heatmap_alignment.py.md,Documentation,105,#F7DC6F
./markdown_docs/src/heatmap_utils.py.md,Documentation,62,#F7DC6F
./markdown_docs/src/hover_click_utils.py.md,Documentation,32,#F7DC6F
./markdown_docs/src/intent_matcher.py.md,Documentation,447,#F7DC6F
./markdown_docs/src/journey_auth_detector.py.md,Documentation,47,#F7DC6F
./markdown_docs/src/journey_enrichment.py.md,Documentation,13,#F7DC6F
./markdown_docs/src/journey_executor.py.md,Documentation,351,#F7DC6F
./markdown_docs/src/journey_models.py.md,Documentation,324,#F7DC6F
./markdown_docs/src/journey_scraper.py.md,Documentation,643,#F7DC6F
./markdown_docs/src/journey_subprocess.py.md,Documentation,13,#F7DC6F
./markdown_docs/src/llm_client.py.md,Documentation,104,#F7DC6F
./markdown_docs/src/llm_errors.py.md,Documentation,46,#F7DC6F
./markdown_docs/src/llm_providers/__init__.py.md,Documentation,251,#F7DC6F
./markdown_docs/src/llm_reasoning_filter.py.md,Documentation,50,#F7DC6F
./markdown_docs/src/locator_builder.py.md,Documentation,54,#F7DC6F
./markdown_docs/src/locator_fallback.py.md,Documentation,40,#F7DC6F
./markdown_docs/src/locator_repair.py.md,Documentation,73,#F7DC6F
./markdown_docs/src/locator_scorer.py.md,Documentation,46,#F7DC6F
./markdown_docs/src/ocr_backends.py.md,Documentation,44,#F7DC6F
./markdown_docs/src/orchestrator.py.md,Documentation,204,#F7DC6F
./markdown_docs/src/page_object_builder.py.md,Documentation,57,#F7DC6F
./markdown_docs/src/pdf_ingest.py.md,Documentation,33,#F7DC6F
./markdown_docs/src/pipeline_artifact_manager.py.md,Documentation,242,#F7DC6F
./markdown_docs/src/pipeline_models.py.md,Documentation,76,#F7DC6F
./markdown_docs/src/pipeline_report_service.py.md,Documentation,42,#F7DC6F
./markdown_docs/src/pipeline_run_service.py.md,Documentation,46,#F7DC6F
./markdown_docs/src/pipeline_writer.py.md,Documentation,80,#F7DC6F
./markdown_docs/src/placeholder_orchestrator.py.md,Documentation,155,#F7DC6F
./markdown_docs/src/placeholder_resolver.py.md,Documentation,53,#F7DC6F
./markdown_docs/src/placeholder_scorers.py.md,Documentation,84,#F7DC6F
./markdown_docs/src/pom_helpers.py.md,Documentation,32,#F7DC6F
./markdown_docs/src/prerequisite_injector.py.md,Documentation,51,#F7DC6F
./markdown_docs/src/prompt_builder.py.md,Documentation,58,#F7DC6F
./markdown_docs/src/prompt_utils.py.md,Documentation,62,#F7DC6F
./markdown_docs/src/provider_config.py.md,Documentation,47,#F7DC6F
./markdown_docs/src/pytest_output_parser.py.md,Documentation,58,#F7DC6F
./markdown_docs/src/rag_bundled.py.md,Documentation,95,#F7DC6F
./markdown_docs/src/rag_learn.py.md,Documentation,111,#F7DC6F
./markdown_docs/src/rag_retriever.py.md,Documentation,94,#F7DC6F
./markdown_docs/src/rag_store.py.md,Documentation,205,#F7DC6F
./markdown_docs/src/report_builder.py.md,Documentation,58,#F7DC6F
./markdown_docs/src/report_formatters.py.md,Documentation,49,#F7DC6F
./markdown_docs/src/report_utils.py.md,Documentation,34,#F7DC6F
./markdown_docs/src/role_mapper.py.md,Documentation,22,#F7DC6F
./markdown_docs/src/run_history_chart.py.md,Documentation,59,#F7DC6F
./markdown_docs/src/run_history_cli.py.md,Documentation,70,#F7DC6F
./markdown_docs/src/run_result_persistence.py.md,Documentation,220,#F7DC6F
./markdown_docs/src/run_utils.py.md,Documentation,36,#F7DC6F
./markdown_docs/src/scraper.py.md,Documentation,108,#F7DC6F
./markdown_docs/src/section_scoper.py.md,Documentation,35,#F7DC6F
./markdown_docs/src/secure_config.py.md,Documentation,46,#F7DC6F
./markdown_docs/src/self_healing.py.md,Documentation,98,#F7DC6F
./markdown_docs/src/semantic_candidate_ranker.py.md,Documentation,51,#F7DC6F
./markdown_docs/src/semantic_matcher.py.md,Documentation,48,#F7DC6F
./markdown_docs/src/settings_store.py.md,Documentation,98,#F7DC6F
./markdown_docs/src/skeleton_parser.py.md,Documentation,67,#F7DC6F
./markdown_docs/src/skeleton_validator.py.md,Documentation,33,#F7DC6F
./markdown_docs/src/skip_manager.py.md,Documentation,12,#F7DC6F
./markdown_docs/src/spec_analyzer.py.md,Documentation,53,#F7DC6F
./markdown_docs/src/sqlite_persistence.py.md,Documentation,109,#F7DC6F
./markdown_docs/src/stateful_scraper.py.md,Documentation,52,#F7DC6F
./markdown_docs/src/storage.py.md,Documentation,104,#F7DC6F
./markdown_docs/src/test_generator.py.md,Documentation,53,#F7DC6F
./markdown_docs/src/test_plan.py.md,Documentation,22,#F7DC6F
./markdown_docs/src/test_structure_assembler.py.md,Documentation,94,#F7DC6F
./markdown_docs/src/test_table.py.md,Documentation,68,#F7DC6F
./markdown_docs/src/ui/__init__.py.md,Documentation,18,#F7DC6F
./markdown_docs/src/ui/shared.py.md,Documentation,32,#F7DC6F
./markdown_docs/src/ui/ui_downloads.py.md,Documentation,22,#F7DC6F
./markdown_docs/src/ui/ui_evidence.py.md,Documentation,83,#F7DC6F
./markdown_docs/src/ui/ui_journey.py.md,Documentation,52,#F7DC6F
./markdown_docs/src/ui/ui_requirements.py.md,Documentation,26,#F7DC6F
./markdown_docs/src/ui/ui_results.py.md,Documentation,48,#F7DC6F
./markdown_docs/src/ui/ui_run_comparison.py.md,Documentation,45,#F7DC6F
./markdown_docs/src/ui/ui_run_results.py.md,Documentation,141,#F7DC6F
./markdown_docs/src/ui/ui_saved_packages.py.md,Documentation,68,#F7DC6F
./markdown_docs/src/ui/ui_sidebar.py.md,Documentation,33,#F7DC6F
./markdown_docs/src/ui_pipeline.py.md,Documentation,51,#F7DC6F
./markdown_docs/src/ui_run_comparison.py.md,Documentation,21,#F7DC6F
./markdown_docs/src/url_inference.py.md,Documentation,24,#F7DC6F
./markdown_docs/src/url_resolver.py.md,Documentation,42,#F7DC6F
./markdown_docs/src/url_utils.py.md,Documentation,30,#F7DC6F
./markdown_docs/src/user_story_parser.py.md,Documentation,34,#F7DC6F
./markdown_docs/src/vision_enricher.py.md,Documentation,40,#F7DC6F
./mock_sites/README.md,Documentation,98,#F7DC6F
./mock_sites/banking/account.html,Other,83,#AEB6BF
./mock_sites/banking/banking.js,Other,165,#AEB6BF
./mock_sites/banking/dashboard.html,Other,65,#AEB6BF
./mock_sites/banking/index.html,Other,62,#AEB6BF
./mock_sites/banking/mock_routes.json,Other,30,#AEB6BF
./mock_sites/banking/overlay.js,Other,107,#AEB6BF
./mock_sites/banking/payment_success.html,Other,38,#AEB6BF
./mock_sites/banking/payments.html,Other,86,#AEB6BF
./mock_sites/banking/style.css,Other,247,#AEB6BF
./mock_sites/banking/transfer.html,Other,81,#AEB6BF
./mock_sites/banking/transfer_success.html,Other,38,#AEB6BF
./mock_sites/ecommerce/cart.js,Other,148,#AEB6BF
./mock_sites/ecommerce/checkout.html,Other,72,#AEB6BF
./mock_sites/ecommerce/checkout_success.html,Other,38,#AEB6BF
./mock_sites/ecommerce/img.js,Other,27,#AEB6BF
./mock_sites/ecommerce/index.html,Other,75,#AEB6BF
./mock_sites/ecommerce/mock_routes.json,Other,20,#AEB6BF
./mock_sites/ecommerce/overlay.js,Other,104,#AEB6BF
./mock_sites/ecommerce/product_details.html,Other,71,#AEB6BF
./mock_sites/ecommerce/products.html,Other,80,#AEB6BF
./mock_sites/ecommerce/style.css,Other,155,#AEB6BF
./notebook_upload.md,Documentation,13327,#F7DC6F
./notebooks/debug_pipeline.ipynb,Other,1333,#AEB6BF
./nul,Other,0,#AEB6BF
./pyproject.toml,Configuration,112,#BB8FCE
./pytest.ini,Configuration,33,#BB8FCE
./raw/arxiv_2606_23050.md,Documentation,20,#F7DC6F
./run_results.sqlite,Other,0,#AEB6BF
./scripts/3d map/audit_3d_map.py,Other,226,#AEB6BF
./scripts/3d map/generate_3d_map.py,Other,788,#AEB6BF
./scripts/3d map/viewer.html,Other,93,#AEB6BF
./scripts/3d_map_data.json,Other,36183,#AEB6BF
./scripts/MAINTENANCE.md,Documentation,87,#F7DC6F
./scripts/README.md,Documentation,251,#F7DC6F
./scripts/archive/cli_snapshots/BUG_ANALYSIS_AND_FIX_PLAN_2026-05-29.md,Documentation,296,#F7DC6F
./scripts/archive/cli_snapshots/BUG_REPORT_2026-05-29.md,Documentation,299,#F7DC6F
./scripts/archive/cli_snapshots/duplicate_shortcut.md,Documentation,55,#F7DC6F
./scripts/archive/cli_snapshots/menu_navigation.md,Documentation,55,#F7DC6F
./scripts/archive/cli_snapshots/provider_selection.md,Documentation,113,#F7DC6F
./scripts/archive/cli_snapshots/quit_shortcut.md,Documentation,33,#F7DC6F
./scripts/archive/cli_snapshots/screen_clipping.md,Documentation,55,#F7DC6F
./scripts/archive/debug_scripts/analyze_category_page.py,Other,53,#AEB6BF
./scripts/archive/debug_scripts/analyze_category_structure.py,Other,54,#AEB6BF
./scripts/archive/debug_scripts/capture_dom_states.py,Other,47,#AEB6BF
./scripts/archive/debug_scripts/capture_transient_states.py,Other,38,#AEB6BF
./scripts/archive/debug_scripts/compare_pom_vs_standard.py,Other,195,#AEB6BF
./scripts/archive/debug_scripts/debug_all.py,Other,166,#AEB6BF
./scripts/archive/debug_scripts/debug_cli.py,Other,108,#AEB6BF
./scripts/archive/debug_scripts/debug_compare.py,Other,803,#AEB6BF
./scripts/archive/debug_scripts/debug_pipeline_runner.py,Other,383,#AEB6BF
./scripts/archive/debug_scripts/debug_pom_e2e.py,Other,280,#AEB6BF
./scripts/archive/debug_scripts/debug_pom_full_workflow.py,Other,276,#AEB6BF
./scripts/archive/debug_scripts/debug_pom_mode.py,Other,236,#AEB6BF
./scripts/archive/debug_scripts/debug_saucedemo_scrape2.py,Other,24,#AEB6BF
./scripts/archive/debug_scripts/debug_scoring.py,Other,54,#AEB6BF
./scripts/archive/debug_scripts/debug_skeleton_variability.py,Other,396,#AEB6BF
./scripts/archive/debug_scripts/probe_saucedemo_spa_404.py,Other,63,#AEB6BF
./scripts/archive/debug_scripts/prove_fill_issue.py,Other,205,#AEB6BF
./scripts/archive/debug_scripts/replay_saucedemo_checkout.py,Other,100,#AEB6BF
./scripts/archive/debug_scripts/skeleton_variability_report.md,Documentation,403,#F7DC6F
./scripts/archive/debug_scripts/test_popup_capture.py,Other,23,#AEB6BF
./scripts/archive/debug_scripts/test_product_detail_flow.py,Other,23,#AEB6BF
./scripts/archive/debug_scripts/validate_fixes.py,Other,189,#AEB6BF
./scripts/archive/debug_scripts/verify_saucedemo_stateful_scrape.py,Other,77,#AEB6BF
./scripts/archive/debug_scripts/verify_saucedemo_upgrade_data.py,Other,59,#AEB6BF
./scripts/archive/misc/apply_b0xx_journey_fix.py,Other,220,#AEB6BF
./scripts/archive/misc/debug_compare_results.json,Other,341,#AEB6BF
./scripts/build_demo.py,Other,402,#AEB6BF
./scripts/build_finetune_dataset.py,Other,437,#AEB6BF
./scripts/cli_walkthrough.py,Other,465,#AEB6BF
./scripts/debug.py,Other,543,#AEB6BF
./scripts/debug/cdp_attach.py,Other,125,#AEB6BF
./scripts/debug/debug_all.py,Other,166,#AEB6BF
./scripts/debug/debug_cli_interactive.py,Other,584,#AEB6BF
./scripts/debug/debug_pipeline.py,Other,501,#AEB6BF
./scripts/debug/debug_saucedemo_inventory.py,Other,140,#AEB6BF
./scripts/debug/debug_saucedemo_login.py,Other,144,#AEB6BF
./scripts/debug_step_through.py,Other,217,#AEB6BF
./scripts/eval/README.md,Documentation,201,#F7DC6F
./scripts/eval/aria_automationexercise.yaml,Other,496,#AEB6BF
./scripts/eval/aria_demoqa.yaml,Other,66,#AEB6BF
./scripts/eval/aria_saucedemo.yaml,Other,8,#AEB6BF
./scripts/eval/aria_snapshot.yaml,Other,43,#AEB6BF
./scripts/eval/baseline.json,Other,674,#AEB6BF
./scripts/eval/baseline_0896b14.json,Other,12,#AEB6BF
./scripts/eval/baseline_2026-07-28.json,Other,22,#AEB6BF
./scripts/eval/captures/automationexercise_code.py,Other,78,#AEB6BF
./scripts/eval/captures/banking_mock_code.py,Other,86,#AEB6BF
./scripts/eval/captures/demoqa_code.py,Other,59,#AEB6BF
./scripts/eval/captures/ecommerce_mock_code.py,Other,81,#AEB6BF
./scripts/eval/captures/lv_insurance_code.py,Other,89,#AEB6BF
./scripts/eval/captures/saucedemo_code.py,Other,81,#AEB6BF
./scripts/eval/captures/theinternet_code.py,Other,47,#AEB6BF
./scripts/eval/captures_graph_final/automationexercise_code.py,Other,43,#AEB6BF
./scripts/eval/captures_graph_final/demoqa_code.py,Other,31,#AEB6BF
./scripts/eval/captures_graph_final/lv_insurance_code.py,Other,126,#AEB6BF
./scripts/eval/captures_graph_final/saucedemo_code.py,Other,63,#AEB6BF
./scripts/eval/captures_graph_final/theinternet_code.py,Other,33,#AEB6BF
./scripts/eval/captures_graph_v2/automationexercise_code.py,Other,44,#AEB6BF
./scripts/eval/captures_graph_v2/demoqa_code.py,Other,38,#AEB6BF
./scripts/eval/captures_graph_v2/lv_insurance_code.py,Other,114,#AEB6BF
./scripts/eval/captures_graph_v2/saucedemo_code.py,Other,64,#AEB6BF
./scripts/eval/captures_graph_v2/theinternet_code.py,Other,34,#AEB6BF
./scripts/eval/captures_linear_final/automationexercise_code.py,Other,79,#AEB6BF
./scripts/eval/captures_linear_final/demoqa_code.py,Other,55,#AEB6BF
./scripts/eval/captures_linear_final/lv_insurance_code.py,Other,89,#AEB6BF
./scripts/eval/captures_linear_final/saucedemo_code.py,Other,81,#AEB6BF
./scripts/eval/captures_linear_final/theinternet_code.py,Other,47,#AEB6BF
./scripts/eval/captures_linear_regenerated/automationexercise_code.py,Other,79,#AEB6BF
./scripts/eval/captures_linear_regenerated/demoqa_code.py,Other,55,#AEB6BF
./scripts/eval/captures_linear_regenerated/lv_insurance_code.py,Other,89,#AEB6BF
./scripts/eval/captures_linear_regenerated/saucedemo_code.py,Other,81,#AEB6BF
./scripts/eval/captures_linear_regenerated/theinternet_code.py,Other,47,#AEB6BF
./scripts/eval/ci_summary.py,Other,81,#AEB6BF
./scripts/eval/compare_model_baselines.py,Other,278,#AEB6BF
./scripts/eval/dataset/eval-001_saucedemo_login_checkout.json,Other,190,#AEB6BF
./scripts/eval/dataset/eval-002_automationexercise_browse_cart.json,Other,109,#AEB6BF
./scripts/eval/dataset/eval-003_demoqa_forms.json,Other,106,#AEB6BF
./scripts/eval/dataset/eval-004_theinternet_alerts.json,Other,93,#AEB6BF
./scripts/eval/dataset/eval-005_lv_insurance_quote.json,Other,95,#AEB6BF
./scripts/eval/dataset/eval-006_ecommerce_mock.json,Other,175,#AEB6BF
./scripts/eval/dataset/eval-007_banking_mock.json,Other,152,#AEB6BF
./scripts/eval/dataset/eval-008_goto_navigation.json,Other,161,#AEB6BF
./scripts/eval/dataset/graph/eval-001_saucedemo_graph.json,Other,440,#AEB6BF
./scripts/eval/dataset/graph/eval-002_automationexercise_graph.json,Other,190,#AEB6BF
./scripts/eval/dataset/graph/eval-003_demoqa_graph.json,Other,165,#AEB6BF
./scripts/eval/dataset/graph/eval-004_theinternet_graph.json,Other,180,#AEB6BF
./scripts/eval/dataset/graph/eval-005_lv_insurance_graph.json,Other,377,#AEB6BF
./scripts/eval/dataset_docs/doc-001_prd_login_overhaul.json,Other,73,#AEB6BF
./scripts/eval/dataset_docs/doc-001_prd_login_overhaul.md,Documentation,51,#F7DC6F
./scripts/eval/dataset_docs/doc-002_changelog_ecommerce.json,Other,56,#AEB6BF
./scripts/eval/dataset_docs/doc-002_changelog_ecommerce.md,Documentation,38,#F7DC6F
./scripts/eval/dataset_docs/doc-003_jira_dashboard.json,Other,50,#AEB6BF
./scripts/eval/dataset_docs/doc-003_jira_dashboard.md,Documentation,52,#F7DC6F
./scripts/eval/eval_harness.py,Other,334,#AEB6BF
./scripts/eval/eval_metrics.py,Other,233,#AEB6BF
./scripts/eval/eval_metrics_test.py,Other,333,#AEB6BF
./scripts/eval/eval_model_baseline.py,Other,238,#AEB6BF
./scripts/eval/eval_resolver.py,Other,550,#AEB6BF
./scripts/eval/eval_results.db,Other,0,#AEB6BF
./scripts/eval/eval_runner.py,Other,787,#AEB6BF
./scripts/eval/eval_runner_test.py,Other,275,#AEB6BF
./scripts/eval/extract_graph_keys.py,Other,118,#AEB6BF
./scripts/eval/flow_holdout_eval.py,Other,244,#AEB6BF
./scripts/eval/generated_tests/exp_ideal_final.py,Other,68,#AEB6BF
./scripts/eval/generated_tests/exp_ideal_skeleton.py,Other,66,#AEB6BF
./scripts/eval/generated_tests/uat_tstring_final_code.py,Other,121,#AEB6BF
./scripts/eval/generated_tests/uat_tstring_final_legacy.py,Other,243,#AEB6BF
./scripts/eval/generated_tests/uat_tstring_final_tstring.py,Other,190,#AEB6BF
./scripts/eval/generated_tests/uat_tstring_skeleton_legacy.py,Other,187,#AEB6BF
./scripts/eval/generated_tests/uat_tstring_skeleton_tstring.py,Other,120,#AEB6BF
./scripts/eval/golden_validator.py,Other,417,#AEB6BF
./scripts/eval/golden_validator_test.py,Other,413,#AEB6BF
./scripts/eval/rag_store.db,Other,0,#AEB6BF
./scripts/eval/refresh_lv_capture.py,Other,165,#AEB6BF
./scripts/eval/scraped_pages/_bs4_demoqa.json,Other,2848,#AEB6BF
./scripts/eval/scraped_pages/_hybrid_demoqa.json,Other,2829,#AEB6BF
./scripts/eval/scraped_pages/http_localhost_8781_account.html.json,Other,341,#AEB6BF
./scripts/eval/scraped_pages/http_localhost_8781_dashboard.html.json,Other,285,#AEB6BF
./scripts/eval/scraped_pages/http_localhost_8781_index.html.json,Other,145,#AEB6BF
./scripts/eval/scraped_pages/http_localhost_8781_payment_success.html.json,Other,145,#AEB6BF
./scripts/eval/scraped_pages/http_localhost_8781_payments.html.json,Other,271,#AEB6BF
./scripts/eval/scraped_pages/http_localhost_8781_transfer.html.json,Other,243,#AEB6BF
./scripts/eval/scraped_pages/http_localhost_8781_transfer_success.html.json,Other,145,#AEB6BF
./scripts/eval/scraped_pages/https_automationexercise.com.json,Other,9115,#AEB6BF
./scripts/eval/scraped_pages/https_automationexercise.com_products.json,Other,7950,#AEB6BF
./scripts/eval/scraped_pages/https_automationexercise.com_view_cart.json,Other,983,#AEB6BF
./scripts/eval/scraped_pages/https_demoqa.com_automation-practice-form.json,Other,2866,#AEB6BF
./scripts/eval/scraped_pages/https_the-internet.herokuapp.com.json,Other,1636,#AEB6BF
./scripts/eval/scraped_pages/https_the-internet.herokuapp.com_javascript_alerts.json,Other,310,#AEB6BF
./scripts/eval/scraped_pages/https_www.saucedemo.com.json,Other,290,#AEB6BF
./scripts/eval/scraped_pages/https_www.saucedemo.com_checkout-complete.html.json,Other,573,#AEB6BF
./scripts/eval/scraped_pages/https_www.saucedemo.com_checkout-step-one.html.json,Other,622,#AEB6BF
./scripts/eval/scraped_pages/https_www.saucedemo.com_checkout-step-two.html.json,Other,963,#AEB6BF
./scripts/eval/scraped_pages/https_www.saucedemo.com_inventory.html.json,Other,1790,#AEB6BF
./scripts/eval/uat_tstring_prototype.py,Other,196,#AEB6BF
./scripts/export_27b_gguf.py,Other,74,#AEB6BF
./scripts/export_gate.py,Other,420,#AEB6BF
./scripts/extract_mock_elements.py,Other,112,#AEB6BF
./scripts/gate_full.py,Other,197,#AEB6BF
./scripts/maintenance/cli_e2e_validation.py,Other,199,#AEB6BF
./scripts/maintenance/kanban.py,Other,586,#AEB6BF
./scripts/maintenance/project_sanitizer.py,Other,436,#AEB6BF
./scripts/mock_server.py,Other,241,#AEB6BF
./scripts/rag_ingest.py,Other,227,#AEB6BF
./scripts/reliability_test.py,Other,414,#AEB6BF
./scripts/rerun_mock_resolve_learn.py,Other,34,#AEB6BF
./scripts/run_lv_eval.py,Other,79,#AEB6BF
./scripts/scrape_lv_mock.py,Other,63,#AEB6BF
./scripts/serve_mock_site.py,Other,17,#AEB6BF
./scripts/smoke.py,Other,319,#AEB6BF
./scripts/synthesize_stories.py,Other,786,#AEB6BF
./scripts/train_27b_qlora.py,Other,100,#AEB6BF
./scripts/uat.py,Other,667,#AEB6BF
./scripts/uat/uat_automationexercise.py,Other,415,#AEB6BF
./scripts/uat/uat_test_table.py,Other,147,#AEB6BF
./scripts/validate_report_artifacts.py,Other,157,#AEB6BF
./scripts/verify_production.py,Other,556,#AEB6BF
./src/__init__.py,utility,1,#98D8C8
./src/accessibility_enricher.py,context,411,#96CEB4
./src/agents/__init__.py,Other,75,#AEB6BF
./src/agents/director.py,Other,103,#AEB6BF
./src/agents/generator.py,Other,125,#AEB6BF
./src/agents/graph.py,Other,117,#AEB6BF
./src/agents/ingestion.py,Other,340,#AEB6BF
./src/agents/pipeline_graph.py,Other,473,#AEB6BF
./src/agents/pipeline_state.py,Other,147,#AEB6BF
./src/agents/planner.py,Other,104,#AEB6BF
./src/agents/prompt_safety.py,Other,33,#AEB6BF
./src/agents/state.py,Other,40,#AEB6BF
./src/agents/synthesizer.py,Other,181,#AEB6BF
./src/agents/validator.py,Other,75,#AEB6BF
./src/analyzer.py,intelligence,284,#45B7D1
./src/aria_parser.py,context,330,#96CEB4
./src/artifact_validation.py,output,431,#DDA0DD
./src/browser_utils.py,context,342,#96CEB4
./src/cart_seeding_scraper.py,context,159,#96CEB4
./src/cli/__init__.py,Other,21,#AEB6BF
./src/cli/color.py,Other,62,#AEB6BF
./src/cli/config.py,Other,25,#AEB6BF
./src/cli/evidence_generator.py,Other,519,#AEB6BF
./src/cli/input_parser.py,Other,586,#AEB6BF
./src/cli/main.py,Other,494,#AEB6BF
./src/cli/menu_renderer.py,Other,758,#AEB6BF
./src/cli/pipeline_runner.py,Other,1349,#AEB6BF
./src/cli/report_generator.py,Other,450,#AEB6BF
./src/cli/retro_ui.py,Other,328,#AEB6BF
./src/cli/run_results_display.py,Other,212,#AEB6BF
./src/cli/session.py,Other,154,#AEB6BF
./src/cli/terminal_adapter.py,Other,145,#AEB6BF
./src/cli/test_case_orchestrator.py,Other,516,#AEB6BF
./src/cli/testing_terminal.py,Other,36,#AEB6BF
./src/code_normalizer.py,refinement,407,#FFEAA7
./src/code_postprocessor.py,refinement,965,#FFEAA7
./src/code_validator.py,refinement,174,#FFEAA7
./src/config.py,intelligence,90,#45B7D1
./src/coverage_utils.py,utility,248,#98D8C8
./src/element_enricher.py,intelligence,337,#45B7D1
./src/element_matcher.py,refinement,1199,#FFEAA7
./src/evidence_export.py,output,357,#DDA0DD
./src/evidence_index.py,output,530,#DDA0DD
./src/evidence_loader.py,output,183,#DDA0DD
./src/evidence_report.py,output,848,#DDA0DD
./src/evidence_serializer.py,output,66,#DDA0DD
./src/evidence_tracker.py,output,1089,#DDA0DD
./src/export_service.py,output,344,#DDA0DD
./src/failure_classifier.py,refinement,204,#FFEAA7
./src/failure_reporter.py,output,486,#DDA0DD
./src/file_utils.py,utility,107,#98D8C8
./src/flow_memory.py,intelligence,658,#45B7D1
./src/form_detector.py,context,134,#96CEB4
./src/form_login_utils.py,context,104,#96CEB4
./src/gantt_utils.py,utility,194,#98D8C8
./src/heatmap_alignment.py,output,415,#DDA0DD
./src/heatmap_utils.py,utility,733,#98D8C8
./src/hover_click_utils.py,context,208,#96CEB4
./src/intent_matcher.py,refinement,845,#FFEAA7
./src/journey_auth_detector.py,context,69,#96CEB4
./src/journey_enrichment.py,context,58,#96CEB4
./src/journey_executor.py,context,409,#96CEB4
./src/journey_models.py,orchestration,97,#4ECDC4
./src/journey_scraper.py,context,1118,#96CEB4
./src/journey_subprocess.py,context,78,#96CEB4
./src/llm_client.py,intelligence,432,#45B7D1
./src/llm_errors.py,intelligence,29,#45B7D1
./src/llm_providers/__init__.py,intelligence,604,#45B7D1
./src/llm_reasoning_filter.py,refinement,173,#FFEAA7
./src/locator_builder.py,refinement,193,#FFEAA7
./src/locator_fallback.py,refinement,206,#FFEAA7
./src/locator_repair.py,refinement,475,#FFEAA7
./src/locator_scorer.py,refinement,321,#FFEAA7
./src/ocr_backends.py,intelligence,317,#45B7D1
./src/orchestrator.py,orchestration,1211,#4ECDC4
./src/page_object_builder.py,refinement,604,#FFEAA7
./src/pdf_ingest.py,intelligence,394,#45B7D1
./src/pipeline_artifact_manager.py,orchestration,386,#4ECDC4
./src/pipeline_models.py,orchestration,168,#4ECDC4
./src/pipeline_report_service.py,orchestration,84,#4ECDC4
./src/pipeline_run_service.py,orchestration,119,#4ECDC4
./src/pipeline_writer.py,orchestration,268,#4ECDC4
./src/placeholder_orchestrator.py,refinement,1489,#FFEAA7
./src/placeholder_resolver.py,refinement,568,#FFEAA7
./src/placeholder_scorers.py,refinement,960,#FFEAA7
./src/pom_helpers.py,refinement,244,#FFEAA7
./src/prerequisite_injector.py,orchestration,514,#4ECDC4
./src/prompt_builder.py,intelligence,336,#45B7D1
./src/prompt_utils.py,intelligence,220,#45B7D1
./src/provider_config.py,utility,66,#98D8C8
./src/pytest_output_parser.py,utility,350,#98D8C8
./src/rag_bundled.py,intelligence,369,#45B7D1
./src/rag_learn.py,intelligence,384,#45B7D1
./src/rag_retriever.py,intelligence,152,#45B7D1
./src/rag_store.py,intelligence,616,#45B7D1
./src/report_builder.py,output,230,#DDA0DD
./src/report_formatters.py,output,462,#DDA0DD
./src/report_utils.py,output,26,#DDA0DD
./src/role_mapper.py,context,197,#96CEB4
./src/run_history_chart.py,output,494,#DDA0DD
./src/run_history_cli.py,output,257,#DDA0DD
./src/run_result_persistence.py,utility,405,#98D8C8
./src/run_utils.py,utility,79,#98D8C8
./src/scraper.py,context,985,#96CEB4
./src/section_scoper.py,intelligence,305,#45B7D1
./src/secure_config.py,utility,188,#98D8C8
./src/self_healing.py,refinement,727,#FFEAA7
./src/semantic_candidate_ranker.py,refinement,313,#FFEAA7
./src/semantic_matcher.py,refinement,239,#FFEAA7
./src/settings_store.py,utility,165,#98D8C8
./src/skeleton_parser.py,intelligence,459,#45B7D1
./src/skeleton_validator.py,intelligence,109,#45B7D1
./src/skip_manager.py,orchestration,165,#4ECDC4
./src/spec_analyzer.py,intelligence,489,#45B7D1
./src/sqlite_persistence.py,utility,615,#98D8C8
./src/stateful_scraper.py,context,261,#96CEB4
./src/storage.py,utility,184,#98D8C8
./src/test_generator.py,intelligence,133,#45B7D1
./src/test_plan.py,intelligence,217,#45B7D1
./src/test_structure_assembler.py,orchestration,152,#4ECDC4
./src/test_table.py,intelligence,449,#45B7D1
./src/ui/__init__.py,Other,1,#AEB6BF
./src/ui/shared.py,Other,78,#AEB6BF
./src/ui/ui_downloads.py,Other,51,#AEB6BF
./src/ui/ui_evidence.py,Other,565,#AEB6BF
./src/ui/ui_journey.py,Other,339,#AEB6BF
./src/ui/ui_requirements.py,Other,51,#AEB6BF
./src/ui/ui_results.py,Other,188,#AEB6BF
./src/ui/ui_run_comparison.py,Other,117,#AEB6BF
./src/ui/ui_run_results.py,Other,1350,#AEB6BF
./src/ui/ui_saved_packages.py,Other,370,#AEB6BF
./src/ui/ui_sidebar.py,Other,220,#AEB6BF
./src/ui_pipeline.py,interface,455,#FF6B6B
./src/url_inference.py,refinement,130,#FFEAA7
./src/url_resolver.py,refinement,337,#FFEAA7
./src/url_utils.py,utility,145,#98D8C8
./src/user_story_parser.py,intelligence,288,#45B7D1
./src/vision_enricher.py,intelligence,307,#45B7D1
./streamlit_app.py,interface,929,#FF6B6B
./tests/__init__.py,Other,1,#AEB6BF
./tests/adversarial/__init__.py,Other,0,#AEB6BF
./tests/adversarial/test_overlay_and_error_pages.py,Other,148,#AEB6BF
./tests/cli/test_orchestrator.py,Other,394,#AEB6BF
./tests/conftest.py,Other,61,#AEB6BF
./tests/contract/__init__.py,Other,0,#AEB6BF
./tests/contract/test_mock_contracts.py,Other,181,#AEB6BF
./tests/integration/test_pipeline_end_to_end.py,Other,309,#AEB6BF
./tests/integration/test_pom_mode_end_to_end.py,Other,176,#AEB6BF
./tests/resilience/__init__.py,Other,0,#AEB6BF
./tests/resilience/test_persistence_resilience.py,Other,153,#AEB6BF
./tests/resolver_test_helpers.py,Other,58,#AEB6BF
./tests/test_accessibility_enricher.py,Other,182,#AEB6BF
./tests/test_agents_contracts.py,Other,238,#AEB6BF
./tests/test_agents_generator.py,Other,101,#AEB6BF
./tests/test_agents_graph.py,Other,133,#AEB6BF
./tests/test_agents_planner.py,Other,60,#AEB6BF
./tests/test_agents_state.py,Other,55,#AEB6BF
./tests/test_agents_validator.py,Other,108,#AEB6BF
./tests/test_ai037_resolver_fixes.py,Other,134,#AEB6BF
./tests/test_aria_parser.py,Other,258,#AEB6BF
./tests/test_artifact_validation.py,Other,274,#AEB6BF
./tests/test_assertion_polarity.py,Other,206,#AEB6BF
./tests/test_b014_assert_resolution.py,Other,293,#AEB6BF
./tests/test_b016_role_filtering.py,Other,414,#AEB6BF
./tests/test_browser_utils.py,Other,263,#AEB6BF
./tests/test_bug_evidence_generator.py,Other,272,#AEB6BF
./tests/test_cli_configure_llm.py,Other,46,#AEB6BF
./tests/test_cli_e2e.py,Other,87,#AEB6BF
./tests/test_cli_input_parser.py,Other,156,#AEB6BF
./tests/test_cli_journey_builder_fix.py,Other,75,#AEB6BF
./tests/test_cli_menu_interactive_mock.py,Other,41,#AEB6BF
./tests/test_cli_menu_renderer.py,Other,71,#AEB6BF
./tests/test_cli_pipeline_runner.py,Other,566,#AEB6BF
./tests/test_cli_report_generator.py,Other,72,#AEB6BF
./tests/test_cli_run_results_display.py,Other,406,#AEB6BF
./tests/test_cli_saved_package_diagnostics.py,Other,182,#AEB6BF
./tests/test_cli_smoke.py,Other,32,#AEB6BF
./tests/test_cli_test_orchestrator.py,Other,91,#AEB6BF
./tests/test_code_normalizer.py,Other,184,#AEB6BF
./tests/test_code_postprocessor_llm_reasoning.py,Other,589,#AEB6BF
./tests/test_code_postprocessor_pom_export.py,Other,419,#AEB6BF
./tests/test_code_validator.py,Other,443,#AEB6BF
./tests/test_compare_model_baselines.py,Other,232,#AEB6BF
./tests/test_coverage_utils.py,Other,332,#AEB6BF
./tests/test_dialog_action_scoping.py,Other,210,#AEB6BF
./tests/test_director_persona_routing.py,Other,363,#AEB6BF
./tests/test_document_eval_validation.py,Other,268,#AEB6BF
./tests/test_e2e_placeholder_quoting.py,Other,128,#AEB6BF
./tests/test_e2e_placeholder_resolution_valid_python.py,Other,173,#AEB6BF
./tests/test_eval_goto_flow.py,Other,149,#AEB6BF
./tests/test_evidence_export.py,Other,401,#AEB6BF
./tests/test_evidence_index.py,Other,493,#AEB6BF
./tests/test_evidence_loader.py,Other,222,#AEB6BF
./tests/test_evidence_tracker.py,Other,474,#AEB6BF
./tests/test_failure_classifier.py,Other,157,#AEB6BF
./tests/test_failure_reporter.py,Other,250,#AEB6BF
./tests/test_flow_memory.py,Other,853,#AEB6BF
./tests/test_gantt_utils.py,Other,73,#AEB6BF
./tests/test_global_best_resolution.py,Other,201,#AEB6BF
./tests/test_heatmap_alignment.py,Other,377,#AEB6BF
./tests/test_heatmap_alignment_live.py,Other,161,#AEB6BF
./tests/test_heatmap_utils.py,Other,226,#AEB6BF
./tests/test_ingestion_document_mode.py,Other,331,#AEB6BF
./tests/test_is_run_result.py,Other,32,#AEB6BF
./tests/test_journey_scraper.py,Other,597,#AEB6BF
./tests/test_journey_scraper_silent_failure_fix.py,Other,224,#AEB6BF
./tests/test_journey_selector_propagation.py,Other,113,#AEB6BF
./tests/test_llm_client.py,Other,341,#AEB6BF
./tests/test_llm_errors.py,Other,26,#AEB6BF
./tests/test_locator_repair.py,Other,306,#AEB6BF
./tests/test_locator_scorer.py,Other,208,#AEB6BF
./tests/test_no_live_network_in_default_suite.py,Other,165,#AEB6BF
./tests/test_normalise_code_newlines.py,Other,68,#AEB6BF
./tests/test_ocr_backends.py,Other,300,#AEB6BF
./tests/test_openai_compatible_providers.py,Other,165,#AEB6BF
./tests/test_orchestrator.py,Other,1027,#AEB6BF
./tests/test_orchestrator_dynamic_scrape.py,Other,43,#AEB6BF
./tests/test_orchestrator_pom_injection.py,Other,143,#AEB6BF
./tests/test_orchestrator_pom_mode.py,Other,92,#AEB6BF
./tests/test_page_object_builder.py,Other,324,#AEB6BF
./tests/test_page_requirements_scoping.py,Other,35,#AEB6BF
./tests/test_page_state_assertions.py,Other,123,#AEB6BF
./tests/test_pdf_ingest.py,Other,417,#AEB6BF
./tests/test_phase4_export.py,Other,592,#AEB6BF
./tests/test_pipeline_artifact_manager.py,Other,516,#AEB6BF
./tests/test_pipeline_graph.py,Other,215,#AEB6BF
./tests/test_pipeline_graph_document_mode.py,Other,315,#AEB6BF
./tests/test_pipeline_models.py,Other,63,#AEB6BF
./tests/test_pipeline_output_validation.py,Other,189,#AEB6BF
./tests/test_pipeline_report_service.py,Other,43,#AEB6BF
./tests/test_pipeline_run_service.py,Other,96,#AEB6BF
./tests/test_pipeline_writer.py,Other,234,#AEB6BF
./tests/test_placeholder_orchestrator_pom_mode.py,Other,429,#AEB6BF
./tests/test_placeholder_resolution_guardrails.py,Other,253,#AEB6BF
./tests/test_placeholder_resolver.py,Other,980,#AEB6BF
./tests/test_placeholder_resolver_text_validation.py,Other,358,#AEB6BF
./tests/test_placeholder_scorers.py,Other,871,#AEB6BF
./tests/test_pom_helpers.py,Other,116,#AEB6BF
./tests/test_prerequisite_injector.py,Other,622,#AEB6BF
./tests/test_prompt_builder.py,Other,206,#AEB6BF
./tests/test_prompt_utils.py,Other,116,#AEB6BF
./tests/test_provider_config.py,Other,67,#AEB6BF
./tests/test_pytest_output_parser.py,Other,512,#AEB6BF
./tests/test_rag_bundled.py,Other,169,#AEB6BF
./tests/test_rag_ingest.py,Other,253,#AEB6BF
./tests/test_rag_learn.py,Other,505,#AEB6BF
./tests/test_rag_retriever.py,Other,378,#AEB6BF
./tests/test_rag_store.py,Other,774,#AEB6BF
./tests/test_report_utils.py,Other,404,#AEB6BF
./tests/test_retro_ui.py,Other,254,#AEB6BF
./tests/test_run_history_chart.py,Other,362,#AEB6BF
./tests/test_run_history_cli.py,Other,205,#AEB6BF
./tests/test_run_result_persistence.py,Other,653,#AEB6BF
./tests/test_run_utils.py,Other,65,#AEB6BF
./tests/test_scraper.py,Other,173,#AEB6BF
./tests/test_scraper_ai037.py,Other,82,#AEB6BF
./tests/test_scraper_screenshot.py,Other,78,#AEB6BF
./tests/test_script_hooks.py,Other,41,#AEB6BF
./tests/test_section_scoper.py,Other,371,#AEB6BF
./tests/test_secure_config.py,Other,215,#AEB6BF
./tests/test_self_healing.py,Other,1216,#AEB6BF
./tests/test_self_healing_timeout.py,Other,97,#AEB6BF
./tests/test_semantic_candidate_ranker.py,Other,63,#AEB6BF
./tests/test_settings_store.py,Other,218,#AEB6BF
./tests/test_skeleton_parser.py,Other,238,#AEB6BF
./tests/test_skeleton_prompt_template.py,Other,128,#AEB6BF
./tests/test_skeleton_validator.py,Other,133,#AEB6BF
./tests/test_skip_repair_pipeline.py,Other,428,#AEB6BF
./tests/test_skip_repair_setup.py,Other,38,#AEB6BF
./tests/test_spec_analyzer.py,Other,304,#AEB6BF
./tests/test_sqlite_persistence.py,Other,616,#AEB6BF
./tests/test_stateful_scrape_switch.py,Other,77,#AEB6BF
./tests/test_stateful_scraper.py,Other,106,#AEB6BF
./tests/test_storage.py,Other,261,#AEB6BF
./tests/test_streamlit_layout.py,Other,161,#AEB6BF
./tests/test_streamlit_pipeline_flow.py,Other,155,#AEB6BF
./tests/test_streamlit_session_state.py,Other,69,#AEB6BF
./tests/test_streamlit_widgets.py,Other,236,#AEB6BF
./tests/test_terminal_adapter_injection.py,Other,27,#AEB6BF
./tests/test_test_plan.py,Other,142,#AEB6BF
./tests/test_test_structure_assembler.py,Other,144,#AEB6BF
./tests/test_test_table.py,Other,440,#AEB6BF
./tests/test_uat_script.py,Other,58,#AEB6BF
./tests/test_ui_pipeline_test_table.py,Other,137,#AEB6BF
./tests/test_ui_provider_config.py,Other,27,#AEB6BF
./tests/test_ui_run_comparison.py,Other,83,#AEB6BF
./tests/test_ui_saved_packages.py,Other,58,#AEB6BF
./tests/test_ui_sidebar.py,Other,77,#AEB6BF
./tests/test_url_inference.py,Other,152,#AEB6BF
./tests/test_url_resolver.py,Other,320,#AEB6BF
./tests/test_url_utils.py,Other,70,#AEB6BF
./tests/test_user_story_parser.py,Other,431,#AEB6BF
./tests/test_vision_enriched_scoring.py,Other,182,#AEB6BF
./tests/test_vision_enricher.py,Other,407,#AEB6BF
./tests/test_vision_enricher_integration.py,Other,168,#AEB6BF
./training_data/model_baseline_qwen36_27b_ud_q4_k_xl.json,Other,442,#AEB6BF
./training_data/playwright_resolution_alpaca.jsonl,Other,90,#AEB6BF
./training_data/playwright_resolved_alpaca.jsonl,Other,96,#AEB6BF
./training_data/playwright_skeleton_alpaca.jsonl,Other,158,#AEB6BF
./training_data/synthetic_skeletons_alpaca.jsonl,Other,58,#AEB6BF
./training_data/synthetic_stories.jsonl,Other,35,#AEB6BF
